{
  "type": "FeatureCollection",
  "features": [
    {
      "type": "Feature",
      "geometry": {
        "type": "LineString",
        "coordinates": [
          [
            -42.7645,
            -9.0105
          ],
          [
            -42.7635,
            -9.0115
          ],
          [
            -42.7625,
            -9.0105
          ],
          [
            -42.7615,
            -9.0115
          ],
          [
            -42.7605,
            -9.0115
          ],
          [
            -42.7595,
            -9.0125
          ],
          [
            -42.7585,
            -9.0135
          ],
          [
            -42.7575,
            -9.0125
          ],
          [
            -42.7565,
            -9.0115
          ],
          [
            -42.7555,
            -9.0105
          ],
          [
            -42.7545,
            -9.0115
          ]
        ]
      },
      "properties": {
        "id": "hidro_1",
        "tipo": "Talvegue",
        "bacia": "Bacia Hidrogr\u00e1fica do Rio S\u00e3o Francisco"
      }
    },
    {
      "type": "Feature",
      "geometry": {
        "type": "LineString",
        "coordinates": [
          [
            -41.7645,
            -9.0105
          ],
          [
            -41.7635,
            -9.0095
          ],
          [
            -41.7635,
            -9.0085
          ],
          [
            -41.7625,
            -9.0075
          ],
          [
            -41.7625,
            -9.0065
          ],
          [
            -41.7625,
            -9.0055
          ],
          [
            -41.7625,
            -9.0045
          ],
          [
            -41.7635,
            -9.0035
          ]
        ]
      },
      "properties": {
        "id": "hidro_31",
        "tipo": "Talvegue",
        "bacia": "Bacia Hidrogr\u00e1fica do Rio S\u00e3o Francisco"
      }
    },
    {
      "type": "Feature",
      "geometry": {
        "type": "LineString",
        "coordinates": [
          [
            -40.6645,
            -9.0105
          ],
          [
            -40.6645,
            -9.0115
          ],
          [
            -40.6635,
            -9.0125
          ],
          [
            -40.6625,
            -9.0135
          ],
          [
            -40.6615,
            -9.0145
          ],
          [
            -40.6605,
            -9.0145
          ],
          [
            -40.6595,
            -9.0155
          ],
          [
            -40.6585,
            -9.0155
          ],
          [
            -40.6575,
            -9.0155
          ],
          [
            -40.6565,
            -9.0155
          ],
          [
            -40.6555,
            -9.0165
          ],
          [
            -40.6545,
            -9.0155
          ],
          [
            -40.6535,
            -9.0155
          ],
          [
            -40.6525,
            -9.0155
          ],
          [
            -40.6515,
            -9.0155
          ],
          [
            -40.6505,
            -9.0155
          ],
          [
            -40.6495,
            -9.0155
          ],
          [
            -40.6485,
            -9.0165
          ],
          [
            -40.6475,
            -9.0155
          ],
          [
            -40.6465,
            -9.0155
          ],
          [
            -40.6455,
            -9.0165
          ],
          [
            -40.6445,
            -9.0175
          ],
          [
            -40.6435,
            -9.0175
          ],
          [
            -40.6425,
            -9.0185
          ],
          [
            -40.6415,
            -9.0195
          ]
        ]
      },
      "properties": {
        "id": "hidro_61",
        "tipo": "Drenagem Regional",
        "bacia": "Bacia Hidrogr\u00e1fica do Rio S\u00e3o Francisco"
      }
    },
    {
      "type": "Feature",
      "geometry": {
        "type": "LineString",
        "coordinates": [
          [
            -39.5645,
            -9.0105
          ],
          [
            -39.5655,
            -9.0105
          ],
          [
            -39.5665,
            -9.0105
          ],
          [
            -39.5675,
            -9.0095
          ],
          [
            -39.5685,
            -9.0085
          ],
          [
            -39.5685,
            -9.0075
          ],
          [
            -39.5695,
            -9.0065
          ],
          [
            -39.5695,
            -9.0055
          ],
          [
            -39.5705,
            -9.0045
          ],
          [
            -39.5715,
            -9.0035
          ],
          [
            -39.5725,
            -9.0025
          ]
        ]
      },
      "properties": {
        "id": "hidro_91",
        "tipo": "Talvegue",
        "bacia": "Bacia Hidrogr\u00e1fica do Rio S\u00e3o Francisco"
      }
    },
    {
      "type": "Feature",
      "geometry": {
        "type": "LineString",
        "coordinates": [
          [
            -41.6395,
            -9.0355
          ],
          [
            -41.6385,
            -9.0345
          ],
          [
            -41.6385,
            -9.0335
          ],
          [
            -41.6375,
            -9.0325
          ],
          [
            -41.6365,
            -9.0315
          ],
          [
            -41.6355,
            -9.0325
          ]
        ]
      },
      "properties": {
        "id": "hidro_121",
        "tipo": "Talvegue",
        "bacia": "Bacia Hidrogr\u00e1fica do Rio S\u00e3o Francisco"
      }
    },
    {
      "type": "Feature",
      "geometry": {
        "type": "LineString",
        "coordinates": [
          [
            -40.6645,
            -9.0355
          ],
          [
            -40.6635,
            -9.0365
          ],
          [
            -40.6645,
            -9.0375
          ],
          [
            -40.6645,
            -9.0385
          ],
          [
            -40.6635,
            -9.0395
          ],
          [
            -40.6625,
            -9.0395
          ],
          [
            -40.6615,
            -9.0405
          ],
          [
            -40.6605,
            -9.0415
          ],
          [
            -40.6595,
            -9.0425
          ],
          [
            -40.6585,
            -9.0425
          ],
          [
            -40.6575,
            -9.0435
          ],
          [
            -40.6575,
            -9.0445
          ],
          [
            -40.6565,
            -9.0455
          ],
          [
            -40.6555,
            -9.0465
          ],
          [
            -40.6545,
            -9.0475
          ],
          [
            -40.6545,
            -9.0485
          ],
          [
            -40.6535,
            -9.0495
          ]
        ]
      },
      "properties": {
        "id": "hidro_151",
        "tipo": "Drenagem Regional",
        "bacia": "Bacia Hidrogr\u00e1fica do Rio S\u00e3o Francisco"
      }
    },
    {
      "type": "Feature",
      "geometry": {
        "type": "LineString",
        "coordinates": [
          [
            -39.6895,
            -9.0355
          ],
          [
            -39.6885,
            -9.0355
          ],
          [
            -39.6875,
            -9.0355
          ],
          [
            -39.6865,
            -9.0355
          ],
          [
            -39.6855,
            -9.0355
          ],
          [
            -39.6845,
            -9.0365
          ],
          [
            -39.6835,
            -9.0375
          ],
          [
            -39.6825,
            -9.0375
          ],
          [
            -39.6815,
            -9.0375
          ],
          [
            -39.6805,
            -9.0365
          ],
          [
            -39.6805,
            -9.0355
          ],
          [
            -39.6795,
            -9.0345
          ],
          [
            -39.6785,
            -9.0335
          ],
          [
            -39.6775,
            -9.0325
          ],
          [
            -39.6765,
            -9.0315
          ],
          [
            -39.6755,
            -9.0315
          ],
          [
            -39.6745,
            -9.0325
          ],
          [
            -39.6735,
            -9.0315
          ],
          [
            -39.6725,
            -9.0305
          ],
          [
            -39.6715,
            -9.0295
          ],
          [
            -39.6715,
            -9.0285
          ],
          [
            -39.6705,
            -9.0275
          ],
          [
            -39.6715,
            -9.0265
          ],
          [
            -39.6715,
            -9.0255
          ],
          [
            -39.6705,
            -9.0245
          ]
        ]
      },
      "properties": {
        "id": "hidro_181",
        "tipo": "Drenagem Regional",
        "bacia": "Bacia Hidrogr\u00e1fica do Rio S\u00e3o Francisco"
      }
    },
    {
      "type": "Feature",
      "geometry": {
        "type": "LineString",
        "coordinates": [
          [
            -41.7145,
            -9.0605
          ],
          [
            -41.7135,
            -9.0615
          ],
          [
            -41.7125,
            -9.0625
          ],
          [
            -41.7115,
            -9.0635
          ],
          [
            -41.7125,
            -9.0645
          ],
          [
            -41.7125,
            -9.0655
          ],
          [
            -41.7115,
            -9.0665
          ],
          [
            -41.7125,
            -9.0675
          ],
          [
            -41.7125,
            -9.0685
          ],
          [
            -41.7115,
            -9.0695
          ],
          [
            -41.7105,
            -9.0705
          ],
          [
            -41.7105,
            -9.0715
          ],
          [
            -41.7095,
            -9.0725
          ],
          [
            -41.7085,
            -9.0735
          ],
          [
            -41.7075,
            -9.0735
          ],
          [
            -41.7065,
            -9.0745
          ]
        ]
      },
      "properties": {
        "id": "hidro_211",
        "tipo": "Drenagem Regional",
        "bacia": "Bacia Hidrogr\u00e1fica do Rio S\u00e3o Francisco"
      }
    },
    {
      "type": "Feature",
      "geometry": {
        "type": "LineString",
        "coordinates": [
          [
            -40.7645,
            -9.0605
          ],
          [
            -40.7655,
            -9.0595
          ],
          [
            -40.7645,
            -9.0585
          ],
          [
            -40.7635,
            -9.0575
          ],
          [
            -40.7635,
            -9.0565
          ],
          [
            -40.7635,
            -9.0555
          ],
          [
            -40.7625,
            -9.0545
          ],
          [
            -40.7615,
            -9.0535
          ],
          [
            -40.7605,
            -9.0525
          ],
          [
            -40.7605,
            -9.0515
          ],
          [
            -40.7595,
            -9.0505
          ],
          [
            -40.7585,
            -9.0495
          ],
          [
            -40.7575,
            -9.0485
          ],
          [
            -40.7565,
            -9.0495
          ]
        ]
      },
      "properties": {
        "id": "hidro_241",
        "tipo": "Talvegue",
        "bacia": "Bacia Hidrogr\u00e1fica do Rio S\u00e3o Francisco"
      }
    },
    {
      "type": "Feature",
      "geometry": {
        "type": "LineString",
        "coordinates": [
          [
            -39.7395,
            -9.0605
          ],
          [
            -39.7405,
            -9.0615
          ],
          [
            -39.7415,
            -9.0625
          ],
          [
            -39.7425,
            -9.0635
          ],
          [
            -39.7435,
            -9.0645
          ],
          [
            -39.7445,
            -9.0635
          ],
          [
            -39.7455,
            -9.0635
          ],
          [
            -39.7465,
            -9.0625
          ],
          [
            -39.7475,
            -9.0625
          ],
          [
            -39.7485,
            -9.0615
          ],
          [
            -39.7495,
            -9.0605
          ],
          [
            -39.7495,
            -9.0595
          ],
          [
            -39.7485,
            -9.0605
          ]
        ]
      },
      "properties": {
        "id": "hidro_271",
        "tipo": "Talvegue",
        "bacia": "Bacia Hidrogr\u00e1fica do Rio S\u00e3o Francisco"
      }
    },
    {
      "type": "Feature",
      "geometry": {
        "type": "LineString",
        "coordinates": [
          [
            -41.9645,
            -9.0855
          ],
          [
            -41.9635,
            -9.0855
          ],
          [
            -41.9625,
            -9.0845
          ],
          [
            -41.9625,
            -9.0835
          ],
          [
            -41.9615,
            -9.0825
          ],
          [
            -41.9605,
            -9.0815
          ],
          [
            -41.9605,
            -9.0805
          ],
          [
            -41.9595,
            -9.0795
          ],
          [
            -41.9585,
            -9.0795
          ],
          [
            -41.9575,
            -9.0805
          ]
        ]
      },
      "properties": {
        "id": "hidro_301",
        "tipo": "Talvegue",
        "bacia": "Bacia Hidrogr\u00e1fica do Rio S\u00e3o Francisco"
      }
    },
    {
      "type": "Feature",
      "geometry": {
        "type": "LineString",
        "coordinates": [
          [
            -40.8895,
            -9.0855
          ],
          [
            -40.8905,
            -9.0845
          ],
          [
            -40.8915,
            -9.0845
          ],
          [
            -40.8925,
            -9.0855
          ],
          [
            -40.8935,
            -9.0855
          ],
          [
            -40.8925,
            -9.0865
          ]
        ]
      },
      "properties": {
        "id": "hidro_331",
        "tipo": "Talvegue",
        "bacia": "Bacia Hidrogr\u00e1fica do Rio S\u00e3o Francisco"
      }
    },
    {
      "type": "Feature",
      "geometry": {
        "type": "LineString",
        "coordinates": [
          [
            -40.1145,
            -9.0855
          ],
          [
            -40.1135,
            -9.0855
          ],
          [
            -40.1125,
            -9.0855
          ],
          [
            -40.1115,
            -9.0855
          ],
          [
            -40.1105,
            -9.0855
          ],
          [
            -40.1095,
            -9.0855
          ],
          [
            -40.1085,
            -9.0865
          ]
        ]
      },
      "properties": {
        "id": "hidro_361",
        "tipo": "Talvegue",
        "bacia": "Bacia Hidrogr\u00e1fica do Rio S\u00e3o Francisco"
      }
    },
    {
      "type": "Feature",
      "geometry": {
        "type": "LineString",
        "coordinates": [
          [
            -42.4395,
            -9.1105
          ],
          [
            -42.4405,
            -9.1095
          ],
          [
            -42.4415,
            -9.1095
          ],
          [
            -42.4425,
            -9.1095
          ],
          [
            -42.4435,
            -9.1095
          ],
          [
            -42.4445,
            -9.1095
          ],
          [
            -42.4455,
            -9.1085
          ],
          [
            -42.4465,
            -9.1085
          ],
          [
            -42.4475,
            -9.1075
          ],
          [
            -42.4485,
            -9.1065
          ],
          [
            -42.4485,
            -9.1055
          ],
          [
            -42.4495,
            -9.1045
          ],
          [
            -42.4495,
            -9.1035
          ],
          [
            -42.4505,
            -9.1025
          ],
          [
            -42.4505,
            -9.1015
          ],
          [
            -42.4515,
            -9.1005
          ],
          [
            -42.4515,
            -9.0995
          ],
          [
            -42.4505,
            -9.1005
          ]
        ]
      },
      "properties": {
        "id": "hidro_391",
        "tipo": "Drenagem Regional",
        "bacia": "Bacia Hidrogr\u00e1fica do Rio S\u00e3o Francisco"
      }
    },
    {
      "type": "Feature",
      "geometry": {
        "type": "LineString",
        "coordinates": [
          [
            -41.5645,
            -9.1105
          ],
          [
            -41.5635,
            -9.1115
          ],
          [
            -41.5625,
            -9.1125
          ],
          [
            -41.5625,
            -9.1135
          ],
          [
            -41.5625,
            -9.1145
          ],
          [
            -41.5635,
            -9.1155
          ],
          [
            -41.5625,
            -9.1165
          ]
        ]
      },
      "properties": {
        "id": "hidro_421",
        "tipo": "Talvegue",
        "bacia": "Bacia Hidrogr\u00e1fica do Rio S\u00e3o Francisco"
      }
    },
    {
      "type": "Feature",
      "geometry": {
        "type": "LineString",
        "coordinates": [
          [
            -40.5395,
            -9.1105
          ],
          [
            -40.5395,
            -9.1095
          ],
          [
            -40.5405,
            -9.1085
          ],
          [
            -40.5415,
            -9.1075
          ],
          [
            -40.5425,
            -9.1075
          ],
          [
            -40.5435,
            -9.1075
          ],
          [
            -40.5445,
            -9.1065
          ],
          [
            -40.5455,
            -9.1055
          ],
          [
            -40.5465,
            -9.1055
          ],
          [
            -40.5475,
            -9.1045
          ],
          [
            -40.5485,
            -9.1035
          ],
          [
            -40.5495,
            -9.1025
          ],
          [
            -40.5505,
            -9.1015
          ],
          [
            -40.5515,
            -9.1015
          ],
          [
            -40.5525,
            -9.1005
          ]
        ]
      },
      "properties": {
        "id": "hidro_451",
        "tipo": "Talvegue",
        "bacia": "Bacia Hidrogr\u00e1fica do Rio S\u00e3o Francisco"
      }
    },
    {
      "type": "Feature",
      "geometry": {
        "type": "LineString",
        "coordinates": [
          [
            -39.6395,
            -9.1105
          ],
          [
            -39.6405,
            -9.1115
          ],
          [
            -39.6415,
            -9.1125
          ],
          [
            -39.6425,
            -9.1125
          ],
          [
            -39.6435,
            -9.1135
          ],
          [
            -39.6445,
            -9.1135
          ],
          [
            -39.6455,
            -9.1135
          ],
          [
            -39.6465,
            -9.1135
          ],
          [
            -39.6475,
            -9.1135
          ],
          [
            -39.6485,
            -9.1135
          ],
          [
            -39.6495,
            -9.1135
          ],
          [
            -39.6505,
            -9.1145
          ],
          [
            -39.6515,
            -9.1145
          ],
          [
            -39.6525,
            -9.1145
          ],
          [
            -39.6535,
            -9.1145
          ],
          [
            -39.6545,
            -9.1145
          ],
          [
            -39.6555,
            -9.1145
          ],
          [
            -39.6565,
            -9.1145
          ],
          [
            -39.6575,
            -9.1145
          ],
          [
            -39.6585,
            -9.1145
          ],
          [
            -39.6595,
            -9.1155
          ],
          [
            -39.6585,
            -9.1165
          ],
          [
            -39.6595,
            -9.1175
          ],
          [
            -39.6605,
            -9.1185
          ],
          [
            -39.6615,
            -9.1195
          ]
        ]
      },
      "properties": {
        "id": "hidro_481",
        "tipo": "Drenagem Regional",
        "bacia": "Bacia Hidrogr\u00e1fica do Rio S\u00e3o Francisco"
      }
    },
    {
      "type": "Feature",
      "geometry": {
        "type": "LineString",
        "coordinates": [
          [
            -42.0645,
            -9.1355
          ],
          [
            -42.0635,
            -9.1355
          ],
          [
            -42.0625,
            -9.1345
          ],
          [
            -42.0615,
            -9.1345
          ],
          [
            -42.0605,
            -9.1335
          ],
          [
            -42.0605,
            -9.1325
          ],
          [
            -42.0595,
            -9.1315
          ],
          [
            -42.0605,
            -9.1305
          ],
          [
            -42.0615,
            -9.1295
          ],
          [
            -42.0625,
            -9.1285
          ],
          [
            -42.0625,
            -9.1275
          ],
          [
            -42.0625,
            -9.1265
          ],
          [
            -42.0625,
            -9.1255
          ],
          [
            -42.0615,
            -9.1265
          ]
        ]
      },
      "properties": {
        "id": "hidro_511",
        "tipo": "Talvegue",
        "bacia": "Bacia Hidrogr\u00e1fica do Rio S\u00e3o Francisco"
      }
    },
    {
      "type": "Feature",
      "geometry": {
        "type": "LineString",
        "coordinates": [
          [
            -41.1395,
            -9.1355
          ],
          [
            -41.1405,
            -9.1355
          ],
          [
            -41.1415,
            -9.1355
          ],
          [
            -41.1425,
            -9.1355
          ],
          [
            -41.1435,
            -9.1355
          ],
          [
            -41.1425,
            -9.1365
          ]
        ]
      },
      "properties": {
        "id": "hidro_541",
        "tipo": "Talvegue",
        "bacia": "Bacia Hidrogr\u00e1fica do Rio S\u00e3o Francisco"
      }
    },
    {
      "type": "Feature",
      "geometry": {
        "type": "LineString",
        "coordinates": [
          [
            -40.2645,
            -9.1355
          ],
          [
            -40.2635,
            -9.1355
          ],
          [
            -40.2625,
            -9.1355
          ],
          [
            -40.2615,
            -9.1355
          ],
          [
            -40.2605,
            -9.1355
          ],
          [
            -40.2595,
            -9.1365
          ],
          [
            -40.2585,
            -9.1375
          ],
          [
            -40.2585,
            -9.1385
          ],
          [
            -40.2595,
            -9.1395
          ],
          [
            -40.2595,
            -9.1405
          ],
          [
            -40.2605,
            -9.1415
          ],
          [
            -40.2615,
            -9.1425
          ],
          [
            -40.2625,
            -9.1425
          ],
          [
            -40.2635,
            -9.1435
          ],
          [
            -40.2645,
            -9.1435
          ],
          [
            -40.2655,
            -9.1435
          ],
          [
            -40.2665,
            -9.1435
          ],
          [
            -40.2675,
            -9.1425
          ],
          [
            -40.2685,
            -9.1415
          ],
          [
            -40.2685,
            -9.1405
          ],
          [
            -40.2675,
            -9.1415
          ]
        ]
      },
      "properties": {
        "id": "hidro_571",
        "tipo": "Drenagem Regional",
        "bacia": "Bacia Hidrogr\u00e1fica do Rio S\u00e3o Francisco"
      }
    },
    {
      "type": "Feature",
      "geometry": {
        "type": "LineString",
        "coordinates": [
          [
            -42.7645,
            -9.1605
          ],
          [
            -42.7655,
            -9.1595
          ],
          [
            -42.7645,
            -9.1585
          ],
          [
            -42.7645,
            -9.1575
          ],
          [
            -42.7645,
            -9.1565
          ],
          [
            -42.7645,
            -9.1555
          ],
          [
            -42.7645,
            -9.1545
          ],
          [
            -42.7635,
            -9.1555
          ],
          [
            -42.7625,
            -9.1545
          ],
          [
            -42.7615,
            -9.1535
          ],
          [
            -42.7605,
            -9.1525
          ],
          [
            -42.7595,
            -9.1525
          ],
          [
            -42.7585,
            -9.1525
          ],
          [
            -42.7575,
            -9.1525
          ],
          [
            -42.7565,
            -9.1535
          ]
        ]
      },
      "properties": {
        "id": "hidro_601",
        "tipo": "Talvegue",
        "bacia": "Bacia Hidrogr\u00e1fica do Rio S\u00e3o Francisco"
      }
    },
    {
      "type": "Feature",
      "geometry": {
        "type": "LineString",
        "coordinates": [
          [
            -41.7395,
            -9.1605
          ],
          [
            -41.7405,
            -9.1595
          ],
          [
            -41.7415,
            -9.1605
          ],
          [
            -41.7425,
            -9.1615
          ],
          [
            -41.7435,
            -9.1625
          ],
          [
            -41.7445,
            -9.1635
          ],
          [
            -41.7455,
            -9.1645
          ],
          [
            -41.7465,
            -9.1645
          ],
          [
            -41.7475,
            -9.1655
          ],
          [
            -41.7465,
            -9.1665
          ],
          [
            -41.7475,
            -9.1675
          ],
          [
            -41.7485,
            -9.1685
          ],
          [
            -41.7485,
            -9.1695
          ],
          [
            -41.7495,
            -9.1705
          ],
          [
            -41.7505,
            -9.1705
          ],
          [
            -41.7515,
            -9.1715
          ],
          [
            -41.7525,
            -9.1715
          ],
          [
            -41.7535,
            -9.1725
          ],
          [
            -41.7535,
            -9.1735
          ],
          [
            -41.7535,
            -9.1745
          ],
          [
            -41.7535,
            -9.1755
          ],
          [
            -41.7525,
            -9.1765
          ],
          [
            -41.7535,
            -9.1775
          ],
          [
            -41.7535,
            -9.1785
          ],
          [
            -41.7545,
            -9.1795
          ]
        ]
      },
      "properties": {
        "id": "hidro_631",
        "tipo": "Drenagem Regional",
        "bacia": "Bacia Hidrogr\u00e1fica do Rio S\u00e3o Francisco"
      }
    },
    {
      "type": "Feature",
      "geometry": {
        "type": "LineString",
        "coordinates": [
          [
            -40.8645,
            -9.1605
          ],
          [
            -40.8655,
            -9.1615
          ],
          [
            -40.8665,
            -9.1625
          ],
          [
            -40.8675,
            -9.1635
          ],
          [
            -40.8685,
            -9.1645
          ],
          [
            -40.8695,
            -9.1655
          ],
          [
            -40.8705,
            -9.1655
          ],
          [
            -40.8715,
            -9.1645
          ],
          [
            -40.8725,
            -9.1635
          ]
        ]
      },
      "properties": {
        "id": "hidro_661",
        "tipo": "Talvegue",
        "bacia": "Bacia Hidrogr\u00e1fica do Rio S\u00e3o Francisco"
      }
    },
    {
      "type": "Feature",
      "geometry": {
        "type": "LineString",
        "coordinates": [
          [
            -40.0645,
            -9.1605
          ],
          [
            -40.0635,
            -9.1615
          ],
          [
            -40.0625,
            -9.1625
          ],
          [
            -40.0615,
            -9.1625
          ],
          [
            -40.0605,
            -9.1615
          ],
          [
            -40.0595,
            -9.1605
          ],
          [
            -40.0595,
            -9.1595
          ],
          [
            -40.0585,
            -9.1585
          ],
          [
            -40.0575,
            -9.1595
          ],
          [
            -40.0575,
            -9.1605
          ],
          [
            -40.0565,
            -9.1615
          ]
        ]
      },
      "properties": {
        "id": "hidro_691",
        "tipo": "Talvegue",
        "bacia": "Bacia Hidrogr\u00e1fica do Rio S\u00e3o Francisco"
      }
    },
    {
      "type": "Feature",
      "geometry": {
        "type": "LineString",
        "coordinates": [
          [
            -42.3395,
            -9.1855
          ],
          [
            -42.3405,
            -9.1855
          ],
          [
            -42.3415,
            -9.1855
          ],
          [
            -42.3425,
            -9.1855
          ],
          [
            -42.3435,
            -9.1855
          ],
          [
            -42.3445,
            -9.1855
          ],
          [
            -42.3455,
            -9.1855
          ],
          [
            -42.3465,
            -9.1845
          ],
          [
            -42.3475,
            -9.1845
          ],
          [
            -42.3485,
            -9.1845
          ],
          [
            -42.3495,
            -9.1845
          ],
          [
            -42.3505,
            -9.1845
          ],
          [
            -42.3515,
            -9.1835
          ],
          [
            -42.3515,
            -9.1825
          ],
          [
            -42.3525,
            -9.1815
          ],
          [
            -42.3535,
            -9.1805
          ],
          [
            -42.3545,
            -9.1805
          ],
          [
            -42.3555,
            -9.1795
          ],
          [
            -42.3555,
            -9.1785
          ],
          [
            -42.3545,
            -9.1775
          ],
          [
            -42.3555,
            -9.1765
          ],
          [
            -42.3555,
            -9.1755
          ],
          [
            -42.3545,
            -9.1745
          ],
          [
            -42.3535,
            -9.1755
          ]
        ]
      },
      "properties": {
        "id": "hidro_721",
        "tipo": "Drenagem Regional",
        "bacia": "Bacia Hidrogr\u00e1fica do Rio S\u00e3o Francisco"
      }
    },
    {
      "type": "Feature",
      "geometry": {
        "type": "LineString",
        "coordinates": [
          [
            -41.3395,
            -9.1855
          ],
          [
            -41.3405,
            -9.1855
          ],
          [
            -41.3415,
            -9.1855
          ],
          [
            -41.3405,
            -9.1865
          ],
          [
            -41.3415,
            -9.1875
          ],
          [
            -41.3425,
            -9.1875
          ],
          [
            -41.3415,
            -9.1885
          ]
        ]
      },
      "properties": {
        "id": "hidro_751",
        "tipo": "Talvegue",
        "bacia": "Bacia Hidrogr\u00e1fica do Rio S\u00e3o Francisco"
      }
    },
    {
      "type": "Feature",
      "geometry": {
        "type": "LineString",
        "coordinates": [
          [
            -40.3645,
            -9.1855
          ],
          [
            -40.3655,
            -9.1845
          ],
          [
            -40.3665,
            -9.1835
          ],
          [
            -40.3665,
            -9.1825
          ],
          [
            -40.3665,
            -9.1815
          ],
          [
            -40.3655,
            -9.1825
          ],
          [
            -40.3645,
            -9.1815
          ],
          [
            -40.3645,
            -9.1805
          ],
          [
            -40.3635,
            -9.1815
          ]
        ]
      },
      "properties": {
        "id": "hidro_781",
        "tipo": "Talvegue",
        "bacia": "Bacia Hidrogr\u00e1fica do Rio S\u00e3o Francisco"
      }
    },
    {
      "type": "Feature",
      "geometry": {
        "type": "LineString",
        "coordinates": [
          [
            -42.7395,
            -9.2105
          ],
          [
            -42.7385,
            -9.2115
          ],
          [
            -42.7375,
            -9.2115
          ],
          [
            -42.7365,
            -9.2115
          ],
          [
            -42.7355,
            -9.2115
          ],
          [
            -42.7345,
            -9.2125
          ],
          [
            -42.7335,
            -9.2135
          ],
          [
            -42.7325,
            -9.2125
          ],
          [
            -42.7315,
            -9.2125
          ],
          [
            -42.7305,
            -9.2115
          ],
          [
            -42.7295,
            -9.2105
          ],
          [
            -42.7285,
            -9.2105
          ],
          [
            -42.7275,
            -9.2105
          ],
          [
            -42.7265,
            -9.2105
          ],
          [
            -42.7255,
            -9.2105
          ],
          [
            -42.7245,
            -9.2115
          ],
          [
            -42.7235,
            -9.2125
          ],
          [
            -42.7225,
            -9.2115
          ],
          [
            -42.7215,
            -9.2125
          ],
          [
            -42.7205,
            -9.2125
          ],
          [
            -42.7195,
            -9.2115
          ],
          [
            -42.7185,
            -9.2105
          ],
          [
            -42.7175,
            -9.2095
          ],
          [
            -42.7165,
            -9.2085
          ],
          [
            -42.7155,
            -9.2095
          ]
        ]
      },
      "properties": {
        "id": "hidro_811",
        "tipo": "Drenagem Regional",
        "bacia": "Bacia Hidrogr\u00e1fica do Rio S\u00e3o Francisco"
      }
    },
    {
      "type": "Feature",
      "geometry": {
        "type": "LineString",
        "coordinates": [
          [
            -41.8645,
            -9.2105
          ],
          [
            -41.8655,
            -9.2115
          ],
          [
            -41.8665,
            -9.2125
          ],
          [
            -41.8675,
            -9.2135
          ],
          [
            -41.8685,
            -9.2135
          ],
          [
            -41.8695,
            -9.2135
          ],
          [
            -41.8705,
            -9.2125
          ],
          [
            -41.8715,
            -9.2125
          ],
          [
            -41.8725,
            -9.2115
          ],
          [
            -41.8735,
            -9.2105
          ],
          [
            -41.8735,
            -9.2095
          ],
          [
            -41.8735,
            -9.2085
          ],
          [
            -41.8735,
            -9.2075
          ],
          [
            -41.8745,
            -9.2065
          ],
          [
            -41.8755,
            -9.2055
          ],
          [
            -41.8765,
            -9.2045
          ],
          [
            -41.8775,
            -9.2045
          ],
          [
            -41.8785,
            -9.2045
          ],
          [
            -41.8795,
            -9.2045
          ],
          [
            -41.8805,
            -9.2045
          ],
          [
            -41.8815,
            -9.2045
          ],
          [
            -41.8825,
            -9.2035
          ],
          [
            -41.8835,
            -9.2035
          ],
          [
            -41.8845,
            -9.2025
          ],
          [
            -41.8855,
            -9.2015
          ]
        ]
      },
      "properties": {
        "id": "hidro_841",
        "tipo": "Drenagem Regional",
        "bacia": "Bacia Hidrogr\u00e1fica do Rio S\u00e3o Francisco"
      }
    },
    {
      "type": "Feature",
      "geometry": {
        "type": "LineString",
        "coordinates": [
          [
            -40.8395,
            -9.2105
          ],
          [
            -40.8405,
            -9.2095
          ],
          [
            -40.8415,
            -9.2085
          ],
          [
            -40.8425,
            -9.2075
          ],
          [
            -40.8435,
            -9.2075
          ],
          [
            -40.8445,
            -9.2075
          ],
          [
            -40.8455,
            -9.2075
          ],
          [
            -40.8465,
            -9.2075
          ],
          [
            -40.8455,
            -9.2085
          ]
        ]
      },
      "properties": {
        "id": "hidro_871",
        "tipo": "Talvegue",
        "bacia": "Bacia Hidrogr\u00e1fica do Rio S\u00e3o Francisco"
      }
    },
    {
      "type": "Feature",
      "geometry": {
        "type": "LineString",
        "coordinates": [
          [
            -40.0145,
            -9.2105
          ],
          [
            -40.0155,
            -9.2095
          ],
          [
            -40.0165,
            -9.2085
          ],
          [
            -40.0175,
            -9.2075
          ],
          [
            -40.0165,
            -9.2065
          ],
          [
            -40.0165,
            -9.2055
          ],
          [
            -40.0165,
            -9.2045
          ],
          [
            -40.0155,
            -9.2055
          ],
          [
            -40.0145,
            -9.2045
          ],
          [
            -40.0135,
            -9.2035
          ],
          [
            -40.0125,
            -9.2025
          ],
          [
            -40.0115,
            -9.2015
          ],
          [
            -40.0105,
            -9.2015
          ],
          [
            -40.0095,
            -9.2005
          ],
          [
            -40.0085,
            -9.1995
          ],
          [
            -40.0075,
            -9.1985
          ],
          [
            -40.0065,
            -9.1975
          ],
          [
            -40.0065,
            -9.1965
          ],
          [
            -40.0065,
            -9.1955
          ],
          [
            -40.0065,
            -9.1945
          ],
          [
            -40.0065,
            -9.1935
          ],
          [
            -40.0065,
            -9.1925
          ],
          [
            -40.0065,
            -9.1915
          ],
          [
            -40.0055,
            -9.1925
          ],
          [
            -40.0045,
            -9.1915
          ]
        ]
      },
      "properties": {
        "id": "hidro_901",
        "tipo": "Drenagem Regional",
        "bacia": "Bacia Hidrogr\u00e1fica do Rio S\u00e3o Francisco"
      }
    },
    {
      "type": "Feature",
      "geometry": {
        "type": "LineString",
        "coordinates": [
          [
            -42.3395,
            -9.2355
          ],
          [
            -42.3385,
            -9.2345
          ],
          [
            -42.3375,
            -9.2335
          ],
          [
            -42.3365,
            -9.2325
          ],
          [
            -42.3375,
            -9.2315
          ],
          [
            -42.3365,
            -9.2305
          ],
          [
            -42.3355,
            -9.2315
          ]
        ]
      },
      "properties": {
        "id": "hidro_931",
        "tipo": "Talvegue",
        "bacia": "Bacia Hidrogr\u00e1fica do Rio S\u00e3o Francisco"
      }
    },
    {
      "type": "Feature",
      "geometry": {
        "type": "LineString",
        "coordinates": [
          [
            -41.4395,
            -9.2355
          ],
          [
            -41.4385,
            -9.2345
          ],
          [
            -41.4375,
            -9.2345
          ],
          [
            -41.4365,
            -9.2335
          ],
          [
            -41.4365,
            -9.2325
          ],
          [
            -41.4365,
            -9.2315
          ],
          [
            -41.4365,
            -9.2305
          ],
          [
            -41.4365,
            -9.2295
          ],
          [
            -41.4355,
            -9.2305
          ],
          [
            -41.4345,
            -9.2295
          ],
          [
            -41.4335,
            -9.2295
          ],
          [
            -41.4325,
            -9.2295
          ],
          [
            -41.4315,
            -9.2305
          ],
          [
            -41.4305,
            -9.2305
          ],
          [
            -41.4295,
            -9.2305
          ],
          [
            -41.4285,
            -9.2315
          ],
          [
            -41.4275,
            -9.2315
          ],
          [
            -41.4265,
            -9.2315
          ],
          [
            -41.4255,
            -9.2325
          ],
          [
            -41.4245,
            -9.2315
          ],
          [
            -41.4235,
            -9.2325
          ],
          [
            -41.4225,
            -9.2335
          ],
          [
            -41.4215,
            -9.2345
          ],
          [
            -41.4205,
            -9.2355
          ],
          [
            -41.4195,
            -9.2365
          ]
        ]
      },
      "properties": {
        "id": "hidro_961",
        "tipo": "Drenagem Regional",
        "bacia": "Bacia Hidrogr\u00e1fica do Rio S\u00e3o Francisco"
      }
    },
    {
      "type": "Feature",
      "geometry": {
        "type": "LineString",
        "coordinates": [
          [
            -40.5645,
            -9.2355
          ],
          [
            -40.5635,
            -9.2355
          ],
          [
            -40.5625,
            -9.2345
          ],
          [
            -40.5615,
            -9.2355
          ],
          [
            -40.5605,
            -9.2355
          ],
          [
            -40.5595,
            -9.2355
          ],
          [
            -40.5585,
            -9.2355
          ],
          [
            -40.5575,
            -9.2355
          ],
          [
            -40.5565,
            -9.2355
          ],
          [
            -40.5555,
            -9.2365
          ],
          [
            -40.5565,
            -9.2375
          ],
          [
            -40.5555,
            -9.2385
          ]
        ]
      },
      "properties": {
        "id": "hidro_991",
        "tipo": "Talvegue",
        "bacia": "Bacia Hidrogr\u00e1fica do Rio S\u00e3o Francisco"
      }
    },
    {
      "type": "Feature",
      "geometry": {
        "type": "LineString",
        "coordinates": [
          [
            -39.7395,
            -9.2355
          ],
          [
            -39.7395,
            -9.2345
          ],
          [
            -39.7405,
            -9.2335
          ],
          [
            -39.7415,
            -9.2325
          ],
          [
            -39.7425,
            -9.2325
          ],
          [
            -39.7435,
            -9.2315
          ],
          [
            -39.7445,
            -9.2305
          ],
          [
            -39.7455,
            -9.2305
          ],
          [
            -39.7465,
            -9.2295
          ],
          [
            -39.7475,
            -9.2285
          ],
          [
            -39.7475,
            -9.2275
          ],
          [
            -39.7475,
            -9.2265
          ],
          [
            -39.7475,
            -9.2255
          ],
          [
            -39.7485,
            -9.2245
          ],
          [
            -39.7495,
            -9.2235
          ],
          [
            -39.7505,
            -9.2225
          ],
          [
            -39.7515,
            -9.2215
          ],
          [
            -39.7525,
            -9.2215
          ],
          [
            -39.7535,
            -9.2205
          ],
          [
            -39.7545,
            -9.2195
          ],
          [
            -39.7555,
            -9.2195
          ],
          [
            -39.7565,
            -9.2195
          ],
          [
            -39.7575,
            -9.2185
          ],
          [
            -39.7585,
            -9.2175
          ],
          [
            -39.7585,
            -9.2165
          ]
        ]
      },
      "properties": {
        "id": "hidro_1021",
        "tipo": "Drenagem Regional",
        "bacia": "Bacia Hidrogr\u00e1fica do Rio S\u00e3o Francisco"
      }
    },
    {
      "type": "Feature",
      "geometry": {
        "type": "LineString",
        "coordinates": [
          [
            -42.1145,
            -9.2605
          ],
          [
            -42.1135,
            -9.2595
          ],
          [
            -42.1125,
            -9.2585
          ],
          [
            -42.1125,
            -9.2575
          ],
          [
            -42.1115,
            -9.2565
          ],
          [
            -42.1115,
            -9.2555
          ],
          [
            -42.1125,
            -9.2545
          ],
          [
            -42.1125,
            -9.2535
          ],
          [
            -42.1125,
            -9.2525
          ],
          [
            -42.1125,
            -9.2515
          ],
          [
            -42.1125,
            -9.2505
          ],
          [
            -42.1115,
            -9.2495
          ],
          [
            -42.1125,
            -9.2485
          ]
        ]
      },
      "properties": {
        "id": "hidro_1051",
        "tipo": "Talvegue",
        "bacia": "Bacia Hidrogr\u00e1fica do Rio S\u00e3o Francisco"
      }
    },
    {
      "type": "Feature",
      "geometry": {
        "type": "LineString",
        "coordinates": [
          [
            -41.1895,
            -9.2605
          ],
          [
            -41.1905,
            -9.2605
          ],
          [
            -41.1915,
            -9.2605
          ],
          [
            -41.1925,
            -9.2605
          ],
          [
            -41.1935,
            -9.2615
          ],
          [
            -41.1945,
            -9.2625
          ],
          [
            -41.1955,
            -9.2635
          ],
          [
            -41.1965,
            -9.2635
          ],
          [
            -41.1975,
            -9.2635
          ],
          [
            -41.1985,
            -9.2645
          ],
          [
            -41.1985,
            -9.2655
          ],
          [
            -41.1975,
            -9.2665
          ],
          [
            -41.1975,
            -9.2675
          ],
          [
            -41.1975,
            -9.2685
          ],
          [
            -41.1965,
            -9.2695
          ],
          [
            -41.1965,
            -9.2705
          ],
          [
            -41.1965,
            -9.2715
          ],
          [
            -41.1955,
            -9.2725
          ],
          [
            -41.1945,
            -9.2725
          ],
          [
            -41.1935,
            -9.2735
          ],
          [
            -41.1925,
            -9.2735
          ],
          [
            -41.1915,
            -9.2745
          ],
          [
            -41.1905,
            -9.2755
          ],
          [
            -41.1895,
            -9.2755
          ],
          [
            -41.1885,
            -9.2755
          ]
        ]
      },
      "properties": {
        "id": "hidro_1081",
        "tipo": "Drenagem Regional",
        "bacia": "Bacia Hidrogr\u00e1fica do Rio S\u00e3o Francisco"
      }
    },
    {
      "type": "Feature",
      "geometry": {
        "type": "LineString",
        "coordinates": [
          [
            -40.3145,
            -9.2605
          ],
          [
            -40.3155,
            -9.2595
          ],
          [
            -40.3165,
            -9.2585
          ],
          [
            -40.3165,
            -9.2575
          ],
          [
            -40.3175,
            -9.2565
          ],
          [
            -40.3175,
            -9.2555
          ],
          [
            -40.3165,
            -9.2545
          ],
          [
            -40.3155,
            -9.2555
          ]
        ]
      },
      "properties": {
        "id": "hidro_1111",
        "tipo": "Talvegue",
        "bacia": "Bacia Hidrogr\u00e1fica do Rio S\u00e3o Francisco"
      }
    },
    {
      "type": "Feature",
      "geometry": {
        "type": "LineString",
        "coordinates": [
          [
            -42.7645,
            -9.2855
          ],
          [
            -42.7655,
            -9.2855
          ],
          [
            -42.7645,
            -9.2865
          ],
          [
            -42.7645,
            -9.2875
          ],
          [
            -42.7645,
            -9.2885
          ],
          [
            -42.7635,
            -9.2895
          ],
          [
            -42.7625,
            -9.2905
          ],
          [
            -42.7615,
            -9.2895
          ],
          [
            -42.7605,
            -9.2895
          ],
          [
            -42.7595,
            -9.2905
          ],
          [
            -42.7585,
            -9.2915
          ],
          [
            -42.7585,
            -9.2925
          ],
          [
            -42.7575,
            -9.2935
          ],
          [
            -42.7565,
            -9.2945
          ],
          [
            -42.7555,
            -9.2955
          ],
          [
            -42.7545,
            -9.2955
          ],
          [
            -42.7535,
            -9.2965
          ]
        ]
      },
      "properties": {
        "id": "hidro_1141",
        "tipo": "Drenagem Regional",
        "bacia": "Bacia Hidrogr\u00e1fica do Rio S\u00e3o Francisco"
      }
    },
    {
      "type": "Feature",
      "geometry": {
        "type": "LineString",
        "coordinates": [
          [
            -41.7645,
            -9.2855
          ],
          [
            -41.7635,
            -9.2845
          ],
          [
            -41.7625,
            -9.2845
          ],
          [
            -41.7615,
            -9.2845
          ],
          [
            -41.7605,
            -9.2845
          ],
          [
            -41.7595,
            -9.2845
          ],
          [
            -41.7585,
            -9.2845
          ],
          [
            -41.7575,
            -9.2845
          ],
          [
            -41.7565,
            -9.2845
          ],
          [
            -41.7555,
            -9.2855
          ],
          [
            -41.7545,
            -9.2845
          ],
          [
            -41.7535,
            -9.2835
          ],
          [
            -41.7525,
            -9.2835
          ],
          [
            -41.7515,
            -9.2835
          ],
          [
            -41.7505,
            -9.2835
          ],
          [
            -41.7495,
            -9.2845
          ],
          [
            -41.7485,
            -9.2845
          ],
          [
            -41.7475,
            -9.2845
          ],
          [
            -41.7465,
            -9.2845
          ],
          [
            -41.7455,
            -9.2855
          ],
          [
            -41.7445,
            -9.2845
          ],
          [
            -41.7435,
            -9.2845
          ],
          [
            -41.7425,
            -9.2855
          ]
        ]
      },
      "properties": {
        "id": "hidro_1171",
        "tipo": "Drenagem Regional",
        "bacia": "Bacia Hidrogr\u00e1fica do Rio S\u00e3o Francisco"
      }
    },
    {
      "type": "Feature",
      "geometry": {
        "type": "LineString",
        "coordinates": [
          [
            -40.8645,
            -9.2855
          ],
          [
            -40.8655,
            -9.2855
          ],
          [
            -40.8665,
            -9.2855
          ],
          [
            -40.8655,
            -9.2865
          ],
          [
            -40.8665,
            -9.2875
          ],
          [
            -40.8675,
            -9.2875
          ],
          [
            -40.8665,
            -9.2885
          ],
          [
            -40.8675,
            -9.2895
          ],
          [
            -40.8665,
            -9.2905
          ],
          [
            -40.8665,
            -9.2915
          ],
          [
            -40.8665,
            -9.2925
          ],
          [
            -40.8665,
            -9.2935
          ],
          [
            -40.8655,
            -9.2945
          ],
          [
            -40.8645,
            -9.2955
          ],
          [
            -40.8635,
            -9.2955
          ],
          [
            -40.8625,
            -9.2965
          ],
          [
            -40.8625,
            -9.2975
          ],
          [
            -40.8635,
            -9.2985
          ],
          [
            -40.8635,
            -9.2995
          ],
          [
            -40.8625,
            -9.3005
          ]
        ]
      },
      "properties": {
        "id": "hidro_1201",
        "tipo": "Drenagem Regional",
        "bacia": "Bacia Hidrogr\u00e1fica do Rio S\u00e3o Francisco"
      }
    },
    {
      "type": "Feature",
      "geometry": {
        "type": "LineString",
        "coordinates": [
          [
            -39.8895,
            -9.2855
          ],
          [
            -39.8885,
            -9.2855
          ],
          [
            -39.8875,
            -9.2855
          ],
          [
            -39.8865,
            -9.2855
          ],
          [
            -39.8855,
            -9.2865
          ],
          [
            -39.8845,
            -9.2855
          ],
          [
            -39.8835,
            -9.2855
          ],
          [
            -39.8825,
            -9.2855
          ],
          [
            -39.8815,
            -9.2855
          ],
          [
            -39.8805,
            -9.2845
          ],
          [
            -39.8795,
            -9.2845
          ],
          [
            -39.8785,
            -9.2855
          ]
        ]
      },
      "properties": {
        "id": "hidro_1231",
        "tipo": "Talvegue",
        "bacia": "Bacia Hidrogr\u00e1fica do Rio S\u00e3o Francisco"
      }
    },
    {
      "type": "Feature",
      "geometry": {
        "type": "LineString",
        "coordinates": [
          [
            -42.2395,
            -9.3105
          ],
          [
            -42.2405,
            -9.3115
          ],
          [
            -42.2415,
            -9.3125
          ],
          [
            -42.2415,
            -9.3135
          ],
          [
            -42.2415,
            -9.3145
          ],
          [
            -42.2405,
            -9.3155
          ],
          [
            -42.2395,
            -9.3165
          ],
          [
            -42.2405,
            -9.3175
          ],
          [
            -42.2405,
            -9.3185
          ],
          [
            -42.2405,
            -9.3195
          ],
          [
            -42.2395,
            -9.3205
          ],
          [
            -42.2395,
            -9.3215
          ],
          [
            -42.2395,
            -9.3225
          ],
          [
            -42.2385,
            -9.3235
          ],
          [
            -42.2385,
            -9.3245
          ],
          [
            -42.2375,
            -9.3255
          ],
          [
            -42.2365,
            -9.3265
          ],
          [
            -42.2365,
            -9.3275
          ],
          [
            -42.2355,
            -9.3285
          ]
        ]
      },
      "properties": {
        "id": "hidro_1261",
        "tipo": "Drenagem Regional",
        "bacia": "Bacia Hidrogr\u00e1fica do Rio S\u00e3o Francisco"
      }
    },
    {
      "type": "Feature",
      "geometry": {
        "type": "LineString",
        "coordinates": [
          [
            -41.4145,
            -9.3105
          ],
          [
            -41.4135,
            -9.3095
          ],
          [
            -41.4125,
            -9.3105
          ],
          [
            -41.4115,
            -9.3115
          ],
          [
            -41.4105,
            -9.3125
          ],
          [
            -41.4105,
            -9.3135
          ],
          [
            -41.4095,
            -9.3145
          ],
          [
            -41.4095,
            -9.3155
          ],
          [
            -41.4085,
            -9.3165
          ],
          [
            -41.4085,
            -9.3175
          ],
          [
            -41.4085,
            -9.3185
          ],
          [
            -41.4075,
            -9.3195
          ],
          [
            -41.4065,
            -9.3205
          ],
          [
            -41.4065,
            -9.3215
          ],
          [
            -41.4055,
            -9.3225
          ],
          [
            -41.4065,
            -9.3235
          ],
          [
            -41.4055,
            -9.3245
          ],
          [
            -41.4045,
            -9.3245
          ],
          [
            -41.4035,
            -9.3245
          ],
          [
            -41.4025,
            -9.3245
          ],
          [
            -41.4015,
            -9.3255
          ],
          [
            -41.4005,
            -9.3265
          ],
          [
            -41.4005,
            -9.3275
          ],
          [
            -41.4005,
            -9.3285
          ],
          [
            -41.3995,
            -9.3295
          ]
        ]
      },
      "properties": {
        "id": "hidro_1291",
        "tipo": "Drenagem Regional",
        "bacia": "Bacia Hidrogr\u00e1fica do Rio S\u00e3o Francisco"
      }
    },
    {
      "type": "Feature",
      "geometry": {
        "type": "LineString",
        "coordinates": [
          [
            -40.6145,
            -9.3105
          ],
          [
            -40.6135,
            -9.3115
          ],
          [
            -40.6125,
            -9.3125
          ],
          [
            -40.6115,
            -9.3135
          ],
          [
            -40.6105,
            -9.3135
          ],
          [
            -40.6095,
            -9.3135
          ],
          [
            -40.6085,
            -9.3145
          ]
        ]
      },
      "properties": {
        "id": "hidro_1321",
        "tipo": "Talvegue",
        "bacia": "Bacia Hidrogr\u00e1fica do Rio S\u00e3o Francisco"
      }
    },
    {
      "type": "Feature",
      "geometry": {
        "type": "LineString",
        "coordinates": [
          [
            -39.5895,
            -9.3105
          ],
          [
            -39.5895,
            -9.3115
          ],
          [
            -39.5885,
            -9.3125
          ],
          [
            -39.5885,
            -9.3135
          ],
          [
            -39.5875,
            -9.3145
          ],
          [
            -39.5875,
            -9.3155
          ],
          [
            -39.5865,
            -9.3165
          ],
          [
            -39.5865,
            -9.3175
          ],
          [
            -39.5865,
            -9.3185
          ],
          [
            -39.5865,
            -9.3195
          ],
          [
            -39.5865,
            -9.3205
          ],
          [
            -39.5865,
            -9.3215
          ],
          [
            -39.5855,
            -9.3225
          ],
          [
            -39.5855,
            -9.3235
          ],
          [
            -39.5845,
            -9.3245
          ],
          [
            -39.5835,
            -9.3245
          ],
          [
            -39.5825,
            -9.3255
          ],
          [
            -39.5815,
            -9.3265
          ]
        ]
      },
      "properties": {
        "id": "hidro_1351",
        "tipo": "Drenagem Regional",
        "bacia": "Bacia Hidrogr\u00e1fica do Rio S\u00e3o Francisco"
      }
    },
    {
      "type": "Feature",
      "geometry": {
        "type": "LineString",
        "coordinates": [
          [
            -41.9895,
            -9.3355
          ],
          [
            -41.9905,
            -9.3355
          ],
          [
            -41.9915,
            -9.3355
          ],
          [
            -41.9925,
            -9.3345
          ],
          [
            -41.9935,
            -9.3345
          ],
          [
            -41.9945,
            -9.3345
          ],
          [
            -41.9955,
            -9.3355
          ],
          [
            -41.9965,
            -9.3355
          ],
          [
            -41.9975,
            -9.3355
          ],
          [
            -41.9985,
            -9.3355
          ],
          [
            -41.9975,
            -9.3365
          ],
          [
            -41.9975,
            -9.3375
          ],
          [
            -41.9985,
            -9.3385
          ],
          [
            -41.9985,
            -9.3395
          ],
          [
            -41.9975,
            -9.3405
          ],
          [
            -41.9965,
            -9.3415
          ]
        ]
      },
      "properties": {
        "id": "hidro_1381",
        "tipo": "Drenagem Regional",
        "bacia": "Bacia Hidrogr\u00e1fica do Rio S\u00e3o Francisco"
      }
    },
    {
      "type": "Feature",
      "geometry": {
        "type": "LineString",
        "coordinates": [
          [
            -41.0395,
            -9.3355
          ],
          [
            -41.0385,
            -9.3355
          ],
          [
            -41.0375,
            -9.3365
          ],
          [
            -41.0385,
            -9.3375
          ],
          [
            -41.0395,
            -9.3375
          ],
          [
            -41.0385,
            -9.3385
          ]
        ]
      },
      "properties": {
        "id": "hidro_1411",
        "tipo": "Talvegue",
        "bacia": "Bacia Hidrogr\u00e1fica do Rio S\u00e3o Francisco"
      }
    },
    {
      "type": "Feature",
      "geometry": {
        "type": "LineString",
        "coordinates": [
          [
            -40.1395,
            -9.3355
          ],
          [
            -40.1395,
            -9.3345
          ],
          [
            -40.1395,
            -9.3335
          ],
          [
            -40.1385,
            -9.3325
          ],
          [
            -40.1375,
            -9.3315
          ],
          [
            -40.1365,
            -9.3305
          ],
          [
            -40.1355,
            -9.3315
          ],
          [
            -40.1345,
            -9.3305
          ],
          [
            -40.1335,
            -9.3305
          ],
          [
            -40.1325,
            -9.3295
          ],
          [
            -40.1315,
            -9.3285
          ],
          [
            -40.1305,
            -9.3275
          ],
          [
            -40.1295,
            -9.3265
          ],
          [
            -40.1285,
            -9.3255
          ],
          [
            -40.1285,
            -9.3245
          ],
          [
            -40.1285,
            -9.3235
          ],
          [
            -40.1275,
            -9.3225
          ],
          [
            -40.1265,
            -9.3215
          ],
          [
            -40.1265,
            -9.3205
          ],
          [
            -40.1255,
            -9.3215
          ],
          [
            -40.1245,
            -9.3205
          ],
          [
            -40.1235,
            -9.3195
          ],
          [
            -40.1225,
            -9.3185
          ],
          [
            -40.1215,
            -9.3175
          ],
          [
            -40.1205,
            -9.3165
          ]
        ]
      },
      "properties": {
        "id": "hidro_1441",
        "tipo": "Drenagem Regional",
        "bacia": "Bacia Hidrogr\u00e1fica do Rio S\u00e3o Francisco"
      }
    },
    {
      "type": "Feature",
      "geometry": {
        "type": "LineString",
        "coordinates": [
          [
            -42.5395,
            -9.3605
          ],
          [
            -42.5405,
            -9.3605
          ],
          [
            -42.5415,
            -9.3605
          ],
          [
            -42.5425,
            -9.3595
          ],
          [
            -42.5435,
            -9.3585
          ],
          [
            -42.5445,
            -9.3585
          ],
          [
            -42.5455,
            -9.3585
          ],
          [
            -42.5465,
            -9.3585
          ],
          [
            -42.5475,
            -9.3585
          ],
          [
            -42.5485,
            -9.3575
          ],
          [
            -42.5495,
            -9.3565
          ],
          [
            -42.5505,
            -9.3575
          ],
          [
            -42.5515,
            -9.3585
          ],
          [
            -42.5525,
            -9.3595
          ],
          [
            -42.5515,
            -9.3605
          ]
        ]
      },
      "properties": {
        "id": "hidro_1471",
        "tipo": "Talvegue",
        "bacia": "Bacia Hidrogr\u00e1fica do Rio S\u00e3o Francisco"
      }
    },
    {
      "type": "Feature",
      "geometry": {
        "type": "LineString",
        "coordinates": [
          [
            -41.7145,
            -9.3605
          ],
          [
            -41.7135,
            -9.3615
          ],
          [
            -41.7125,
            -9.3625
          ],
          [
            -41.7115,
            -9.3635
          ],
          [
            -41.7105,
            -9.3645
          ],
          [
            -41.7105,
            -9.3655
          ],
          [
            -41.7095,
            -9.3665
          ],
          [
            -41.7105,
            -9.3675
          ],
          [
            -41.7095,
            -9.3685
          ],
          [
            -41.7095,
            -9.3695
          ],
          [
            -41.7095,
            -9.3705
          ],
          [
            -41.7085,
            -9.3715
          ]
        ]
      },
      "properties": {
        "id": "hidro_1501",
        "tipo": "Talvegue",
        "bacia": "Bacia Hidrogr\u00e1fica do Rio S\u00e3o Francisco"
      }
    },
    {
      "type": "Feature",
      "geometry": {
        "type": "LineString",
        "coordinates": [
          [
            -40.7645,
            -9.3605
          ],
          [
            -40.7655,
            -9.3615
          ],
          [
            -40.7645,
            -9.3625
          ],
          [
            -40.7635,
            -9.3635
          ],
          [
            -40.7625,
            -9.3645
          ],
          [
            -40.7625,
            -9.3655
          ],
          [
            -40.7615,
            -9.3665
          ],
          [
            -40.7625,
            -9.3675
          ],
          [
            -40.7635,
            -9.3685
          ],
          [
            -40.7635,
            -9.3695
          ],
          [
            -40.7645,
            -9.3705
          ],
          [
            -40.7655,
            -9.3715
          ],
          [
            -40.7665,
            -9.3725
          ],
          [
            -40.7675,
            -9.3735
          ],
          [
            -40.7675,
            -9.3745
          ],
          [
            -40.7685,
            -9.3755
          ],
          [
            -40.7675,
            -9.3765
          ]
        ]
      },
      "properties": {
        "id": "hidro_1531",
        "tipo": "Drenagem Regional",
        "bacia": "Bacia Hidrogr\u00e1fica do Rio S\u00e3o Francisco"
      }
    },
    {
      "type": "Feature",
      "geometry": {
        "type": "LineString",
        "coordinates": [
          [
            -39.7145,
            -9.3605
          ],
          [
            -39.7155,
            -9.3615
          ],
          [
            -39.7165,
            -9.3625
          ],
          [
            -39.7175,
            -9.3625
          ],
          [
            -39.7185,
            -9.3635
          ],
          [
            -39.7195,
            -9.3635
          ],
          [
            -39.7205,
            -9.3635
          ],
          [
            -39.7215,
            -9.3635
          ],
          [
            -39.7225,
            -9.3635
          ],
          [
            -39.7235,
            -9.3635
          ],
          [
            -39.7245,
            -9.3635
          ],
          [
            -39.7255,
            -9.3635
          ],
          [
            -39.7265,
            -9.3635
          ],
          [
            -39.7275,
            -9.3635
          ],
          [
            -39.7285,
            -9.3645
          ],
          [
            -39.7295,
            -9.3645
          ],
          [
            -39.7305,
            -9.3655
          ],
          [
            -39.7315,
            -9.3655
          ],
          [
            -39.7325,
            -9.3645
          ],
          [
            -39.7335,
            -9.3645
          ],
          [
            -39.7345,
            -9.3645
          ],
          [
            -39.7355,
            -9.3645
          ],
          [
            -39.7365,
            -9.3645
          ],
          [
            -39.7375,
            -9.3645
          ],
          [
            -39.7385,
            -9.3645
          ]
        ]
      },
      "properties": {
        "id": "hidro_1561",
        "tipo": "Drenagem Regional",
        "bacia": "Bacia Hidrogr\u00e1fica do Rio S\u00e3o Francisco"
      }
    },
    {
      "type": "Feature",
      "geometry": {
        "type": "LineString",
        "coordinates": [
          [
            -42.0395,
            -9.3855
          ],
          [
            -42.0405,
            -9.3855
          ],
          [
            -42.0415,
            -9.3855
          ],
          [
            -42.0405,
            -9.3865
          ],
          [
            -42.0415,
            -9.3875
          ],
          [
            -42.0405,
            -9.3885
          ],
          [
            -42.0415,
            -9.3895
          ],
          [
            -42.0405,
            -9.3905
          ]
        ]
      },
      "properties": {
        "id": "hidro_1591",
        "tipo": "Talvegue",
        "bacia": "Bacia Hidrogr\u00e1fica do Rio S\u00e3o Francisco"
      }
    },
    {
      "type": "Feature",
      "geometry": {
        "type": "LineString",
        "coordinates": [
          [
            -41.2145,
            -9.3855
          ],
          [
            -41.2155,
            -9.3845
          ],
          [
            -41.2165,
            -9.3835
          ],
          [
            -41.2175,
            -9.3825
          ],
          [
            -41.2185,
            -9.3825
          ],
          [
            -41.2195,
            -9.3825
          ],
          [
            -41.2205,
            -9.3835
          ],
          [
            -41.2215,
            -9.3835
          ],
          [
            -41.2225,
            -9.3845
          ],
          [
            -41.2235,
            -9.3835
          ],
          [
            -41.2245,
            -9.3835
          ],
          [
            -41.2255,
            -9.3825
          ],
          [
            -41.2265,
            -9.3825
          ],
          [
            -41.2275,
            -9.3825
          ],
          [
            -41.2285,
            -9.3815
          ],
          [
            -41.2285,
            -9.3805
          ],
          [
            -41.2285,
            -9.3795
          ],
          [
            -41.2285,
            -9.3785
          ],
          [
            -41.2285,
            -9.3775
          ],
          [
            -41.2275,
            -9.3765
          ],
          [
            -41.2275,
            -9.3755
          ],
          [
            -41.2265,
            -9.3765
          ]
        ]
      },
      "properties": {
        "id": "hidro_1621",
        "tipo": "Drenagem Regional",
        "bacia": "Bacia Hidrogr\u00e1fica do Rio S\u00e3o Francisco"
      }
    },
    {
      "type": "Feature",
      "geometry": {
        "type": "LineString",
        "coordinates": [
          [
            -40.2895,
            -9.3855
          ],
          [
            -40.2885,
            -9.3855
          ],
          [
            -40.2875,
            -9.3865
          ],
          [
            -40.2885,
            -9.3875
          ],
          [
            -40.2885,
            -9.3885
          ],
          [
            -40.2895,
            -9.3895
          ],
          [
            -40.2905,
            -9.3905
          ],
          [
            -40.2915,
            -9.3915
          ],
          [
            -40.2925,
            -9.3915
          ],
          [
            -40.2935,
            -9.3905
          ],
          [
            -40.2945,
            -9.3895
          ],
          [
            -40.2945,
            -9.3885
          ],
          [
            -40.2935,
            -9.3895
          ]
        ]
      },
      "properties": {
        "id": "hidro_1651",
        "tipo": "Talvegue",
        "bacia": "Bacia Hidrogr\u00e1fica do Rio S\u00e3o Francisco"
      }
    },
    {
      "type": "Feature",
      "geometry": {
        "type": "LineString",
        "coordinates": [
          [
            -42.6395,
            -9.4105
          ],
          [
            -42.6385,
            -9.4095
          ],
          [
            -42.6395,
            -9.4085
          ],
          [
            -42.6395,
            -9.4075
          ],
          [
            -42.6395,
            -9.4065
          ],
          [
            -42.6395,
            -9.4055
          ],
          [
            -42.6395,
            -9.4045
          ],
          [
            -42.6385,
            -9.4055
          ]
        ]
      },
      "properties": {
        "id": "hidro_1681",
        "tipo": "Talvegue",
        "bacia": "Bacia Hidrogr\u00e1fica do Rio S\u00e3o Francisco"
      }
    },
    {
      "type": "Feature",
      "geometry": {
        "type": "LineString",
        "coordinates": [
          [
            -41.6645,
            -9.4105
          ],
          [
            -41.6635,
            -9.4095
          ],
          [
            -41.6625,
            -9.4095
          ],
          [
            -41.6615,
            -9.4095
          ],
          [
            -41.6605,
            -9.4095
          ],
          [
            -41.6595,
            -9.4085
          ],
          [
            -41.6585,
            -9.4095
          ],
          [
            -41.6585,
            -9.4105
          ],
          [
            -41.6585,
            -9.4115
          ],
          [
            -41.6575,
            -9.4125
          ],
          [
            -41.6575,
            -9.4135
          ],
          [
            -41.6565,
            -9.4145
          ],
          [
            -41.6555,
            -9.4155
          ],
          [
            -41.6545,
            -9.4155
          ],
          [
            -41.6535,
            -9.4165
          ]
        ]
      },
      "properties": {
        "id": "hidro_1711",
        "tipo": "Talvegue",
        "bacia": "Bacia Hidrogr\u00e1fica do Rio S\u00e3o Francisco"
      }
    },
    {
      "type": "Feature",
      "geometry": {
        "type": "LineString",
        "coordinates": [
          [
            -40.8645,
            -9.4105
          ],
          [
            -40.8655,
            -9.4095
          ],
          [
            -40.8665,
            -9.4085
          ],
          [
            -40.8675,
            -9.4075
          ],
          [
            -40.8685,
            -9.4065
          ],
          [
            -40.8695,
            -9.4055
          ],
          [
            -40.8705,
            -9.4045
          ],
          [
            -40.8715,
            -9.4035
          ],
          [
            -40.8725,
            -9.4025
          ],
          [
            -40.8735,
            -9.4015
          ],
          [
            -40.8745,
            -9.4005
          ],
          [
            -40.8755,
            -9.3995
          ],
          [
            -40.8765,
            -9.3985
          ],
          [
            -40.8775,
            -9.3975
          ],
          [
            -40.8785,
            -9.3965
          ],
          [
            -40.8795,
            -9.3955
          ],
          [
            -40.8805,
            -9.3945
          ],
          [
            -40.8815,
            -9.3935
          ],
          [
            -40.8825,
            -9.3925
          ],
          [
            -40.8835,
            -9.3915
          ],
          [
            -40.8845,
            -9.3905
          ],
          [
            -40.8855,
            -9.3895
          ],
          [
            -40.8865,
            -9.3885
          ],
          [
            -40.8875,
            -9.3875
          ],
          [
            -40.8885,
            -9.3865
          ]
        ]
      },
      "properties": {
        "id": "hidro_1741",
        "tipo": "Drenagem Regional",
        "bacia": "Bacia Hidrogr\u00e1fica do Rio S\u00e3o Francisco"
      }
    },
    {
      "type": "Feature",
      "geometry": {
        "type": "LineString",
        "coordinates": [
          [
            -39.9645,
            -9.4105
          ],
          [
            -39.9635,
            -9.4105
          ],
          [
            -39.9625,
            -9.4115
          ],
          [
            -39.9615,
            -9.4115
          ],
          [
            -39.9605,
            -9.4125
          ],
          [
            -39.9595,
            -9.4125
          ],
          [
            -39.9585,
            -9.4135
          ],
          [
            -39.9575,
            -9.4135
          ],
          [
            -39.9565,
            -9.4135
          ],
          [
            -39.9555,
            -9.4145
          ],
          [
            -39.9545,
            -9.4135
          ],
          [
            -39.9535,
            -9.4145
          ],
          [
            -39.9525,
            -9.4145
          ],
          [
            -39.9515,
            -9.4155
          ],
          [
            -39.9505,
            -9.4155
          ],
          [
            -39.9495,
            -9.4145
          ],
          [
            -39.9495,
            -9.4135
          ],
          [
            -39.9495,
            -9.4125
          ],
          [
            -39.9485,
            -9.4115
          ],
          [
            -39.9475,
            -9.4125
          ],
          [
            -39.9465,
            -9.4115
          ],
          [
            -39.9455,
            -9.4125
          ]
        ]
      },
      "properties": {
        "id": "hidro_1771",
        "tipo": "Drenagem Regional",
        "bacia": "Bacia Hidrogr\u00e1fica do Rio S\u00e3o Francisco"
      }
    },
    {
      "type": "Feature",
      "geometry": {
        "type": "LineString",
        "coordinates": [
          [
            -42.2145,
            -9.4355
          ],
          [
            -42.2155,
            -9.4355
          ],
          [
            -42.2145,
            -9.4365
          ],
          [
            -42.2135,
            -9.4375
          ],
          [
            -42.2125,
            -9.4385
          ],
          [
            -42.2115,
            -9.4375
          ],
          [
            -42.2105,
            -9.4385
          ],
          [
            -42.2095,
            -9.4395
          ],
          [
            -42.2095,
            -9.4405
          ],
          [
            -42.2105,
            -9.4415
          ],
          [
            -42.2095,
            -9.4425
          ],
          [
            -42.2095,
            -9.4435
          ],
          [
            -42.2095,
            -9.4445
          ],
          [
            -42.2085,
            -9.4455
          ],
          [
            -42.2075,
            -9.4465
          ]
        ]
      },
      "properties": {
        "id": "hidro_1801",
        "tipo": "Talvegue",
        "bacia": "Bacia Hidrogr\u00e1fica do Rio S\u00e3o Francisco"
      }
    },
    {
      "type": "Feature",
      "geometry": {
        "type": "LineString",
        "coordinates": [
          [
            -41.3395,
            -9.4355
          ],
          [
            -41.3385,
            -9.4345
          ],
          [
            -41.3375,
            -9.4335
          ],
          [
            -41.3375,
            -9.4325
          ],
          [
            -41.3365,
            -9.4315
          ],
          [
            -41.3365,
            -9.4305
          ],
          [
            -41.3365,
            -9.4295
          ],
          [
            -41.3365,
            -9.4285
          ],
          [
            -41.3365,
            -9.4275
          ],
          [
            -41.3365,
            -9.4265
          ],
          [
            -41.3365,
            -9.4255
          ],
          [
            -41.3375,
            -9.4245
          ],
          [
            -41.3385,
            -9.4235
          ],
          [
            -41.3385,
            -9.4225
          ],
          [
            -41.3395,
            -9.4215
          ],
          [
            -41.3385,
            -9.4205
          ],
          [
            -41.3395,
            -9.4195
          ],
          [
            -41.3395,
            -9.4185
          ],
          [
            -41.3385,
            -9.4175
          ],
          [
            -41.3375,
            -9.4185
          ]
        ]
      },
      "properties": {
        "id": "hidro_1831",
        "tipo": "Drenagem Regional",
        "bacia": "Bacia Hidrogr\u00e1fica do Rio S\u00e3o Francisco"
      }
    },
    {
      "type": "Feature",
      "geometry": {
        "type": "LineString",
        "coordinates": [
          [
            -40.4645,
            -9.4355
          ],
          [
            -40.4655,
            -9.4345
          ],
          [
            -40.4665,
            -9.4335
          ],
          [
            -40.4675,
            -9.4325
          ],
          [
            -40.4675,
            -9.4315
          ],
          [
            -40.4675,
            -9.4305
          ],
          [
            -40.4685,
            -9.4295
          ],
          [
            -40.4685,
            -9.4285
          ],
          [
            -40.4695,
            -9.4275
          ]
        ]
      },
      "properties": {
        "id": "hidro_1861",
        "tipo": "Talvegue",
        "bacia": "Bacia Hidrogr\u00e1fica do Rio S\u00e3o Francisco"
      }
    },
    {
      "type": "Feature",
      "geometry": {
        "type": "LineString",
        "coordinates": [
          [
            -39.5895,
            -9.4355
          ],
          [
            -39.5885,
            -9.4355
          ],
          [
            -39.5875,
            -9.4355
          ],
          [
            -39.5865,
            -9.4355
          ],
          [
            -39.5855,
            -9.4355
          ],
          [
            -39.5845,
            -9.4365
          ],
          [
            -39.5835,
            -9.4375
          ],
          [
            -39.5825,
            -9.4385
          ],
          [
            -39.5815,
            -9.4395
          ],
          [
            -39.5805,
            -9.4405
          ],
          [
            -39.5795,
            -9.4405
          ],
          [
            -39.5785,
            -9.4415
          ],
          [
            -39.5775,
            -9.4415
          ],
          [
            -39.5765,
            -9.4415
          ],
          [
            -39.5755,
            -9.4425
          ],
          [
            -39.5745,
            -9.4435
          ],
          [
            -39.5735,
            -9.4445
          ],
          [
            -39.5735,
            -9.4455
          ],
          [
            -39.5725,
            -9.4465
          ],
          [
            -39.5725,
            -9.4475
          ],
          [
            -39.5715,
            -9.4485
          ]
        ]
      },
      "properties": {
        "id": "hidro_1891",
        "tipo": "Drenagem Regional",
        "bacia": "Bacia Hidrogr\u00e1fica do Rio S\u00e3o Francisco"
      }
    },
    {
      "type": "Feature",
      "geometry": {
        "type": "LineString",
        "coordinates": [
          [
            -41.9895,
            -9.4605
          ],
          [
            -41.9905,
            -9.4595
          ],
          [
            -41.9915,
            -9.4585
          ],
          [
            -41.9925,
            -9.4575
          ],
          [
            -41.9935,
            -9.4565
          ],
          [
            -41.9945,
            -9.4555
          ],
          [
            -41.9955,
            -9.4555
          ],
          [
            -41.9965,
            -9.4555
          ],
          [
            -41.9975,
            -9.4555
          ],
          [
            -41.9965,
            -9.4565
          ],
          [
            -41.9975,
            -9.4575
          ],
          [
            -41.9985,
            -9.4585
          ],
          [
            -41.9995,
            -9.4585
          ],
          [
            -41.9985,
            -9.4595
          ]
        ]
      },
      "properties": {
        "id": "hidro_1921",
        "tipo": "Talvegue",
        "bacia": "Bacia Hidrogr\u00e1fica do Rio S\u00e3o Francisco"
      }
    },
    {
      "type": "Feature",
      "geometry": {
        "type": "LineString",
        "coordinates": [
          [
            -41.1395,
            -9.4605
          ],
          [
            -41.1405,
            -9.4595
          ],
          [
            -41.1415,
            -9.4585
          ],
          [
            -41.1425,
            -9.4575
          ],
          [
            -41.1435,
            -9.4565
          ],
          [
            -41.1445,
            -9.4555
          ],
          [
            -41.1455,
            -9.4545
          ],
          [
            -41.1465,
            -9.4535
          ],
          [
            -41.1475,
            -9.4525
          ],
          [
            -41.1485,
            -9.4515
          ],
          [
            -41.1495,
            -9.4505
          ],
          [
            -41.1505,
            -9.4495
          ],
          [
            -41.1515,
            -9.4495
          ],
          [
            -41.1525,
            -9.4495
          ],
          [
            -41.1515,
            -9.4505
          ]
        ]
      },
      "properties": {
        "id": "hidro_1951",
        "tipo": "Talvegue",
        "bacia": "Bacia Hidrogr\u00e1fica do Rio S\u00e3o Francisco"
      }
    },
    {
      "type": "Feature",
      "geometry": {
        "type": "LineString",
        "coordinates": [
          [
            -40.0395,
            -9.4605
          ],
          [
            -40.0405,
            -9.4595
          ],
          [
            -40.0415,
            -9.4585
          ],
          [
            -40.0405,
            -9.4575
          ],
          [
            -40.0395,
            -9.4565
          ],
          [
            -40.0395,
            -9.4555
          ],
          [
            -40.0385,
            -9.4545
          ],
          [
            -40.0375,
            -9.4555
          ]
        ]
      },
      "properties": {
        "id": "hidro_1981",
        "tipo": "Talvegue",
        "bacia": "Bacia Hidrogr\u00e1fica do Rio S\u00e3o Francisco"
      }
    },
    {
      "type": "Feature",
      "geometry": {
        "type": "LineString",
        "coordinates": [
          [
            -42.2645,
            -9.4855
          ],
          [
            -42.2655,
            -9.4845
          ],
          [
            -42.2655,
            -9.4835
          ],
          [
            -42.2645,
            -9.4845
          ],
          [
            -42.2635,
            -9.4835
          ],
          [
            -42.2625,
            -9.4835
          ],
          [
            -42.2615,
            -9.4835
          ],
          [
            -42.2605,
            -9.4835
          ],
          [
            -42.2595,
            -9.4835
          ],
          [
            -42.2585,
            -9.4835
          ],
          [
            -42.2575,
            -9.4835
          ],
          [
            -42.2565,
            -9.4835
          ],
          [
            -42.2555,
            -9.4825
          ],
          [
            -42.2545,
            -9.4835
          ],
          [
            -42.2535,
            -9.4825
          ],
          [
            -42.2525,
            -9.4815
          ],
          [
            -42.2515,
            -9.4815
          ],
          [
            -42.2505,
            -9.4805
          ],
          [
            -42.2495,
            -9.4805
          ],
          [
            -42.2485,
            -9.4805
          ],
          [
            -42.2475,
            -9.4805
          ],
          [
            -42.2465,
            -9.4815
          ],
          [
            -42.2455,
            -9.4815
          ],
          [
            -42.2445,
            -9.4825
          ],
          [
            -42.2435,
            -9.4825
          ]
        ]
      },
      "properties": {
        "id": "hidro_2011",
        "tipo": "Drenagem Regional",
        "bacia": "Bacia Hidrogr\u00e1fica do Rio S\u00e3o Francisco"
      }
    },
    {
      "type": "Feature",
      "geometry": {
        "type": "LineString",
        "coordinates": [
          [
            -41.3145,
            -9.4855
          ],
          [
            -41.3135,
            -9.4845
          ],
          [
            -41.3125,
            -9.4855
          ],
          [
            -41.3115,
            -9.4855
          ],
          [
            -41.3105,
            -9.4855
          ],
          [
            -41.3095,
            -9.4865
          ],
          [
            -41.3085,
            -9.4875
          ],
          [
            -41.3075,
            -9.4885
          ],
          [
            -41.3065,
            -9.4895
          ],
          [
            -41.3075,
            -9.4905
          ],
          [
            -41.3065,
            -9.4915
          ],
          [
            -41.3065,
            -9.4925
          ],
          [
            -41.3055,
            -9.4935
          ],
          [
            -41.3045,
            -9.4935
          ],
          [
            -41.3035,
            -9.4935
          ],
          [
            -41.3025,
            -9.4925
          ],
          [
            -41.3015,
            -9.4935
          ],
          [
            -41.3005,
            -9.4945
          ],
          [
            -41.2995,
            -9.4955
          ]
        ]
      },
      "properties": {
        "id": "hidro_2041",
        "tipo": "Drenagem Regional",
        "bacia": "Bacia Hidrogr\u00e1fica do Rio S\u00e3o Francisco"
      }
    },
    {
      "type": "Feature",
      "geometry": {
        "type": "LineString",
        "coordinates": [
          [
            -40.3145,
            -9.4855
          ],
          [
            -40.3145,
            -9.4845
          ],
          [
            -40.3155,
            -9.4835
          ],
          [
            -40.3165,
            -9.4835
          ],
          [
            -40.3175,
            -9.4825
          ],
          [
            -40.3165,
            -9.4815
          ],
          [
            -40.3165,
            -9.4805
          ],
          [
            -40.3155,
            -9.4815
          ],
          [
            -40.3145,
            -9.4805
          ],
          [
            -40.3145,
            -9.4795
          ],
          [
            -40.3145,
            -9.4785
          ],
          [
            -40.3135,
            -9.4775
          ],
          [
            -40.3125,
            -9.4765
          ],
          [
            -40.3125,
            -9.4755
          ],
          [
            -40.3115,
            -9.4745
          ],
          [
            -40.3115,
            -9.4735
          ],
          [
            -40.3115,
            -9.4725
          ],
          [
            -40.3105,
            -9.4715
          ],
          [
            -40.3095,
            -9.4725
          ]
        ]
      },
      "properties": {
        "id": "hidro_2071",
        "tipo": "Drenagem Regional",
        "bacia": "Bacia Hidrogr\u00e1fica do Rio S\u00e3o Francisco"
      }
    },
    {
      "type": "Feature",
      "geometry": {
        "type": "LineString",
        "coordinates": [
          [
            -42.6145,
            -9.5105
          ],
          [
            -42.6155,
            -9.5095
          ],
          [
            -42.6165,
            -9.5085
          ],
          [
            -42.6165,
            -9.5075
          ],
          [
            -42.6165,
            -9.5065
          ],
          [
            -42.6165,
            -9.5055
          ],
          [
            -42.6155,
            -9.5065
          ]
        ]
      },
      "properties": {
        "id": "hidro_2101",
        "tipo": "Talvegue",
        "bacia": "Bacia Hidrogr\u00e1fica do Rio S\u00e3o Francisco"
      }
    },
    {
      "type": "Feature",
      "geometry": {
        "type": "LineString",
        "coordinates": [
          [
            -41.7395,
            -9.5105
          ],
          [
            -41.7385,
            -9.5105
          ],
          [
            -41.7375,
            -9.5115
          ],
          [
            -41.7365,
            -9.5115
          ],
          [
            -41.7355,
            -9.5125
          ],
          [
            -41.7345,
            -9.5125
          ],
          [
            -41.7335,
            -9.5135
          ],
          [
            -41.7325,
            -9.5145
          ],
          [
            -41.7325,
            -9.5155
          ],
          [
            -41.7315,
            -9.5165
          ],
          [
            -41.7325,
            -9.5175
          ],
          [
            -41.7335,
            -9.5185
          ],
          [
            -41.7345,
            -9.5195
          ],
          [
            -41.7355,
            -9.5205
          ],
          [
            -41.7365,
            -9.5215
          ],
          [
            -41.7375,
            -9.5225
          ],
          [
            -41.7385,
            -9.5235
          ],
          [
            -41.7395,
            -9.5245
          ],
          [
            -41.7405,
            -9.5245
          ],
          [
            -41.7415,
            -9.5255
          ],
          [
            -41.7425,
            -9.5255
          ],
          [
            -41.7435,
            -9.5245
          ],
          [
            -41.7445,
            -9.5235
          ],
          [
            -41.7455,
            -9.5235
          ],
          [
            -41.7465,
            -9.5235
          ]
        ]
      },
      "properties": {
        "id": "hidro_2131",
        "tipo": "Drenagem Regional",
        "bacia": "Bacia Hidrogr\u00e1fica do Rio S\u00e3o Francisco"
      }
    },
    {
      "type": "Feature",
      "geometry": {
        "type": "LineString",
        "coordinates": [
          [
            -40.9145,
            -9.5105
          ],
          [
            -40.9145,
            -9.5095
          ],
          [
            -40.9155,
            -9.5085
          ],
          [
            -40.9165,
            -9.5075
          ],
          [
            -40.9175,
            -9.5075
          ],
          [
            -40.9185,
            -9.5075
          ],
          [
            -40.9195,
            -9.5075
          ],
          [
            -40.9205,
            -9.5075
          ],
          [
            -40.9215,
            -9.5085
          ],
          [
            -40.9225,
            -9.5085
          ],
          [
            -40.9235,
            -9.5075
          ],
          [
            -40.9245,
            -9.5075
          ],
          [
            -40.9255,
            -9.5065
          ],
          [
            -40.9265,
            -9.5055
          ],
          [
            -40.9275,
            -9.5055
          ],
          [
            -40.9285,
            -9.5055
          ],
          [
            -40.9295,
            -9.5055
          ],
          [
            -40.9305,
            -9.5055
          ],
          [
            -40.9315,
            -9.5055
          ],
          [
            -40.9325,
            -9.5045
          ],
          [
            -40.9335,
            -9.5055
          ],
          [
            -40.9345,
            -9.5055
          ],
          [
            -40.9355,
            -9.5055
          ],
          [
            -40.9365,
            -9.5055
          ],
          [
            -40.9375,
            -9.5055
          ]
        ]
      },
      "properties": {
        "id": "hidro_2161",
        "tipo": "Drenagem Regional",
        "bacia": "Bacia Hidrogr\u00e1fica do Rio S\u00e3o Francisco"
      }
    },
    {
      "type": "Feature",
      "geometry": {
        "type": "LineString",
        "coordinates": [
          [
            -40.0145,
            -9.5105
          ],
          [
            -40.0155,
            -9.5115
          ],
          [
            -40.0165,
            -9.5125
          ],
          [
            -40.0175,
            -9.5115
          ],
          [
            -40.0185,
            -9.5105
          ],
          [
            -40.0195,
            -9.5095
          ],
          [
            -40.0205,
            -9.5085
          ],
          [
            -40.0215,
            -9.5075
          ],
          [
            -40.0215,
            -9.5065
          ],
          [
            -40.0215,
            -9.5055
          ],
          [
            -40.0215,
            -9.5045
          ],
          [
            -40.0215,
            -9.5035
          ],
          [
            -40.0215,
            -9.5025
          ],
          [
            -40.0215,
            -9.5015
          ],
          [
            -40.0215,
            -9.5005
          ],
          [
            -40.0215,
            -9.4995
          ],
          [
            -40.0225,
            -9.4985
          ],
          [
            -40.0235,
            -9.4975
          ],
          [
            -40.0245,
            -9.4965
          ],
          [
            -40.0245,
            -9.4955
          ],
          [
            -40.0245,
            -9.4945
          ],
          [
            -40.0245,
            -9.4935
          ],
          [
            -40.0255,
            -9.4925
          ],
          [
            -40.0245,
            -9.4915
          ],
          [
            -40.0235,
            -9.4915
          ]
        ]
      },
      "properties": {
        "id": "hidro_2191",
        "tipo": "Drenagem Regional",
        "bacia": "Bacia Hidrogr\u00e1fica do Rio S\u00e3o Francisco"
      }
    },
    {
      "type": "Feature",
      "geometry": {
        "type": "LineString",
        "coordinates": [
          [
            -42.3645,
            -9.5355
          ],
          [
            -42.3655,
            -9.5345
          ],
          [
            -42.3645,
            -9.5335
          ],
          [
            -42.3635,
            -9.5345
          ],
          [
            -42.3625,
            -9.5335
          ],
          [
            -42.3615,
            -9.5345
          ],
          [
            -42.3605,
            -9.5345
          ],
          [
            -42.3595,
            -9.5355
          ],
          [
            -42.3585,
            -9.5355
          ],
          [
            -42.3575,
            -9.5365
          ],
          [
            -42.3575,
            -9.5375
          ],
          [
            -42.3565,
            -9.5385
          ],
          [
            -42.3555,
            -9.5385
          ],
          [
            -42.3545,
            -9.5385
          ],
          [
            -42.3535,
            -9.5395
          ],
          [
            -42.3525,
            -9.5385
          ],
          [
            -42.3515,
            -9.5375
          ],
          [
            -42.3505,
            -9.5375
          ],
          [
            -42.3495,
            -9.5375
          ],
          [
            -42.3485,
            -9.5375
          ],
          [
            -42.3475,
            -9.5375
          ],
          [
            -42.3465,
            -9.5375
          ],
          [
            -42.3455,
            -9.5375
          ],
          [
            -42.3445,
            -9.5375
          ],
          [
            -42.3435,
            -9.5385
          ]
        ]
      },
      "properties": {
        "id": "hidro_2221",
        "tipo": "Drenagem Regional",
        "bacia": "Bacia Hidrogr\u00e1fica do Rio S\u00e3o Francisco"
      }
    },
    {
      "type": "Feature",
      "geometry": {
        "type": "LineString",
        "coordinates": [
          [
            -41.3645,
            -9.5355
          ],
          [
            -41.3635,
            -9.5355
          ],
          [
            -41.3625,
            -9.5365
          ],
          [
            -41.3625,
            -9.5375
          ],
          [
            -41.3615,
            -9.5385
          ],
          [
            -41.3605,
            -9.5395
          ],
          [
            -41.3595,
            -9.5395
          ],
          [
            -41.3585,
            -9.5395
          ],
          [
            -41.3575,
            -9.5395
          ],
          [
            -41.3565,
            -9.5395
          ],
          [
            -41.3555,
            -9.5405
          ],
          [
            -41.3545,
            -9.5405
          ],
          [
            -41.3535,
            -9.5415
          ],
          [
            -41.3535,
            -9.5425
          ],
          [
            -41.3525,
            -9.5435
          ],
          [
            -41.3525,
            -9.5445
          ],
          [
            -41.3515,
            -9.5455
          ],
          [
            -41.3505,
            -9.5465
          ],
          [
            -41.3505,
            -9.5475
          ],
          [
            -41.3495,
            -9.5485
          ],
          [
            -41.3485,
            -9.5495
          ],
          [
            -41.3475,
            -9.5505
          ],
          [
            -41.3475,
            -9.5515
          ],
          [
            -41.3465,
            -9.5525
          ],
          [
            -41.3465,
            -9.5535
          ]
        ]
      },
      "properties": {
        "id": "hidro_2251",
        "tipo": "Drenagem Regional",
        "bacia": "Bacia Hidrogr\u00e1fica do Rio S\u00e3o Francisco"
      }
    },
    {
      "type": "Feature",
      "geometry": {
        "type": "LineString",
        "coordinates": [
          [
            -40.4645,
            -9.5355
          ],
          [
            -40.4655,
            -9.5345
          ],
          [
            -40.4665,
            -9.5335
          ],
          [
            -40.4675,
            -9.5325
          ],
          [
            -40.4675,
            -9.5315
          ],
          [
            -40.4675,
            -9.5305
          ],
          [
            -40.4675,
            -9.5295
          ],
          [
            -40.4675,
            -9.5285
          ],
          [
            -40.4675,
            -9.5275
          ],
          [
            -40.4665,
            -9.5265
          ],
          [
            -40.4665,
            -9.5255
          ],
          [
            -40.4665,
            -9.5245
          ],
          [
            -40.4675,
            -9.5235
          ],
          [
            -40.4685,
            -9.5225
          ],
          [
            -40.4695,
            -9.5215
          ],
          [
            -40.4705,
            -9.5205
          ],
          [
            -40.4715,
            -9.5195
          ],
          [
            -40.4705,
            -9.5185
          ],
          [
            -40.4705,
            -9.5175
          ],
          [
            -40.4715,
            -9.5165
          ],
          [
            -40.4715,
            -9.5155
          ],
          [
            -40.4715,
            -9.5145
          ],
          [
            -40.4715,
            -9.5135
          ],
          [
            -40.4715,
            -9.5125
          ],
          [
            -40.4715,
            -9.5115
          ]
        ]
      },
      "properties": {
        "id": "hidro_2281",
        "tipo": "Drenagem Regional",
        "bacia": "Bacia Hidrogr\u00e1fica do Rio S\u00e3o Francisco"
      }
    },
    {
      "type": "Feature",
      "geometry": {
        "type": "LineString",
        "coordinates": [
          [
            -39.5645,
            -9.5355
          ],
          [
            -39.5655,
            -9.5355
          ],
          [
            -39.5645,
            -9.5365
          ],
          [
            -39.5655,
            -9.5375
          ],
          [
            -39.5645,
            -9.5385
          ],
          [
            -39.5635,
            -9.5395
          ],
          [
            -39.5625,
            -9.5405
          ],
          [
            -39.5635,
            -9.5415
          ],
          [
            -39.5625,
            -9.5425
          ],
          [
            -39.5625,
            -9.5435
          ],
          [
            -39.5625,
            -9.5445
          ],
          [
            -39.5615,
            -9.5455
          ],
          [
            -39.5605,
            -9.5465
          ],
          [
            -39.5615,
            -9.5475
          ],
          [
            -39.5605,
            -9.5485
          ],
          [
            -39.5595,
            -9.5495
          ],
          [
            -39.5585,
            -9.5485
          ],
          [
            -39.5575,
            -9.5495
          ],
          [
            -39.5565,
            -9.5485
          ],
          [
            -39.5555,
            -9.5475
          ],
          [
            -39.5545,
            -9.5485
          ],
          [
            -39.5535,
            -9.5475
          ],
          [
            -39.5525,
            -9.5485
          ],
          [
            -39.5515,
            -9.5475
          ],
          [
            -39.5505,
            -9.5475
          ]
        ]
      },
      "properties": {
        "id": "hidro_2311",
        "tipo": "Drenagem Regional",
        "bacia": "Bacia Hidrogr\u00e1fica do Rio S\u00e3o Francisco"
      }
    },
    {
      "type": "Feature",
      "geometry": {
        "type": "LineString",
        "coordinates": [
          [
            -41.8395,
            -9.5605
          ],
          [
            -41.8385,
            -9.5595
          ],
          [
            -41.8375,
            -9.5585
          ],
          [
            -41.8365,
            -9.5575
          ],
          [
            -41.8365,
            -9.5565
          ],
          [
            -41.8365,
            -9.5555
          ],
          [
            -41.8365,
            -9.5545
          ],
          [
            -41.8365,
            -9.5535
          ],
          [
            -41.8365,
            -9.5525
          ],
          [
            -41.8365,
            -9.5515
          ],
          [
            -41.8365,
            -9.5505
          ],
          [
            -41.8365,
            -9.5495
          ],
          [
            -41.8365,
            -9.5485
          ],
          [
            -41.8365,
            -9.5475
          ],
          [
            -41.8365,
            -9.5465
          ],
          [
            -41.8365,
            -9.5455
          ],
          [
            -41.8365,
            -9.5445
          ],
          [
            -41.8355,
            -9.5455
          ],
          [
            -41.8345,
            -9.5445
          ],
          [
            -41.8335,
            -9.5445
          ],
          [
            -41.8325,
            -9.5445
          ],
          [
            -41.8315,
            -9.5445
          ],
          [
            -41.8305,
            -9.5435
          ],
          [
            -41.8295,
            -9.5435
          ],
          [
            -41.8285,
            -9.5445
          ]
        ]
      },
      "properties": {
        "id": "hidro_2341",
        "tipo": "Drenagem Regional",
        "bacia": "Bacia Hidrogr\u00e1fica do Rio S\u00e3o Francisco"
      }
    },
    {
      "type": "Feature",
      "geometry": {
        "type": "LineString",
        "coordinates": [
          [
            -41.0145,
            -9.5605
          ],
          [
            -41.0135,
            -9.5595
          ],
          [
            -41.0125,
            -9.5585
          ],
          [
            -41.0115,
            -9.5575
          ],
          [
            -41.0105,
            -9.5575
          ],
          [
            -41.0095,
            -9.5575
          ],
          [
            -41.0085,
            -9.5575
          ],
          [
            -41.0075,
            -9.5565
          ],
          [
            -41.0065,
            -9.5555
          ],
          [
            -41.0065,
            -9.5545
          ],
          [
            -41.0065,
            -9.5535
          ],
          [
            -41.0065,
            -9.5525
          ],
          [
            -41.0065,
            -9.5515
          ],
          [
            -41.0065,
            -9.5505
          ],
          [
            -41.0065,
            -9.5495
          ],
          [
            -41.0065,
            -9.5485
          ],
          [
            -41.0065,
            -9.5475
          ],
          [
            -41.0065,
            -9.5465
          ],
          [
            -41.0065,
            -9.5455
          ],
          [
            -41.0075,
            -9.5445
          ],
          [
            -41.0075,
            -9.5435
          ],
          [
            -41.0085,
            -9.5425
          ],
          [
            -41.0095,
            -9.5415
          ],
          [
            -41.0105,
            -9.5415
          ],
          [
            -41.0115,
            -9.5415
          ]
        ]
      },
      "properties": {
        "id": "hidro_2371",
        "tipo": "Drenagem Regional",
        "bacia": "Bacia Hidrogr\u00e1fica do Rio S\u00e3o Francisco"
      }
    },
    {
      "type": "Feature",
      "geometry": {
        "type": "LineString",
        "coordinates": [
          [
            -40.1145,
            -9.5605
          ],
          [
            -40.1135,
            -9.5615
          ],
          [
            -40.1125,
            -9.5625
          ],
          [
            -40.1125,
            -9.5635
          ],
          [
            -40.1125,
            -9.5645
          ],
          [
            -40.1115,
            -9.5655
          ],
          [
            -40.1105,
            -9.5655
          ],
          [
            -40.1095,
            -9.5665
          ]
        ]
      },
      "properties": {
        "id": "hidro_2401",
        "tipo": "Talvegue",
        "bacia": "Bacia Hidrogr\u00e1fica do Rio S\u00e3o Francisco"
      }
    },
    {
      "type": "Feature",
      "geometry": {
        "type": "LineString",
        "coordinates": [
          [
            -42.4645,
            -9.5855
          ],
          [
            -42.4635,
            -9.5865
          ],
          [
            -42.4625,
            -9.5875
          ],
          [
            -42.4615,
            -9.5885
          ],
          [
            -42.4625,
            -9.5895
          ],
          [
            -42.4625,
            -9.5905
          ],
          [
            -42.4635,
            -9.5915
          ],
          [
            -42.4645,
            -9.5915
          ],
          [
            -42.4655,
            -9.5925
          ],
          [
            -42.4665,
            -9.5925
          ],
          [
            -42.4675,
            -9.5935
          ],
          [
            -42.4665,
            -9.5945
          ]
        ]
      },
      "properties": {
        "id": "hidro_2431",
        "tipo": "Talvegue",
        "bacia": "Bacia Hidrogr\u00e1fica do Rio S\u00e3o Francisco"
      }
    },
    {
      "type": "Feature",
      "geometry": {
        "type": "LineString",
        "coordinates": [
          [
            -41.3645,
            -9.5855
          ],
          [
            -41.3655,
            -9.5855
          ],
          [
            -41.3665,
            -9.5855
          ],
          [
            -41.3675,
            -9.5855
          ],
          [
            -41.3685,
            -9.5855
          ],
          [
            -41.3695,
            -9.5855
          ],
          [
            -41.3705,
            -9.5855
          ],
          [
            -41.3695,
            -9.5865
          ],
          [
            -41.3705,
            -9.5875
          ],
          [
            -41.3715,
            -9.5875
          ],
          [
            -41.3705,
            -9.5885
          ],
          [
            -41.3695,
            -9.5895
          ],
          [
            -41.3695,
            -9.5905
          ],
          [
            -41.3695,
            -9.5915
          ],
          [
            -41.3685,
            -9.5925
          ],
          [
            -41.3675,
            -9.5935
          ],
          [
            -41.3665,
            -9.5945
          ],
          [
            -41.3665,
            -9.5955
          ],
          [
            -41.3655,
            -9.5965
          ],
          [
            -41.3645,
            -9.5955
          ],
          [
            -41.3635,
            -9.5945
          ],
          [
            -41.3625,
            -9.5945
          ],
          [
            -41.3615,
            -9.5955
          ]
        ]
      },
      "properties": {
        "id": "hidro_2461",
        "tipo": "Drenagem Regional",
        "bacia": "Bacia Hidrogr\u00e1fica do Rio S\u00e3o Francisco"
      }
    },
    {
      "type": "Feature",
      "geometry": {
        "type": "LineString",
        "coordinates": [
          [
            -40.4895,
            -9.5855
          ],
          [
            -40.4885,
            -9.5855
          ],
          [
            -40.4875,
            -9.5865
          ],
          [
            -40.4865,
            -9.5875
          ],
          [
            -40.4865,
            -9.5885
          ],
          [
            -40.4865,
            -9.5895
          ],
          [
            -40.4865,
            -9.5905
          ],
          [
            -40.4855,
            -9.5915
          ]
        ]
      },
      "properties": {
        "id": "hidro_2491",
        "tipo": "Talvegue",
        "bacia": "Bacia Hidrogr\u00e1fica do Rio S\u00e3o Francisco"
      }
    },
    {
      "type": "Feature",
      "geometry": {
        "type": "LineString",
        "coordinates": [
          [
            -39.5895,
            -9.5855
          ],
          [
            -39.5885,
            -9.5845
          ],
          [
            -39.5875,
            -9.5835
          ],
          [
            -39.5875,
            -9.5825
          ],
          [
            -39.5875,
            -9.5815
          ],
          [
            -39.5865,
            -9.5805
          ],
          [
            -39.5865,
            -9.5795
          ],
          [
            -39.5855,
            -9.5785
          ],
          [
            -39.5845,
            -9.5795
          ]
        ]
      },
      "properties": {
        "id": "hidro_2521",
        "tipo": "Talvegue",
        "bacia": "Bacia Hidrogr\u00e1fica do Rio S\u00e3o Francisco"
      }
    },
    {
      "type": "Feature",
      "geometry": {
        "type": "LineString",
        "coordinates": [
          [
            -41.8895,
            -9.6105
          ],
          [
            -41.8885,
            -9.6115
          ],
          [
            -41.8895,
            -9.6125
          ],
          [
            -41.8895,
            -9.6135
          ],
          [
            -41.8905,
            -9.6145
          ],
          [
            -41.8915,
            -9.6145
          ],
          [
            -41.8925,
            -9.6145
          ],
          [
            -41.8935,
            -9.6145
          ],
          [
            -41.8945,
            -9.6145
          ],
          [
            -41.8955,
            -9.6145
          ],
          [
            -41.8965,
            -9.6145
          ],
          [
            -41.8975,
            -9.6145
          ],
          [
            -41.8985,
            -9.6145
          ],
          [
            -41.8995,
            -9.6145
          ],
          [
            -41.9005,
            -9.6145
          ],
          [
            -41.9015,
            -9.6145
          ],
          [
            -41.9025,
            -9.6145
          ],
          [
            -41.9015,
            -9.6155
          ],
          [
            -41.9025,
            -9.6165
          ],
          [
            -41.9015,
            -9.6175
          ],
          [
            -41.9015,
            -9.6185
          ],
          [
            -41.9005,
            -9.6195
          ],
          [
            -41.9015,
            -9.6205
          ],
          [
            -41.9015,
            -9.6215
          ],
          [
            -41.9005,
            -9.6225
          ]
        ]
      },
      "properties": {
        "id": "hidro_2551",
        "tipo": "Drenagem Regional",
        "bacia": "Bacia Hidrogr\u00e1fica do Rio S\u00e3o Francisco"
      }
    },
    {
      "type": "Feature",
      "geometry": {
        "type": "LineString",
        "coordinates": [
          [
            -40.8645,
            -9.6105
          ],
          [
            -40.8655,
            -9.6115
          ],
          [
            -40.8645,
            -9.6125
          ],
          [
            -40.8635,
            -9.6135
          ],
          [
            -40.8625,
            -9.6145
          ],
          [
            -40.8615,
            -9.6155
          ],
          [
            -40.8615,
            -9.6165
          ],
          [
            -40.8605,
            -9.6175
          ],
          [
            -40.8595,
            -9.6165
          ],
          [
            -40.8585,
            -9.6175
          ],
          [
            -40.8575,
            -9.6175
          ],
          [
            -40.8565,
            -9.6175
          ],
          [
            -40.8555,
            -9.6185
          ],
          [
            -40.8545,
            -9.6175
          ],
          [
            -40.8535,
            -9.6175
          ],
          [
            -40.8525,
            -9.6165
          ],
          [
            -40.8515,
            -9.6165
          ],
          [
            -40.8505,
            -9.6155
          ],
          [
            -40.8495,
            -9.6145
          ],
          [
            -40.8485,
            -9.6155
          ]
        ]
      },
      "properties": {
        "id": "hidro_2581",
        "tipo": "Drenagem Regional",
        "bacia": "Bacia Hidrogr\u00e1fica do Rio S\u00e3o Francisco"
      }
    },
    {
      "type": "Feature",
      "geometry": {
        "type": "LineString",
        "coordinates": [
          [
            -39.9645,
            -9.6105
          ],
          [
            -39.9635,
            -9.6115
          ],
          [
            -39.9635,
            -9.6125
          ],
          [
            -39.9645,
            -9.6135
          ],
          [
            -39.9645,
            -9.6145
          ],
          [
            -39.9635,
            -9.6155
          ],
          [
            -39.9625,
            -9.6165
          ],
          [
            -39.9615,
            -9.6175
          ],
          [
            -39.9605,
            -9.6185
          ],
          [
            -39.9595,
            -9.6185
          ],
          [
            -39.9585,
            -9.6195
          ],
          [
            -39.9575,
            -9.6205
          ],
          [
            -39.9565,
            -9.6205
          ],
          [
            -39.9555,
            -9.6215
          ],
          [
            -39.9545,
            -9.6205
          ],
          [
            -39.9535,
            -9.6215
          ]
        ]
      },
      "properties": {
        "id": "hidro_2611",
        "tipo": "Drenagem Regional",
        "bacia": "Bacia Hidrogr\u00e1fica do Rio S\u00e3o Francisco"
      }
    },
    {
      "type": "Feature",
      "geometry": {
        "type": "LineString",
        "coordinates": [
          [
            -42.1395,
            -9.6355
          ],
          [
            -42.1385,
            -9.6345
          ],
          [
            -42.1375,
            -9.6345
          ],
          [
            -42.1365,
            -9.6335
          ],
          [
            -42.1365,
            -9.6325
          ],
          [
            -42.1355,
            -9.6315
          ],
          [
            -42.1345,
            -9.6325
          ]
        ]
      },
      "properties": {
        "id": "hidro_2641",
        "tipo": "Talvegue",
        "bacia": "Bacia Hidrogr\u00e1fica do Rio S\u00e3o Francisco"
      }
    },
    {
      "type": "Feature",
      "geometry": {
        "type": "LineString",
        "coordinates": [
          [
            -41.2645,
            -9.6355
          ],
          [
            -41.2655,
            -9.6345
          ],
          [
            -41.2665,
            -9.6335
          ],
          [
            -41.2675,
            -9.6325
          ],
          [
            -41.2685,
            -9.6315
          ],
          [
            -41.2695,
            -9.6305
          ],
          [
            -41.2705,
            -9.6295
          ],
          [
            -41.2715,
            -9.6285
          ],
          [
            -41.2725,
            -9.6275
          ],
          [
            -41.2735,
            -9.6265
          ],
          [
            -41.2745,
            -9.6255
          ],
          [
            -41.2755,
            -9.6245
          ],
          [
            -41.2765,
            -9.6235
          ],
          [
            -41.2775,
            -9.6225
          ],
          [
            -41.2785,
            -9.6225
          ],
          [
            -41.2795,
            -9.6215
          ],
          [
            -41.2795,
            -9.6205
          ],
          [
            -41.2795,
            -9.6195
          ],
          [
            -41.2805,
            -9.6185
          ],
          [
            -41.2805,
            -9.6175
          ],
          [
            -41.2815,
            -9.6165
          ],
          [
            -41.2815,
            -9.6155
          ],
          [
            -41.2815,
            -9.6145
          ],
          [
            -41.2805,
            -9.6155
          ]
        ]
      },
      "properties": {
        "id": "hidro_2671",
        "tipo": "Drenagem Regional",
        "bacia": "Bacia Hidrogr\u00e1fica do Rio S\u00e3o Francisco"
      }
    },
    {
      "type": "Feature",
      "geometry": {
        "type": "LineString",
        "coordinates": [
          [
            -40.3895,
            -9.6355
          ],
          [
            -40.3885,
            -9.6365
          ],
          [
            -40.3875,
            -9.6355
          ],
          [
            -40.3875,
            -9.6345
          ],
          [
            -40.3865,
            -9.6335
          ],
          [
            -40.3855,
            -9.6345
          ]
        ]
      },
      "properties": {
        "id": "hidro_2701",
        "tipo": "Talvegue",
        "bacia": "Bacia Hidrogr\u00e1fica do Rio S\u00e3o Francisco"
      }
    },
    {
      "type": "Feature",
      "geometry": {
        "type": "LineString",
        "coordinates": [
          [
            -42.7395,
            -9.6605
          ],
          [
            -42.7405,
            -9.6615
          ],
          [
            -42.7395,
            -9.6625
          ],
          [
            -42.7385,
            -9.6635
          ],
          [
            -42.7385,
            -9.6645
          ],
          [
            -42.7375,
            -9.6655
          ],
          [
            -42.7375,
            -9.6665
          ],
          [
            -42.7365,
            -9.6675
          ],
          [
            -42.7365,
            -9.6685
          ],
          [
            -42.7355,
            -9.6695
          ],
          [
            -42.7355,
            -9.6705
          ],
          [
            -42.7355,
            -9.6715
          ],
          [
            -42.7355,
            -9.6725
          ],
          [
            -42.7355,
            -9.6735
          ],
          [
            -42.7345,
            -9.6745
          ],
          [
            -42.7335,
            -9.6755
          ]
        ]
      },
      "properties": {
        "id": "hidro_2731",
        "tipo": "Drenagem Regional",
        "bacia": "Bacia Hidrogr\u00e1fica do Rio S\u00e3o Francisco"
      }
    },
    {
      "type": "Feature",
      "geometry": {
        "type": "LineString",
        "coordinates": [
          [
            -41.8145,
            -9.6605
          ],
          [
            -41.8155,
            -9.6595
          ],
          [
            -41.8165,
            -9.6585
          ],
          [
            -41.8175,
            -9.6575
          ],
          [
            -41.8185,
            -9.6565
          ],
          [
            -41.8195,
            -9.6555
          ],
          [
            -41.8205,
            -9.6545
          ],
          [
            -41.8215,
            -9.6535
          ],
          [
            -41.8225,
            -9.6525
          ],
          [
            -41.8235,
            -9.6515
          ],
          [
            -41.8245,
            -9.6505
          ],
          [
            -41.8255,
            -9.6495
          ],
          [
            -41.8265,
            -9.6485
          ],
          [
            -41.8275,
            -9.6475
          ],
          [
            -41.8285,
            -9.6465
          ],
          [
            -41.8295,
            -9.6455
          ],
          [
            -41.8305,
            -9.6445
          ],
          [
            -41.8315,
            -9.6435
          ],
          [
            -41.8325,
            -9.6425
          ],
          [
            -41.8335,
            -9.6415
          ],
          [
            -41.8345,
            -9.6405
          ],
          [
            -41.8355,
            -9.6395
          ],
          [
            -41.8365,
            -9.6385
          ],
          [
            -41.8375,
            -9.6375
          ],
          [
            -41.8385,
            -9.6365
          ]
        ]
      },
      "properties": {
        "id": "hidro_2761",
        "tipo": "Drenagem Regional",
        "bacia": "Bacia Hidrogr\u00e1fica do Rio S\u00e3o Francisco"
      }
    },
    {
      "type": "Feature",
      "geometry": {
        "type": "LineString",
        "coordinates": [
          [
            -41.0395,
            -9.6605
          ],
          [
            -41.0385,
            -9.6615
          ],
          [
            -41.0375,
            -9.6625
          ],
          [
            -41.0375,
            -9.6635
          ],
          [
            -41.0385,
            -9.6645
          ],
          [
            -41.0395,
            -9.6645
          ],
          [
            -41.0385,
            -9.6655
          ],
          [
            -41.0395,
            -9.6665
          ],
          [
            -41.0405,
            -9.6675
          ],
          [
            -41.0415,
            -9.6685
          ],
          [
            -41.0415,
            -9.6695
          ],
          [
            -41.0425,
            -9.6705
          ],
          [
            -41.0425,
            -9.6715
          ],
          [
            -41.0435,
            -9.6725
          ],
          [
            -41.0435,
            -9.6735
          ],
          [
            -41.0435,
            -9.6745
          ],
          [
            -41.0425,
            -9.6755
          ],
          [
            -41.0435,
            -9.6765
          ],
          [
            -41.0445,
            -9.6775
          ],
          [
            -41.0445,
            -9.6785
          ],
          [
            -41.0445,
            -9.6795
          ],
          [
            -41.0455,
            -9.6805
          ],
          [
            -41.0465,
            -9.6815
          ],
          [
            -41.0475,
            -9.6825
          ],
          [
            -41.0485,
            -9.6835
          ]
        ]
      },
      "properties": {
        "id": "hidro_2791",
        "tipo": "Drenagem Regional",
        "bacia": "Bacia Hidrogr\u00e1fica do Rio S\u00e3o Francisco"
      }
    },
    {
      "type": "Feature",
      "geometry": {
        "type": "LineString",
        "coordinates": [
          [
            -39.9645,
            -9.6605
          ],
          [
            -39.9635,
            -9.6605
          ],
          [
            -39.9625,
            -9.6605
          ],
          [
            -39.9615,
            -9.6595
          ],
          [
            -39.9605,
            -9.6595
          ],
          [
            -39.9595,
            -9.6595
          ],
          [
            -39.9585,
            -9.6605
          ],
          [
            -39.9575,
            -9.6615
          ],
          [
            -39.9565,
            -9.6615
          ],
          [
            -39.9555,
            -9.6625
          ],
          [
            -39.9545,
            -9.6625
          ],
          [
            -39.9535,
            -9.6625
          ],
          [
            -39.9525,
            -9.6635
          ],
          [
            -39.9515,
            -9.6625
          ],
          [
            -39.9505,
            -9.6625
          ],
          [
            -39.9495,
            -9.6635
          ],
          [
            -39.9485,
            -9.6635
          ],
          [
            -39.9475,
            -9.6635
          ],
          [
            -39.9465,
            -9.6635
          ],
          [
            -39.9455,
            -9.6645
          ],
          [
            -39.9445,
            -9.6645
          ],
          [
            -39.9435,
            -9.6655
          ],
          [
            -39.9425,
            -9.6645
          ],
          [
            -39.9415,
            -9.6645
          ],
          [
            -39.9405,
            -9.6655
          ]
        ]
      },
      "properties": {
        "id": "hidro_2821",
        "tipo": "Drenagem Regional",
        "bacia": "Bacia Hidrogr\u00e1fica do Rio S\u00e3o Francisco"
      }
    },
    {
      "type": "Feature",
      "geometry": {
        "type": "LineString",
        "coordinates": [
          [
            -42.3895,
            -9.6855
          ],
          [
            -42.3905,
            -9.6865
          ],
          [
            -42.3905,
            -9.6875
          ],
          [
            -42.3895,
            -9.6885
          ],
          [
            -42.3905,
            -9.6895
          ],
          [
            -42.3895,
            -9.6905
          ]
        ]
      },
      "properties": {
        "id": "hidro_2851",
        "tipo": "Talvegue",
        "bacia": "Bacia Hidrogr\u00e1fica do Rio S\u00e3o Francisco"
      }
    },
    {
      "type": "Feature",
      "geometry": {
        "type": "LineString",
        "coordinates": [
          [
            -41.4895,
            -9.6855
          ],
          [
            -41.4905,
            -9.6845
          ],
          [
            -41.4915,
            -9.6835
          ],
          [
            -41.4925,
            -9.6825
          ],
          [
            -41.4935,
            -9.6815
          ],
          [
            -41.4945,
            -9.6805
          ],
          [
            -41.4955,
            -9.6795
          ],
          [
            -41.4965,
            -9.6785
          ],
          [
            -41.4975,
            -9.6775
          ],
          [
            -41.4985,
            -9.6765
          ],
          [
            -41.4995,
            -9.6755
          ],
          [
            -41.5005,
            -9.6745
          ],
          [
            -41.5015,
            -9.6735
          ],
          [
            -41.5025,
            -9.6725
          ],
          [
            -41.5035,
            -9.6715
          ],
          [
            -41.5045,
            -9.6705
          ],
          [
            -41.5055,
            -9.6695
          ],
          [
            -41.5065,
            -9.6685
          ],
          [
            -41.5075,
            -9.6675
          ],
          [
            -41.5085,
            -9.6665
          ],
          [
            -41.5095,
            -9.6655
          ],
          [
            -41.5105,
            -9.6645
          ],
          [
            -41.5115,
            -9.6635
          ],
          [
            -41.5125,
            -9.6625
          ],
          [
            -41.5135,
            -9.6615
          ]
        ]
      },
      "properties": {
        "id": "hidro_2881",
        "tipo": "Drenagem Regional",
        "bacia": "Bacia Hidrogr\u00e1fica do Rio S\u00e3o Francisco"
      }
    },
    {
      "type": "Feature",
      "geometry": {
        "type": "LineString",
        "coordinates": [
          [
            -40.5645,
            -9.6855
          ],
          [
            -40.5645,
            -9.6865
          ],
          [
            -40.5655,
            -9.6875
          ],
          [
            -40.5665,
            -9.6885
          ],
          [
            -40.5675,
            -9.6895
          ],
          [
            -40.5685,
            -9.6885
          ],
          [
            -40.5695,
            -9.6895
          ],
          [
            -40.5705,
            -9.6895
          ],
          [
            -40.5695,
            -9.6905
          ]
        ]
      },
      "properties": {
        "id": "hidro_2911",
        "tipo": "Talvegue",
        "bacia": "Bacia Hidrogr\u00e1fica do Rio S\u00e3o Francisco"
      }
    },
    {
      "type": "Feature",
      "geometry": {
        "type": "LineString",
        "coordinates": [
          [
            -39.6645,
            -9.6855
          ],
          [
            -39.6655,
            -9.6845
          ],
          [
            -39.6665,
            -9.6835
          ],
          [
            -39.6675,
            -9.6825
          ],
          [
            -39.6675,
            -9.6815
          ],
          [
            -39.6675,
            -9.6805
          ],
          [
            -39.6675,
            -9.6795
          ],
          [
            -39.6675,
            -9.6785
          ],
          [
            -39.6675,
            -9.6775
          ],
          [
            -39.6675,
            -9.6765
          ],
          [
            -39.6665,
            -9.6775
          ]
        ]
      },
      "properties": {
        "id": "hidro_2941",
        "tipo": "Talvegue",
        "bacia": "Bacia Hidrogr\u00e1fica do Rio S\u00e3o Francisco"
      }
    },
    {
      "type": "Feature",
      "geometry": {
        "type": "LineString",
        "coordinates": [
          [
            -41.8895,
            -9.7105
          ],
          [
            -41.8905,
            -9.7095
          ],
          [
            -41.8915,
            -9.7085
          ],
          [
            -41.8925,
            -9.7075
          ],
          [
            -41.8935,
            -9.7065
          ],
          [
            -41.8945,
            -9.7055
          ],
          [
            -41.8955,
            -9.7045
          ],
          [
            -41.8965,
            -9.7035
          ],
          [
            -41.8975,
            -9.7025
          ],
          [
            -41.8985,
            -9.7015
          ],
          [
            -41.8995,
            -9.7005
          ],
          [
            -41.9005,
            -9.6995
          ],
          [
            -41.9015,
            -9.6985
          ],
          [
            -41.9025,
            -9.6975
          ],
          [
            -41.9035,
            -9.6965
          ],
          [
            -41.9045,
            -9.6955
          ],
          [
            -41.9055,
            -9.6945
          ],
          [
            -41.9065,
            -9.6935
          ],
          [
            -41.9075,
            -9.6925
          ],
          [
            -41.9085,
            -9.6915
          ],
          [
            -41.9095,
            -9.6905
          ],
          [
            -41.9105,
            -9.6895
          ],
          [
            -41.9115,
            -9.6885
          ],
          [
            -41.9125,
            -9.6875
          ],
          [
            -41.9135,
            -9.6865
          ]
        ]
      },
      "properties": {
        "id": "hidro_2971",
        "tipo": "Drenagem Regional",
        "bacia": "Bacia Hidrogr\u00e1fica do Rio S\u00e3o Francisco"
      }
    },
    {
      "type": "Feature",
      "geometry": {
        "type": "LineString",
        "coordinates": [
          [
            -41.0645,
            -9.7105
          ],
          [
            -41.0655,
            -9.7095
          ],
          [
            -41.0665,
            -9.7095
          ],
          [
            -41.0675,
            -9.7085
          ],
          [
            -41.0685,
            -9.7075
          ],
          [
            -41.0695,
            -9.7065
          ],
          [
            -41.0705,
            -9.7055
          ],
          [
            -41.0705,
            -9.7045
          ],
          [
            -41.0715,
            -9.7035
          ],
          [
            -41.0725,
            -9.7025
          ],
          [
            -41.0735,
            -9.7015
          ],
          [
            -41.0745,
            -9.7005
          ],
          [
            -41.0755,
            -9.7015
          ],
          [
            -41.0765,
            -9.7015
          ],
          [
            -41.0775,
            -9.7015
          ],
          [
            -41.0785,
            -9.7015
          ],
          [
            -41.0795,
            -9.7015
          ],
          [
            -41.0805,
            -9.7025
          ],
          [
            -41.0815,
            -9.7035
          ],
          [
            -41.0825,
            -9.7035
          ],
          [
            -41.0815,
            -9.7045
          ]
        ]
      },
      "properties": {
        "id": "hidro_3001",
        "tipo": "Drenagem Regional",
        "bacia": "Bacia Hidrogr\u00e1fica do Rio S\u00e3o Francisco"
      }
    },
    {
      "type": "Feature",
      "geometry": {
        "type": "LineString",
        "coordinates": [
          [
            -40.1645,
            -9.7105
          ],
          [
            -40.1635,
            -9.7115
          ],
          [
            -40.1635,
            -9.7125
          ],
          [
            -40.1645,
            -9.7135
          ],
          [
            -40.1655,
            -9.7145
          ],
          [
            -40.1665,
            -9.7145
          ],
          [
            -40.1675,
            -9.7145
          ],
          [
            -40.1685,
            -9.7145
          ],
          [
            -40.1695,
            -9.7145
          ],
          [
            -40.1705,
            -9.7145
          ],
          [
            -40.1715,
            -9.7145
          ],
          [
            -40.1725,
            -9.7145
          ],
          [
            -40.1735,
            -9.7145
          ],
          [
            -40.1745,
            -9.7135
          ],
          [
            -40.1755,
            -9.7125
          ],
          [
            -40.1765,
            -9.7115
          ]
        ]
      },
      "properties": {
        "id": "hidro_3031",
        "tipo": "Drenagem Regional",
        "bacia": "Bacia Hidrogr\u00e1fica do Rio S\u00e3o Francisco"
      }
    },
    {
      "type": "Feature",
      "geometry": {
        "type": "LineString",
        "coordinates": [
          [
            -42.5145,
            -9.7355
          ],
          [
            -42.5145,
            -9.7365
          ],
          [
            -42.5145,
            -9.7375
          ],
          [
            -42.5145,
            -9.7385
          ],
          [
            -42.5145,
            -9.7395
          ],
          [
            -42.5135,
            -9.7405
          ],
          [
            -42.5125,
            -9.7395
          ],
          [
            -42.5115,
            -9.7395
          ],
          [
            -42.5105,
            -9.7395
          ],
          [
            -42.5095,
            -9.7395
          ],
          [
            -42.5085,
            -9.7405
          ],
          [
            -42.5075,
            -9.7405
          ],
          [
            -42.5065,
            -9.7405
          ],
          [
            -42.5055,
            -9.7395
          ],
          [
            -42.5045,
            -9.7395
          ],
          [
            -42.5035,
            -9.7405
          ],
          [
            -42.5025,
            -9.7405
          ],
          [
            -42.5015,
            -9.7415
          ],
          [
            -42.5015,
            -9.7425
          ],
          [
            -42.5005,
            -9.7435
          ]
        ]
      },
      "properties": {
        "id": "hidro_3061",
        "tipo": "Drenagem Regional",
        "bacia": "Bacia Hidrogr\u00e1fica do Rio S\u00e3o Francisco"
      }
    },
    {
      "type": "Feature",
      "geometry": {
        "type": "LineString",
        "coordinates": [
          [
            -41.5895,
            -9.7355
          ],
          [
            -41.5905,
            -9.7345
          ],
          [
            -41.5915,
            -9.7335
          ],
          [
            -41.5925,
            -9.7325
          ],
          [
            -41.5935,
            -9.7315
          ],
          [
            -41.5945,
            -9.7305
          ],
          [
            -41.5955,
            -9.7295
          ],
          [
            -41.5965,
            -9.7285
          ],
          [
            -41.5975,
            -9.7275
          ],
          [
            -41.5985,
            -9.7265
          ],
          [
            -41.5995,
            -9.7255
          ],
          [
            -41.6005,
            -9.7245
          ],
          [
            -41.6015,
            -9.7235
          ],
          [
            -41.6025,
            -9.7225
          ],
          [
            -41.6035,
            -9.7215
          ],
          [
            -41.6045,
            -9.7205
          ],
          [
            -41.6055,
            -9.7195
          ],
          [
            -41.6065,
            -9.7185
          ],
          [
            -41.6075,
            -9.7175
          ],
          [
            -41.6085,
            -9.7165
          ],
          [
            -41.6095,
            -9.7155
          ],
          [
            -41.6105,
            -9.7145
          ],
          [
            -41.6115,
            -9.7135
          ],
          [
            -41.6125,
            -9.7125
          ],
          [
            -41.6135,
            -9.7115
          ]
        ]
      },
      "properties": {
        "id": "hidro_3091",
        "tipo": "Drenagem Regional",
        "bacia": "Bacia Hidrogr\u00e1fica do Rio S\u00e3o Francisco"
      }
    },
    {
      "type": "Feature",
      "geometry": {
        "type": "LineString",
        "coordinates": [
          [
            -40.7645,
            -9.7355
          ],
          [
            -40.7635,
            -9.7365
          ],
          [
            -40.7625,
            -9.7375
          ],
          [
            -40.7615,
            -9.7385
          ],
          [
            -40.7605,
            -9.7375
          ],
          [
            -40.7595,
            -9.7365
          ],
          [
            -40.7595,
            -9.7355
          ],
          [
            -40.7595,
            -9.7345
          ],
          [
            -40.7595,
            -9.7335
          ],
          [
            -40.7585,
            -9.7345
          ]
        ]
      },
      "properties": {
        "id": "hidro_3121",
        "tipo": "Talvegue",
        "bacia": "Bacia Hidrogr\u00e1fica do Rio S\u00e3o Francisco"
      }
    },
    {
      "type": "Feature",
      "geometry": {
        "type": "LineString",
        "coordinates": [
          [
            -39.9395,
            -9.7355
          ],
          [
            -39.9405,
            -9.7345
          ],
          [
            -39.9405,
            -9.7335
          ],
          [
            -39.9405,
            -9.7325
          ],
          [
            -39.9405,
            -9.7315
          ],
          [
            -39.9405,
            -9.7305
          ],
          [
            -39.9405,
            -9.7295
          ],
          [
            -39.9395,
            -9.7305
          ]
        ]
      },
      "properties": {
        "id": "hidro_3151",
        "tipo": "Talvegue",
        "bacia": "Bacia Hidrogr\u00e1fica do Rio S\u00e3o Francisco"
      }
    },
    {
      "type": "Feature",
      "geometry": {
        "type": "LineString",
        "coordinates": [
          [
            -42.3395,
            -9.7605
          ],
          [
            -42.3405,
            -9.7595
          ],
          [
            -42.3405,
            -9.7585
          ],
          [
            -42.3395,
            -9.7575
          ],
          [
            -42.3385,
            -9.7565
          ],
          [
            -42.3375,
            -9.7565
          ],
          [
            -42.3365,
            -9.7555
          ],
          [
            -42.3365,
            -9.7545
          ],
          [
            -42.3355,
            -9.7535
          ],
          [
            -42.3345,
            -9.7525
          ],
          [
            -42.3335,
            -9.7535
          ],
          [
            -42.3325,
            -9.7525
          ],
          [
            -42.3315,
            -9.7515
          ],
          [
            -42.3305,
            -9.7515
          ],
          [
            -42.3295,
            -9.7505
          ],
          [
            -42.3295,
            -9.7495
          ],
          [
            -42.3285,
            -9.7485
          ],
          [
            -42.3275,
            -9.7475
          ],
          [
            -42.3265,
            -9.7475
          ],
          [
            -42.3255,
            -9.7475
          ],
          [
            -42.3245,
            -9.7475
          ],
          [
            -42.3235,
            -9.7485
          ],
          [
            -42.3225,
            -9.7475
          ],
          [
            -42.3215,
            -9.7465
          ],
          [
            -42.3205,
            -9.7465
          ]
        ]
      },
      "properties": {
        "id": "hidro_3181",
        "tipo": "Drenagem Regional",
        "bacia": "Bacia Hidrogr\u00e1fica do Rio S\u00e3o Francisco"
      }
    },
    {
      "type": "Feature",
      "geometry": {
        "type": "LineString",
        "coordinates": [
          [
            -41.4895,
            -9.7605
          ],
          [
            -41.4905,
            -9.7595
          ],
          [
            -41.4915,
            -9.7585
          ],
          [
            -41.4925,
            -9.7575
          ],
          [
            -41.4935,
            -9.7565
          ],
          [
            -41.4945,
            -9.7555
          ],
          [
            -41.4955,
            -9.7545
          ],
          [
            -41.4965,
            -9.7535
          ],
          [
            -41.4975,
            -9.7525
          ],
          [
            -41.4985,
            -9.7515
          ],
          [
            -41.4995,
            -9.7505
          ],
          [
            -41.5005,
            -9.7495
          ],
          [
            -41.5015,
            -9.7485
          ],
          [
            -41.5025,
            -9.7475
          ],
          [
            -41.5035,
            -9.7465
          ],
          [
            -41.5045,
            -9.7455
          ],
          [
            -41.5055,
            -9.7445
          ],
          [
            -41.5065,
            -9.7435
          ],
          [
            -41.5075,
            -9.7425
          ],
          [
            -41.5085,
            -9.7415
          ],
          [
            -41.5095,
            -9.7405
          ],
          [
            -41.5105,
            -9.7395
          ],
          [
            -41.5115,
            -9.7385
          ],
          [
            -41.5125,
            -9.7375
          ],
          [
            -41.5135,
            -9.7365
          ]
        ]
      },
      "properties": {
        "id": "hidro_3211",
        "tipo": "Drenagem Regional",
        "bacia": "Bacia Hidrogr\u00e1fica do Rio S\u00e3o Francisco"
      }
    },
    {
      "type": "Feature",
      "geometry": {
        "type": "LineString",
        "coordinates": [
          [
            -40.6395,
            -9.7605
          ],
          [
            -40.6385,
            -9.7615
          ],
          [
            -40.6375,
            -9.7625
          ],
          [
            -40.6365,
            -9.7635
          ],
          [
            -40.6355,
            -9.7645
          ],
          [
            -40.6345,
            -9.7635
          ],
          [
            -40.6335,
            -9.7625
          ],
          [
            -40.6325,
            -9.7625
          ],
          [
            -40.6315,
            -9.7615
          ],
          [
            -40.6305,
            -9.7615
          ],
          [
            -40.6295,
            -9.7615
          ],
          [
            -40.6285,
            -9.7605
          ],
          [
            -40.6285,
            -9.7595
          ],
          [
            -40.6275,
            -9.7585
          ],
          [
            -40.6275,
            -9.7575
          ],
          [
            -40.6275,
            -9.7565
          ],
          [
            -40.6275,
            -9.7555
          ],
          [
            -40.6275,
            -9.7545
          ],
          [
            -40.6275,
            -9.7535
          ],
          [
            -40.6275,
            -9.7525
          ],
          [
            -40.6265,
            -9.7515
          ],
          [
            -40.6265,
            -9.7505
          ],
          [
            -40.6275,
            -9.7495
          ],
          [
            -40.6275,
            -9.7485
          ],
          [
            -40.6285,
            -9.7475
          ]
        ]
      },
      "properties": {
        "id": "hidro_3241",
        "tipo": "Drenagem Regional",
        "bacia": "Bacia Hidrogr\u00e1fica do Rio S\u00e3o Francisco"
      }
    },
    {
      "type": "Feature",
      "geometry": {
        "type": "LineString",
        "coordinates": [
          [
            -39.7145,
            -9.7605
          ],
          [
            -39.7135,
            -9.7595
          ],
          [
            -39.7135,
            -9.7585
          ],
          [
            -39.7125,
            -9.7575
          ],
          [
            -39.7115,
            -9.7565
          ],
          [
            -39.7115,
            -9.7555
          ],
          [
            -39.7115,
            -9.7545
          ],
          [
            -39.7125,
            -9.7535
          ],
          [
            -39.7135,
            -9.7525
          ],
          [
            -39.7145,
            -9.7525
          ],
          [
            -39.7155,
            -9.7525
          ],
          [
            -39.7165,
            -9.7515
          ],
          [
            -39.7165,
            -9.7505
          ],
          [
            -39.7175,
            -9.7495
          ]
        ]
      },
      "properties": {
        "id": "hidro_3271",
        "tipo": "Talvegue",
        "bacia": "Bacia Hidrogr\u00e1fica do Rio S\u00e3o Francisco"
      }
    },
    {
      "type": "Feature",
      "geometry": {
        "type": "LineString",
        "coordinates": [
          [
            -42.1145,
            -9.7855
          ],
          [
            -42.1155,
            -9.7845
          ],
          [
            -42.1165,
            -9.7835
          ],
          [
            -42.1175,
            -9.7825
          ],
          [
            -42.1185,
            -9.7815
          ],
          [
            -42.1195,
            -9.7805
          ],
          [
            -42.1205,
            -9.7795
          ],
          [
            -42.1215,
            -9.7785
          ],
          [
            -42.1225,
            -9.7775
          ],
          [
            -42.1235,
            -9.7765
          ],
          [
            -42.1245,
            -9.7755
          ],
          [
            -42.1255,
            -9.7745
          ],
          [
            -42.1265,
            -9.7735
          ],
          [
            -42.1275,
            -9.7725
          ],
          [
            -42.1285,
            -9.7715
          ],
          [
            -42.1295,
            -9.7705
          ],
          [
            -42.1305,
            -9.7695
          ],
          [
            -42.1315,
            -9.7685
          ],
          [
            -42.1325,
            -9.7675
          ],
          [
            -42.1335,
            -9.7665
          ],
          [
            -42.1345,
            -9.7655
          ],
          [
            -42.1355,
            -9.7645
          ],
          [
            -42.1365,
            -9.7635
          ],
          [
            -42.1375,
            -9.7625
          ],
          [
            -42.1385,
            -9.7615
          ]
        ]
      },
      "properties": {
        "id": "hidro_3301",
        "tipo": "Drenagem Regional",
        "bacia": "Bacia Hidrogr\u00e1fica do Rio S\u00e3o Francisco"
      }
    },
    {
      "type": "Feature",
      "geometry": {
        "type": "LineString",
        "coordinates": [
          [
            -41.2895,
            -9.7855
          ],
          [
            -41.2885,
            -9.7845
          ],
          [
            -41.2875,
            -9.7835
          ],
          [
            -41.2875,
            -9.7825
          ],
          [
            -41.2865,
            -9.7815
          ],
          [
            -41.2875,
            -9.7805
          ],
          [
            -41.2885,
            -9.7795
          ],
          [
            -41.2875,
            -9.7785
          ],
          [
            -41.2865,
            -9.7775
          ],
          [
            -41.2855,
            -9.7785
          ],
          [
            -41.2845,
            -9.7775
          ],
          [
            -41.2845,
            -9.7765
          ],
          [
            -41.2835,
            -9.7755
          ],
          [
            -41.2825,
            -9.7745
          ],
          [
            -41.2815,
            -9.7735
          ],
          [
            -41.2805,
            -9.7725
          ],
          [
            -41.2795,
            -9.7715
          ],
          [
            -41.2785,
            -9.7705
          ],
          [
            -41.2775,
            -9.7695
          ],
          [
            -41.2775,
            -9.7685
          ],
          [
            -41.2775,
            -9.7675
          ],
          [
            -41.2765,
            -9.7665
          ],
          [
            -41.2765,
            -9.7655
          ],
          [
            -41.2765,
            -9.7645
          ],
          [
            -41.2765,
            -9.7635
          ]
        ]
      },
      "properties": {
        "id": "hidro_3331",
        "tipo": "Drenagem Regional",
        "bacia": "Bacia Hidrogr\u00e1fica do Rio S\u00e3o Francisco"
      }
    },
    {
      "type": "Feature",
      "geometry": {
        "type": "LineString",
        "coordinates": [
          [
            -40.4895,
            -9.7855
          ],
          [
            -40.4885,
            -9.7845
          ],
          [
            -40.4885,
            -9.7835
          ],
          [
            -40.4895,
            -9.7825
          ],
          [
            -40.4895,
            -9.7815
          ],
          [
            -40.4895,
            -9.7805
          ],
          [
            -40.4895,
            -9.7795
          ],
          [
            -40.4895,
            -9.7785
          ],
          [
            -40.4895,
            -9.7775
          ],
          [
            -40.4895,
            -9.7765
          ],
          [
            -40.4895,
            -9.7755
          ],
          [
            -40.4895,
            -9.7745
          ],
          [
            -40.4885,
            -9.7735
          ],
          [
            -40.4885,
            -9.7725
          ],
          [
            -40.4885,
            -9.7715
          ],
          [
            -40.4885,
            -9.7705
          ],
          [
            -40.4885,
            -9.7695
          ],
          [
            -40.4885,
            -9.7685
          ],
          [
            -40.4885,
            -9.7675
          ],
          [
            -40.4885,
            -9.7665
          ],
          [
            -40.4885,
            -9.7655
          ],
          [
            -40.4885,
            -9.7645
          ],
          [
            -40.4895,
            -9.7635
          ],
          [
            -40.4895,
            -9.7625
          ],
          [
            -40.4885,
            -9.7615
          ]
        ]
      },
      "properties": {
        "id": "hidro_3361",
        "tipo": "Drenagem Regional",
        "bacia": "Bacia Hidrogr\u00e1fica do Rio S\u00e3o Francisco"
      }
    },
    {
      "type": "Feature",
      "geometry": {
        "type": "LineString",
        "coordinates": [
          [
            -39.5395,
            -9.7855
          ],
          [
            -39.5395,
            -9.7865
          ],
          [
            -39.5385,
            -9.7875
          ],
          [
            -39.5375,
            -9.7885
          ],
          [
            -39.5375,
            -9.7895
          ],
          [
            -39.5375,
            -9.7905
          ],
          [
            -39.5385,
            -9.7915
          ],
          [
            -39.5385,
            -9.7925
          ],
          [
            -39.5385,
            -9.7935
          ],
          [
            -39.5395,
            -9.7945
          ],
          [
            -39.5385,
            -9.7955
          ]
        ]
      },
      "properties": {
        "id": "hidro_3391",
        "tipo": "Talvegue",
        "bacia": "Bacia Hidrogr\u00e1fica do Rio S\u00e3o Francisco"
      }
    },
    {
      "type": "Feature",
      "geometry": {
        "type": "LineString",
        "coordinates": [
          [
            -42.0145,
            -9.8105
          ],
          [
            -42.0155,
            -9.8095
          ],
          [
            -42.0155,
            -9.8085
          ],
          [
            -42.0155,
            -9.8075
          ],
          [
            -42.0155,
            -9.8065
          ],
          [
            -42.0155,
            -9.8055
          ],
          [
            -42.0155,
            -9.8045
          ],
          [
            -42.0155,
            -9.8035
          ],
          [
            -42.0155,
            -9.8025
          ],
          [
            -42.0155,
            -9.8015
          ],
          [
            -42.0155,
            -9.8005
          ],
          [
            -42.0155,
            -9.7995
          ],
          [
            -42.0155,
            -9.7985
          ],
          [
            -42.0145,
            -9.7995
          ],
          [
            -42.0135,
            -9.7985
          ],
          [
            -42.0125,
            -9.7985
          ],
          [
            -42.0115,
            -9.7995
          ]
        ]
      },
      "properties": {
        "id": "hidro_3421",
        "tipo": "Drenagem Regional",
        "bacia": "Bacia Hidrogr\u00e1fica do Rio S\u00e3o Francisco"
      }
    },
    {
      "type": "Feature",
      "geometry": {
        "type": "LineString",
        "coordinates": [
          [
            -41.2145,
            -9.8105
          ],
          [
            -41.2135,
            -9.8095
          ],
          [
            -41.2135,
            -9.8085
          ],
          [
            -41.2145,
            -9.8075
          ],
          [
            -41.2155,
            -9.8065
          ],
          [
            -41.2165,
            -9.8055
          ],
          [
            -41.2165,
            -9.8045
          ],
          [
            -41.2175,
            -9.8035
          ],
          [
            -41.2175,
            -9.8025
          ],
          [
            -41.2185,
            -9.8015
          ],
          [
            -41.2195,
            -9.8005
          ],
          [
            -41.2205,
            -9.7995
          ],
          [
            -41.2215,
            -9.7985
          ],
          [
            -41.2225,
            -9.7975
          ],
          [
            -41.2235,
            -9.7965
          ],
          [
            -41.2245,
            -9.7955
          ],
          [
            -41.2255,
            -9.7945
          ],
          [
            -41.2265,
            -9.7935
          ],
          [
            -41.2275,
            -9.7925
          ],
          [
            -41.2285,
            -9.7935
          ],
          [
            -41.2295,
            -9.7935
          ],
          [
            -41.2305,
            -9.7935
          ],
          [
            -41.2315,
            -9.7925
          ],
          [
            -41.2325,
            -9.7925
          ],
          [
            -41.2335,
            -9.7925
          ]
        ]
      },
      "properties": {
        "id": "hidro_3451",
        "tipo": "Drenagem Regional",
        "bacia": "Bacia Hidrogr\u00e1fica do Rio S\u00e3o Francisco"
      }
    },
    {
      "type": "Feature",
      "geometry": {
        "type": "LineString",
        "coordinates": [
          [
            -40.3895,
            -9.8105
          ],
          [
            -40.3885,
            -9.8095
          ],
          [
            -40.3875,
            -9.8085
          ],
          [
            -40.3865,
            -9.8075
          ],
          [
            -40.3865,
            -9.8065
          ],
          [
            -40.3865,
            -9.8055
          ],
          [
            -40.3865,
            -9.8045
          ],
          [
            -40.3875,
            -9.8035
          ],
          [
            -40.3875,
            -9.8025
          ],
          [
            -40.3885,
            -9.8015
          ],
          [
            -40.3895,
            -9.8005
          ],
          [
            -40.3895,
            -9.7995
          ],
          [
            -40.3905,
            -9.7985
          ],
          [
            -40.3905,
            -9.7975
          ],
          [
            -40.3905,
            -9.7965
          ],
          [
            -40.3905,
            -9.7955
          ],
          [
            -40.3905,
            -9.7945
          ],
          [
            -40.3915,
            -9.7935
          ],
          [
            -40.3915,
            -9.7925
          ],
          [
            -40.3915,
            -9.7915
          ],
          [
            -40.3915,
            -9.7905
          ],
          [
            -40.3915,
            -9.7895
          ],
          [
            -40.3915,
            -9.7885
          ],
          [
            -40.3915,
            -9.7875
          ],
          [
            -40.3915,
            -9.7865
          ]
        ]
      },
      "properties": {
        "id": "hidro_3481",
        "tipo": "Drenagem Regional",
        "bacia": "Bacia Hidrogr\u00e1fica do Rio S\u00e3o Francisco"
      }
    },
    {
      "type": "Feature",
      "geometry": {
        "type": "LineString",
        "coordinates": [
          [
            -39.5645,
            -9.8105
          ],
          [
            -39.5635,
            -9.8105
          ],
          [
            -39.5625,
            -9.8115
          ],
          [
            -39.5615,
            -9.8115
          ],
          [
            -39.5605,
            -9.8115
          ],
          [
            -39.5595,
            -9.8125
          ]
        ]
      },
      "properties": {
        "id": "hidro_3511",
        "tipo": "Talvegue",
        "bacia": "Bacia Hidrogr\u00e1fica do Rio S\u00e3o Francisco"
      }
    },
    {
      "type": "Feature",
      "geometry": {
        "type": "LineString",
        "coordinates": [
          [
            -41.9645,
            -9.8355
          ],
          [
            -41.9655,
            -9.8365
          ],
          [
            -41.9665,
            -9.8365
          ],
          [
            -41.9675,
            -9.8365
          ],
          [
            -41.9685,
            -9.8355
          ],
          [
            -41.9685,
            -9.8345
          ],
          [
            -41.9695,
            -9.8335
          ],
          [
            -41.9695,
            -9.8325
          ],
          [
            -41.9685,
            -9.8335
          ]
        ]
      },
      "properties": {
        "id": "hidro_3541",
        "tipo": "Talvegue",
        "bacia": "Bacia Hidrogr\u00e1fica do Rio S\u00e3o Francisco"
      }
    },
    {
      "type": "Feature",
      "geometry": {
        "type": "LineString",
        "coordinates": [
          [
            -41.0645,
            -9.8355
          ],
          [
            -41.0635,
            -9.8365
          ],
          [
            -41.0625,
            -9.8375
          ],
          [
            -41.0615,
            -9.8385
          ],
          [
            -41.0605,
            -9.8395
          ],
          [
            -41.0595,
            -9.8405
          ],
          [
            -41.0585,
            -9.8405
          ],
          [
            -41.0575,
            -9.8395
          ],
          [
            -41.0565,
            -9.8395
          ],
          [
            -41.0555,
            -9.8405
          ],
          [
            -41.0545,
            -9.8395
          ],
          [
            -41.0535,
            -9.8405
          ],
          [
            -41.0525,
            -9.8415
          ]
        ]
      },
      "properties": {
        "id": "hidro_3571",
        "tipo": "Talvegue",
        "bacia": "Bacia Hidrogr\u00e1fica do Rio S\u00e3o Francisco"
      }
    },
    {
      "type": "Feature",
      "geometry": {
        "type": "LineString",
        "coordinates": [
          [
            -40.2395,
            -9.8355
          ],
          [
            -40.2405,
            -9.8345
          ],
          [
            -40.2415,
            -9.8335
          ],
          [
            -40.2425,
            -9.8325
          ],
          [
            -40.2435,
            -9.8335
          ],
          [
            -40.2425,
            -9.8345
          ]
        ]
      },
      "properties": {
        "id": "hidro_3601",
        "tipo": "Talvegue",
        "bacia": "Bacia Hidrogr\u00e1fica do Rio S\u00e3o Francisco"
      }
    },
    {
      "type": "Feature",
      "geometry": {
        "type": "LineString",
        "coordinates": [
          [
            -42.6145,
            -9.8605
          ],
          [
            -42.6145,
            -9.8615
          ],
          [
            -42.6145,
            -9.8625
          ],
          [
            -42.6155,
            -9.8635
          ],
          [
            -42.6165,
            -9.8645
          ],
          [
            -42.6175,
            -9.8645
          ],
          [
            -42.6185,
            -9.8645
          ],
          [
            -42.6195,
            -9.8645
          ],
          [
            -42.6205,
            -9.8635
          ],
          [
            -42.6195,
            -9.8625
          ],
          [
            -42.6195,
            -9.8615
          ],
          [
            -42.6185,
            -9.8625
          ]
        ]
      },
      "properties": {
        "id": "hidro_3631",
        "tipo": "Talvegue",
        "bacia": "Bacia Hidrogr\u00e1fica do Rio S\u00e3o Francisco"
      }
    },
    {
      "type": "Feature",
      "geometry": {
        "type": "LineString",
        "coordinates": [
          [
            -41.8145,
            -9.8605
          ],
          [
            -41.8135,
            -9.8615
          ],
          [
            -41.8125,
            -9.8625
          ],
          [
            -41.8115,
            -9.8635
          ],
          [
            -41.8105,
            -9.8645
          ],
          [
            -41.8095,
            -9.8645
          ],
          [
            -41.8085,
            -9.8645
          ],
          [
            -41.8075,
            -9.8645
          ],
          [
            -41.8065,
            -9.8645
          ],
          [
            -41.8055,
            -9.8655
          ],
          [
            -41.8045,
            -9.8665
          ],
          [
            -41.8045,
            -9.8675
          ],
          [
            -41.8035,
            -9.8685
          ],
          [
            -41.8025,
            -9.8695
          ],
          [
            -41.8015,
            -9.8705
          ],
          [
            -41.8005,
            -9.8695
          ],
          [
            -41.7995,
            -9.8705
          ]
        ]
      },
      "properties": {
        "id": "hidro_3661",
        "tipo": "Drenagem Regional",
        "bacia": "Bacia Hidrogr\u00e1fica do Rio S\u00e3o Francisco"
      }
    },
    {
      "type": "Feature",
      "geometry": {
        "type": "LineString",
        "coordinates": [
          [
            -41.0145,
            -9.8605
          ],
          [
            -41.0155,
            -9.8615
          ],
          [
            -41.0165,
            -9.8615
          ],
          [
            -41.0175,
            -9.8605
          ],
          [
            -41.0175,
            -9.8595
          ],
          [
            -41.0175,
            -9.8585
          ],
          [
            -41.0185,
            -9.8575
          ],
          [
            -41.0175,
            -9.8565
          ],
          [
            -41.0165,
            -9.8575
          ]
        ]
      },
      "properties": {
        "id": "hidro_3691",
        "tipo": "Talvegue",
        "bacia": "Bacia Hidrogr\u00e1fica do Rio S\u00e3o Francisco"
      }
    },
    {
      "type": "Feature",
      "geometry": {
        "type": "LineString",
        "coordinates": [
          [
            -40.1895,
            -9.8605
          ],
          [
            -40.1885,
            -9.8615
          ],
          [
            -40.1875,
            -9.8605
          ],
          [
            -40.1865,
            -9.8605
          ],
          [
            -40.1855,
            -9.8615
          ],
          [
            -40.1845,
            -9.8615
          ],
          [
            -40.1835,
            -9.8625
          ],
          [
            -40.1825,
            -9.8625
          ],
          [
            -40.1815,
            -9.8635
          ]
        ]
      },
      "properties": {
        "id": "hidro_3721",
        "tipo": "Talvegue",
        "bacia": "Bacia Hidrogr\u00e1fica do Rio S\u00e3o Francisco"
      }
    },
    {
      "type": "Feature",
      "geometry": {
        "type": "LineString",
        "coordinates": [
          [
            -42.5145,
            -9.8855
          ],
          [
            -42.5145,
            -9.8865
          ],
          [
            -42.5145,
            -9.8875
          ],
          [
            -42.5145,
            -9.8885
          ],
          [
            -42.5145,
            -9.8895
          ],
          [
            -42.5145,
            -9.8905
          ],
          [
            -42.5145,
            -9.8915
          ],
          [
            -42.5145,
            -9.8925
          ],
          [
            -42.5155,
            -9.8935
          ],
          [
            -42.5165,
            -9.8935
          ],
          [
            -42.5175,
            -9.8935
          ],
          [
            -42.5185,
            -9.8945
          ],
          [
            -42.5195,
            -9.8935
          ],
          [
            -42.5205,
            -9.8945
          ],
          [
            -42.5215,
            -9.8945
          ],
          [
            -42.5225,
            -9.8945
          ],
          [
            -42.5235,
            -9.8945
          ],
          [
            -42.5245,
            -9.8945
          ],
          [
            -42.5235,
            -9.8955
          ],
          [
            -42.5245,
            -9.8965
          ],
          [
            -42.5255,
            -9.8975
          ],
          [
            -42.5265,
            -9.8985
          ],
          [
            -42.5275,
            -9.8995
          ],
          [
            -42.5265,
            -9.9005
          ]
        ]
      },
      "properties": {
        "id": "hidro_3751",
        "tipo": "Drenagem Regional",
        "bacia": "Bacia Hidrogr\u00e1fica do Rio S\u00e3o Francisco"
      }
    },
    {
      "type": "Feature",
      "geometry": {
        "type": "LineString",
        "coordinates": [
          [
            -41.6895,
            -9.8855
          ],
          [
            -41.6885,
            -9.8845
          ],
          [
            -41.6875,
            -9.8835
          ],
          [
            -41.6865,
            -9.8825
          ],
          [
            -41.6865,
            -9.8815
          ],
          [
            -41.6865,
            -9.8805
          ],
          [
            -41.6865,
            -9.8795
          ],
          [
            -41.6865,
            -9.8785
          ],
          [
            -41.6855,
            -9.8795
          ],
          [
            -41.6845,
            -9.8785
          ],
          [
            -41.6835,
            -9.8775
          ],
          [
            -41.6825,
            -9.8765
          ],
          [
            -41.6825,
            -9.8755
          ],
          [
            -41.6825,
            -9.8745
          ],
          [
            -41.6815,
            -9.8735
          ],
          [
            -41.6805,
            -9.8725
          ],
          [
            -41.6805,
            -9.8715
          ],
          [
            -41.6805,
            -9.8705
          ],
          [
            -41.6795,
            -9.8695
          ],
          [
            -41.6795,
            -9.8685
          ],
          [
            -41.6795,
            -9.8675
          ],
          [
            -41.6795,
            -9.8665
          ],
          [
            -41.6795,
            -9.8655
          ],
          [
            -41.6795,
            -9.8645
          ],
          [
            -41.6795,
            -9.8635
          ]
        ]
      },
      "properties": {
        "id": "hidro_3781",
        "tipo": "Drenagem Regional",
        "bacia": "Bacia Hidrogr\u00e1fica do Rio S\u00e3o Francisco"
      }
    },
    {
      "type": "Feature",
      "geometry": {
        "type": "LineString",
        "coordinates": [
          [
            -40.8145,
            -9.8855
          ],
          [
            -40.8135,
            -9.8865
          ],
          [
            -40.8125,
            -9.8875
          ],
          [
            -40.8115,
            -9.8885
          ],
          [
            -40.8105,
            -9.8895
          ],
          [
            -40.8105,
            -9.8905
          ],
          [
            -40.8105,
            -9.8915
          ],
          [
            -40.8105,
            -9.8925
          ],
          [
            -40.8115,
            -9.8935
          ],
          [
            -40.8115,
            -9.8945
          ],
          [
            -40.8105,
            -9.8955
          ]
        ]
      },
      "properties": {
        "id": "hidro_3811",
        "tipo": "Talvegue",
        "bacia": "Bacia Hidrogr\u00e1fica do Rio S\u00e3o Francisco"
      }
    },
    {
      "type": "Feature",
      "geometry": {
        "type": "LineString",
        "coordinates": [
          [
            -39.8895,
            -9.8855
          ],
          [
            -39.8895,
            -9.8845
          ],
          [
            -39.8895,
            -9.8835
          ],
          [
            -39.8885,
            -9.8825
          ],
          [
            -39.8875,
            -9.8815
          ],
          [
            -39.8865,
            -9.8805
          ],
          [
            -39.8855,
            -9.8815
          ],
          [
            -39.8845,
            -9.8805
          ],
          [
            -39.8835,
            -9.8805
          ],
          [
            -39.8825,
            -9.8795
          ],
          [
            -39.8815,
            -9.8785
          ],
          [
            -39.8815,
            -9.8775
          ],
          [
            -39.8805,
            -9.8785
          ]
        ]
      },
      "properties": {
        "id": "hidro_3841",
        "tipo": "Talvegue",
        "bacia": "Bacia Hidrogr\u00e1fica do Rio S\u00e3o Francisco"
      }
    },
    {
      "type": "Feature",
      "geometry": {
        "type": "LineString",
        "coordinates": [
          [
            -42.2895,
            -9.9105
          ],
          [
            -42.2885,
            -9.9115
          ],
          [
            -42.2875,
            -9.9115
          ],
          [
            -42.2865,
            -9.9105
          ],
          [
            -42.2865,
            -9.9095
          ],
          [
            -42.2865,
            -9.9085
          ],
          [
            -42.2865,
            -9.9075
          ],
          [
            -42.2875,
            -9.9065
          ],
          [
            -42.2885,
            -9.9055
          ],
          [
            -42.2885,
            -9.9045
          ],
          [
            -42.2875,
            -9.9055
          ]
        ]
      },
      "properties": {
        "id": "hidro_3871",
        "tipo": "Talvegue",
        "bacia": "Bacia Hidrogr\u00e1fica do Rio S\u00e3o Francisco"
      }
    },
    {
      "type": "Feature",
      "geometry": {
        "type": "LineString",
        "coordinates": [
          [
            -41.4145,
            -9.9105
          ],
          [
            -41.4135,
            -9.9115
          ],
          [
            -41.4135,
            -9.9125
          ],
          [
            -41.4125,
            -9.9135
          ],
          [
            -41.4135,
            -9.9145
          ],
          [
            -41.4125,
            -9.9155
          ]
        ]
      },
      "properties": {
        "id": "hidro_3901",
        "tipo": "Talvegue",
        "bacia": "Bacia Hidrogr\u00e1fica do Rio S\u00e3o Francisco"
      }
    },
    {
      "type": "Feature",
      "geometry": {
        "type": "LineString",
        "coordinates": [
          [
            -40.6145,
            -9.9105
          ],
          [
            -40.6155,
            -9.9095
          ],
          [
            -40.6165,
            -9.9085
          ],
          [
            -40.6175,
            -9.9075
          ],
          [
            -40.6185,
            -9.9065
          ],
          [
            -40.6185,
            -9.9055
          ],
          [
            -40.6185,
            -9.9045
          ],
          [
            -40.6175,
            -9.9055
          ]
        ]
      },
      "properties": {
        "id": "hidro_3931",
        "tipo": "Talvegue",
        "bacia": "Bacia Hidrogr\u00e1fica do Rio S\u00e3o Francisco"
      }
    },
    {
      "type": "Feature",
      "geometry": {
        "type": "LineString",
        "coordinates": [
          [
            -39.7895,
            -9.9105
          ],
          [
            -39.7885,
            -9.9115
          ],
          [
            -39.7875,
            -9.9115
          ],
          [
            -39.7865,
            -9.9115
          ],
          [
            -39.7855,
            -9.9115
          ],
          [
            -39.7845,
            -9.9125
          ],
          [
            -39.7835,
            -9.9115
          ],
          [
            -39.7825,
            -9.9105
          ],
          [
            -39.7825,
            -9.9095
          ],
          [
            -39.7825,
            -9.9085
          ],
          [
            -39.7825,
            -9.9075
          ],
          [
            -39.7825,
            -9.9065
          ],
          [
            -39.7825,
            -9.9055
          ],
          [
            -39.7825,
            -9.9045
          ],
          [
            -39.7815,
            -9.9035
          ],
          [
            -39.7815,
            -9.9025
          ],
          [
            -39.7815,
            -9.9015
          ],
          [
            -39.7815,
            -9.9005
          ],
          [
            -39.7815,
            -9.8995
          ],
          [
            -39.7815,
            -9.8985
          ],
          [
            -39.7805,
            -9.8975
          ],
          [
            -39.7795,
            -9.8965
          ],
          [
            -39.7805,
            -9.8955
          ],
          [
            -39.7805,
            -9.8945
          ],
          [
            -39.7795,
            -9.8955
          ]
        ]
      },
      "properties": {
        "id": "hidro_3961",
        "tipo": "Drenagem Regional",
        "bacia": "Bacia Hidrogr\u00e1fica do Rio S\u00e3o Francisco"
      }
    },
    {
      "type": "Feature",
      "geometry": {
        "type": "LineString",
        "coordinates": [
          [
            -42.0395,
            -9.9355
          ],
          [
            -42.0385,
            -9.9345
          ],
          [
            -42.0375,
            -9.9345
          ],
          [
            -42.0365,
            -9.9345
          ],
          [
            -42.0355,
            -9.9345
          ],
          [
            -42.0345,
            -9.9355
          ],
          [
            -42.0335,
            -9.9365
          ],
          [
            -42.0335,
            -9.9375
          ],
          [
            -42.0335,
            -9.9385
          ],
          [
            -42.0335,
            -9.9395
          ],
          [
            -42.0325,
            -9.9405
          ],
          [
            -42.0325,
            -9.9415
          ],
          [
            -42.0315,
            -9.9425
          ],
          [
            -42.0315,
            -9.9435
          ],
          [
            -42.0305,
            -9.9445
          ],
          [
            -42.0295,
            -9.9445
          ],
          [
            -42.0285,
            -9.9445
          ],
          [
            -42.0275,
            -9.9435
          ],
          [
            -42.0265,
            -9.9425
          ],
          [
            -42.0255,
            -9.9425
          ],
          [
            -42.0245,
            -9.9435
          ]
        ]
      },
      "properties": {
        "id": "hidro_3991",
        "tipo": "Drenagem Regional",
        "bacia": "Bacia Hidrogr\u00e1fica do Rio S\u00e3o Francisco"
      }
    },
    {
      "type": "Feature",
      "geometry": {
        "type": "LineString",
        "coordinates": [
          [
            -41.0895,
            -9.9355
          ],
          [
            -41.0895,
            -9.9345
          ],
          [
            -41.0895,
            -9.9335
          ],
          [
            -41.0895,
            -9.9325
          ],
          [
            -41.0895,
            -9.9315
          ],
          [
            -41.0905,
            -9.9305
          ],
          [
            -41.0905,
            -9.9295
          ],
          [
            -41.0895,
            -9.9285
          ],
          [
            -41.0895,
            -9.9275
          ],
          [
            -41.0885,
            -9.9265
          ],
          [
            -41.0875,
            -9.9265
          ],
          [
            -41.0865,
            -9.9255
          ],
          [
            -41.0865,
            -9.9245
          ],
          [
            -41.0855,
            -9.9255
          ]
        ]
      },
      "properties": {
        "id": "hidro_4021",
        "tipo": "Talvegue",
        "bacia": "Bacia Hidrogr\u00e1fica do Rio S\u00e3o Francisco"
      }
    },
    {
      "type": "Feature",
      "geometry": {
        "type": "LineString",
        "coordinates": [
          [
            -40.1895,
            -9.9355
          ],
          [
            -40.1895,
            -9.9345
          ],
          [
            -40.1895,
            -9.9335
          ],
          [
            -40.1905,
            -9.9325
          ],
          [
            -40.1915,
            -9.9315
          ],
          [
            -40.1915,
            -9.9305
          ],
          [
            -40.1915,
            -9.9295
          ],
          [
            -40.1915,
            -9.9285
          ],
          [
            -40.1915,
            -9.9275
          ],
          [
            -40.1915,
            -9.9265
          ],
          [
            -40.1915,
            -9.9255
          ],
          [
            -40.1915,
            -9.9245
          ],
          [
            -40.1905,
            -9.9235
          ],
          [
            -40.1915,
            -9.9225
          ],
          [
            -40.1925,
            -9.9215
          ],
          [
            -40.1925,
            -9.9205
          ],
          [
            -40.1925,
            -9.9195
          ],
          [
            -40.1915,
            -9.9185
          ],
          [
            -40.1905,
            -9.9175
          ],
          [
            -40.1895,
            -9.9165
          ],
          [
            -40.1885,
            -9.9155
          ],
          [
            -40.1885,
            -9.9145
          ],
          [
            -40.1885,
            -9.9135
          ],
          [
            -40.1875,
            -9.9125
          ],
          [
            -40.1865,
            -9.9115
          ]
        ]
      },
      "properties": {
        "id": "hidro_4051",
        "tipo": "Drenagem Regional",
        "bacia": "Bacia Hidrogr\u00e1fica do Rio S\u00e3o Francisco"
      }
    },
    {
      "type": "Feature",
      "geometry": {
        "type": "LineString",
        "coordinates": [
          [
            -42.4395,
            -9.9605
          ],
          [
            -42.4405,
            -9.9615
          ],
          [
            -42.4395,
            -9.9625
          ],
          [
            -42.4385,
            -9.9625
          ],
          [
            -42.4375,
            -9.9635
          ],
          [
            -42.4365,
            -9.9645
          ]
        ]
      },
      "properties": {
        "id": "hidro_4081",
        "tipo": "Talvegue",
        "bacia": "Bacia Hidrogr\u00e1fica do Rio S\u00e3o Francisco"
      }
    },
    {
      "type": "Feature",
      "geometry": {
        "type": "LineString",
        "coordinates": [
          [
            -41.5395,
            -9.9605
          ],
          [
            -41.5385,
            -9.9615
          ],
          [
            -41.5375,
            -9.9625
          ],
          [
            -41.5365,
            -9.9635
          ],
          [
            -41.5365,
            -9.9645
          ],
          [
            -41.5355,
            -9.9655
          ],
          [
            -41.5365,
            -9.9665
          ],
          [
            -41.5375,
            -9.9675
          ],
          [
            -41.5385,
            -9.9685
          ],
          [
            -41.5375,
            -9.9695
          ],
          [
            -41.5365,
            -9.9705
          ],
          [
            -41.5375,
            -9.9715
          ],
          [
            -41.5385,
            -9.9725
          ],
          [
            -41.5385,
            -9.9735
          ],
          [
            -41.5375,
            -9.9745
          ],
          [
            -41.5365,
            -9.9755
          ],
          [
            -41.5365,
            -9.9765
          ],
          [
            -41.5365,
            -9.9775
          ],
          [
            -41.5365,
            -9.9785
          ],
          [
            -41.5365,
            -9.9795
          ],
          [
            -41.5365,
            -9.9805
          ],
          [
            -41.5355,
            -9.9815
          ],
          [
            -41.5345,
            -9.9825
          ],
          [
            -41.5335,
            -9.9835
          ],
          [
            -41.5345,
            -9.9845
          ]
        ]
      },
      "properties": {
        "id": "hidro_4111",
        "tipo": "Drenagem Regional",
        "bacia": "Bacia Hidrogr\u00e1fica do Rio S\u00e3o Francisco"
      }
    },
    {
      "type": "Feature",
      "geometry": {
        "type": "LineString",
        "coordinates": [
          [
            -40.7395,
            -9.9605
          ],
          [
            -40.7385,
            -9.9595
          ],
          [
            -40.7375,
            -9.9585
          ],
          [
            -40.7365,
            -9.9575
          ],
          [
            -40.7365,
            -9.9565
          ],
          [
            -40.7355,
            -9.9575
          ],
          [
            -40.7345,
            -9.9565
          ],
          [
            -40.7335,
            -9.9555
          ],
          [
            -40.7325,
            -9.9545
          ],
          [
            -40.7315,
            -9.9545
          ],
          [
            -40.7305,
            -9.9545
          ],
          [
            -40.7295,
            -9.9545
          ],
          [
            -40.7285,
            -9.9545
          ],
          [
            -40.7275,
            -9.9545
          ],
          [
            -40.7265,
            -9.9545
          ],
          [
            -40.7255,
            -9.9555
          ],
          [
            -40.7245,
            -9.9545
          ],
          [
            -40.7235,
            -9.9535
          ],
          [
            -40.7225,
            -9.9525
          ],
          [
            -40.7215,
            -9.9525
          ],
          [
            -40.7205,
            -9.9525
          ],
          [
            -40.7195,
            -9.9525
          ],
          [
            -40.7185,
            -9.9525
          ],
          [
            -40.7175,
            -9.9525
          ],
          [
            -40.7165,
            -9.9525
          ]
        ]
      },
      "properties": {
        "id": "hidro_4141",
        "tipo": "Drenagem Regional",
        "bacia": "Bacia Hidrogr\u00e1fica do Rio S\u00e3o Francisco"
      }
    },
    {
      "type": "Feature",
      "geometry": {
        "type": "LineString",
        "coordinates": [
          [
            -39.6895,
            -9.9605
          ],
          [
            -39.6885,
            -9.9595
          ],
          [
            -39.6885,
            -9.9585
          ],
          [
            -39.6885,
            -9.9575
          ],
          [
            -39.6885,
            -9.9565
          ],
          [
            -39.6895,
            -9.9555
          ],
          [
            -39.6905,
            -9.9545
          ],
          [
            -39.6905,
            -9.9535
          ],
          [
            -39.6915,
            -9.9525
          ],
          [
            -39.6925,
            -9.9515
          ],
          [
            -39.6935,
            -9.9505
          ],
          [
            -39.6945,
            -9.9495
          ],
          [
            -39.6955,
            -9.9485
          ],
          [
            -39.6965,
            -9.9475
          ],
          [
            -39.6975,
            -9.9465
          ],
          [
            -39.6975,
            -9.9455
          ],
          [
            -39.6975,
            -9.9445
          ],
          [
            -39.6985,
            -9.9435
          ],
          [
            -39.6985,
            -9.9425
          ],
          [
            -39.6985,
            -9.9415
          ],
          [
            -39.6995,
            -9.9405
          ],
          [
            -39.6995,
            -9.9395
          ],
          [
            -39.7005,
            -9.9385
          ],
          [
            -39.7015,
            -9.9375
          ],
          [
            -39.7025,
            -9.9365
          ]
        ]
      },
      "properties": {
        "id": "hidro_4171",
        "tipo": "Drenagem Regional",
        "bacia": "Bacia Hidrogr\u00e1fica do Rio S\u00e3o Francisco"
      }
    },
    {
      "type": "Feature",
      "geometry": {
        "type": "LineString",
        "coordinates": [
          [
            -41.9395,
            -9.9855
          ],
          [
            -41.9385,
            -9.9865
          ],
          [
            -41.9375,
            -9.9875
          ],
          [
            -41.9365,
            -9.9885
          ],
          [
            -41.9355,
            -9.9895
          ],
          [
            -41.9345,
            -9.9895
          ],
          [
            -41.9335,
            -9.9905
          ],
          [
            -41.9325,
            -9.9915
          ],
          [
            -41.9315,
            -9.9915
          ],
          [
            -41.9305,
            -9.9925
          ],
          [
            -41.9295,
            -9.9935
          ],
          [
            -41.9285,
            -9.9945
          ],
          [
            -41.9275,
            -9.9945
          ],
          [
            -41.9265,
            -9.9945
          ],
          [
            -41.9255,
            -9.9955
          ],
          [
            -41.9245,
            -9.9965
          ],
          [
            -41.9235,
            -9.9955
          ],
          [
            -41.9225,
            -9.9945
          ],
          [
            -41.9215,
            -9.9935
          ],
          [
            -41.9205,
            -9.9925
          ],
          [
            -41.9205,
            -9.9915
          ],
          [
            -41.9215,
            -9.9905
          ],
          [
            -41.9215,
            -9.9895
          ],
          [
            -41.9205,
            -9.9885
          ],
          [
            -41.9195,
            -9.9875
          ]
        ]
      },
      "properties": {
        "id": "hidro_4201",
        "tipo": "Drenagem Regional",
        "bacia": "Bacia Hidrogr\u00e1fica do Rio S\u00e3o Francisco"
      }
    },
    {
      "type": "Feature",
      "geometry": {
        "type": "LineString",
        "coordinates": [
          [
            -41.0395,
            -9.9855
          ],
          [
            -41.0405,
            -9.9845
          ],
          [
            -41.0415,
            -9.9845
          ],
          [
            -41.0425,
            -9.9835
          ],
          [
            -41.0425,
            -9.9825
          ],
          [
            -41.0425,
            -9.9815
          ],
          [
            -41.0425,
            -9.9805
          ],
          [
            -41.0415,
            -9.9815
          ]
        ]
      },
      "properties": {
        "id": "hidro_4231",
        "tipo": "Talvegue",
        "bacia": "Bacia Hidrogr\u00e1fica do Rio S\u00e3o Francisco"
      }
    },
    {
      "type": "Feature",
      "geometry": {
        "type": "LineString",
        "coordinates": [
          [
            -39.9895,
            -9.9855
          ],
          [
            -39.9905,
            -9.9845
          ],
          [
            -39.9915,
            -9.9835
          ],
          [
            -39.9925,
            -9.9825
          ],
          [
            -39.9935,
            -9.9815
          ],
          [
            -39.9945,
            -9.9805
          ],
          [
            -39.9945,
            -9.9795
          ],
          [
            -39.9955,
            -9.9785
          ],
          [
            -39.9965,
            -9.9785
          ],
          [
            -39.9975,
            -9.9775
          ],
          [
            -39.9985,
            -9.9775
          ],
          [
            -39.9995,
            -9.9765
          ],
          [
            -40.0005,
            -9.9765
          ],
          [
            -40.0015,
            -9.9765
          ],
          [
            -40.0025,
            -9.9755
          ],
          [
            -40.0035,
            -9.9745
          ],
          [
            -40.0045,
            -9.9735
          ],
          [
            -40.0055,
            -9.9735
          ],
          [
            -40.0065,
            -9.9735
          ],
          [
            -40.0075,
            -9.9725
          ],
          [
            -40.0085,
            -9.9715
          ],
          [
            -40.0095,
            -9.9705
          ],
          [
            -40.0105,
            -9.9695
          ],
          [
            -40.0115,
            -9.9685
          ],
          [
            -40.0115,
            -9.9675
          ]
        ]
      },
      "properties": {
        "id": "hidro_4261",
        "tipo": "Drenagem Regional",
        "bacia": "Bacia Hidrogr\u00e1fica do Rio S\u00e3o Francisco"
      }
    },
    {
      "type": "Feature",
      "geometry": {
        "type": "LineString",
        "coordinates": [
          [
            -42.1895,
            -10.0105
          ],
          [
            -42.1905,
            -10.0095
          ],
          [
            -42.1915,
            -10.0085
          ],
          [
            -42.1925,
            -10.0075
          ],
          [
            -42.1935,
            -10.0065
          ],
          [
            -42.1945,
            -10.0055
          ],
          [
            -42.1955,
            -10.0045
          ],
          [
            -42.1965,
            -10.0035
          ],
          [
            -42.1975,
            -10.0025
          ],
          [
            -42.1985,
            -10.0015
          ],
          [
            -42.1995,
            -10.0005
          ],
          [
            -42.2005,
            -9.9995
          ],
          [
            -42.2015,
            -9.9985
          ],
          [
            -42.2025,
            -9.9975
          ],
          [
            -42.2035,
            -9.9965
          ],
          [
            -42.2045,
            -9.9955
          ],
          [
            -42.2055,
            -9.9945
          ],
          [
            -42.2065,
            -9.9935
          ],
          [
            -42.2075,
            -9.9925
          ],
          [
            -42.2085,
            -9.9915
          ],
          [
            -42.2095,
            -9.9905
          ],
          [
            -42.2105,
            -9.9895
          ],
          [
            -42.2115,
            -9.9885
          ],
          [
            -42.2125,
            -9.9875
          ],
          [
            -42.2135,
            -9.9865
          ]
        ]
      },
      "properties": {
        "id": "hidro_4291",
        "tipo": "Drenagem Regional",
        "bacia": "Bacia Hidrogr\u00e1fica do Rio S\u00e3o Francisco"
      }
    },
    {
      "type": "Feature",
      "geometry": {
        "type": "LineString",
        "coordinates": [
          [
            -41.3395,
            -10.0105
          ],
          [
            -41.3405,
            -10.0115
          ],
          [
            -41.3415,
            -10.0125
          ],
          [
            -41.3425,
            -10.0125
          ],
          [
            -41.3435,
            -10.0135
          ],
          [
            -41.3445,
            -10.0135
          ],
          [
            -41.3455,
            -10.0135
          ],
          [
            -41.3465,
            -10.0135
          ],
          [
            -41.3475,
            -10.0125
          ],
          [
            -41.3485,
            -10.0125
          ],
          [
            -41.3495,
            -10.0125
          ],
          [
            -41.3505,
            -10.0135
          ],
          [
            -41.3515,
            -10.0135
          ],
          [
            -41.3525,
            -10.0135
          ],
          [
            -41.3535,
            -10.0135
          ],
          [
            -41.3545,
            -10.0135
          ],
          [
            -41.3555,
            -10.0135
          ],
          [
            -41.3565,
            -10.0135
          ],
          [
            -41.3555,
            -10.0145
          ],
          [
            -41.3565,
            -10.0155
          ],
          [
            -41.3575,
            -10.0165
          ],
          [
            -41.3585,
            -10.0175
          ],
          [
            -41.3585,
            -10.0185
          ],
          [
            -41.3585,
            -10.0195
          ],
          [
            -41.3585,
            -10.0205
          ]
        ]
      },
      "properties": {
        "id": "hidro_4321",
        "tipo": "Drenagem Regional",
        "bacia": "Bacia Hidrogr\u00e1fica do Rio S\u00e3o Francisco"
      }
    },
    {
      "type": "Feature",
      "geometry": {
        "type": "LineString",
        "coordinates": [
          [
            -40.4645,
            -10.0105
          ],
          [
            -40.4655,
            -10.0095
          ],
          [
            -40.4665,
            -10.0085
          ],
          [
            -40.4675,
            -10.0075
          ],
          [
            -40.4685,
            -10.0065
          ],
          [
            -40.4695,
            -10.0055
          ],
          [
            -40.4705,
            -10.0045
          ],
          [
            -40.4715,
            -10.0035
          ],
          [
            -40.4725,
            -10.0025
          ],
          [
            -40.4735,
            -10.0015
          ],
          [
            -40.4745,
            -10.0005
          ],
          [
            -40.4755,
            -9.9995
          ],
          [
            -40.4765,
            -9.9985
          ],
          [
            -40.4775,
            -9.9975
          ],
          [
            -40.4785,
            -9.9965
          ],
          [
            -40.4795,
            -9.9955
          ],
          [
            -40.4805,
            -9.9945
          ],
          [
            -40.4815,
            -9.9935
          ],
          [
            -40.4825,
            -9.9925
          ],
          [
            -40.4835,
            -9.9915
          ],
          [
            -40.4845,
            -9.9905
          ],
          [
            -40.4855,
            -9.9895
          ],
          [
            -40.4865,
            -9.9885
          ],
          [
            -40.4875,
            -9.9875
          ],
          [
            -40.4885,
            -9.9865
          ]
        ]
      },
      "properties": {
        "id": "hidro_4351",
        "tipo": "Drenagem Regional",
        "bacia": "Bacia Hidrogr\u00e1fica do Rio S\u00e3o Francisco"
      }
    },
    {
      "type": "Feature",
      "geometry": {
        "type": "LineString",
        "coordinates": [
          [
            -42.6395,
            -10.0355
          ],
          [
            -42.6385,
            -10.0345
          ],
          [
            -42.6375,
            -10.0335
          ],
          [
            -42.6365,
            -10.0325
          ],
          [
            -42.6355,
            -10.0315
          ],
          [
            -42.6365,
            -10.0305
          ]
        ]
      },
      "properties": {
        "id": "hidro_4381",
        "tipo": "Talvegue",
        "bacia": "Bacia Hidrogr\u00e1fica do Rio S\u00e3o Francisco"
      }
    },
    {
      "type": "Feature",
      "geometry": {
        "type": "LineString",
        "coordinates": [
          [
            -41.7395,
            -10.0355
          ],
          [
            -41.7405,
            -10.0365
          ],
          [
            -41.7415,
            -10.0375
          ],
          [
            -41.7425,
            -10.0385
          ],
          [
            -41.7435,
            -10.0385
          ],
          [
            -41.7445,
            -10.0395
          ],
          [
            -41.7455,
            -10.0405
          ],
          [
            -41.7465,
            -10.0415
          ],
          [
            -41.7475,
            -10.0425
          ],
          [
            -41.7475,
            -10.0435
          ],
          [
            -41.7465,
            -10.0445
          ],
          [
            -41.7475,
            -10.0455
          ],
          [
            -41.7485,
            -10.0465
          ],
          [
            -41.7495,
            -10.0475
          ],
          [
            -41.7505,
            -10.0485
          ],
          [
            -41.7515,
            -10.0495
          ],
          [
            -41.7525,
            -10.0505
          ],
          [
            -41.7525,
            -10.0515
          ],
          [
            -41.7535,
            -10.0525
          ],
          [
            -41.7535,
            -10.0535
          ],
          [
            -41.7525,
            -10.0545
          ],
          [
            -41.7535,
            -10.0555
          ],
          [
            -41.7545,
            -10.0565
          ],
          [
            -41.7555,
            -10.0575
          ],
          [
            -41.7565,
            -10.0585
          ]
        ]
      },
      "properties": {
        "id": "hidro_4411",
        "tipo": "Drenagem Regional",
        "bacia": "Bacia Hidrogr\u00e1fica do Rio S\u00e3o Francisco"
      }
    },
    {
      "type": "Feature",
      "geometry": {
        "type": "LineString",
        "coordinates": [
          [
            -40.5645,
            -10.0355
          ],
          [
            -40.5655,
            -10.0345
          ],
          [
            -40.5665,
            -10.0335
          ],
          [
            -40.5675,
            -10.0325
          ],
          [
            -40.5685,
            -10.0315
          ],
          [
            -40.5695,
            -10.0305
          ],
          [
            -40.5705,
            -10.0295
          ],
          [
            -40.5715,
            -10.0285
          ],
          [
            -40.5725,
            -10.0275
          ],
          [
            -40.5735,
            -10.0265
          ],
          [
            -40.5745,
            -10.0255
          ],
          [
            -40.5755,
            -10.0245
          ],
          [
            -40.5765,
            -10.0235
          ],
          [
            -40.5775,
            -10.0225
          ],
          [
            -40.5785,
            -10.0215
          ],
          [
            -40.5795,
            -10.0205
          ],
          [
            -40.5805,
            -10.0195
          ],
          [
            -40.5815,
            -10.0185
          ],
          [
            -40.5825,
            -10.0175
          ]
        ]
      },
      "properties": {
        "id": "hidro_4441",
        "tipo": "Drenagem Regional",
        "bacia": "Bacia Hidrogr\u00e1fica do Rio S\u00e3o Francisco"
      }
    },
    {
      "type": "Feature",
      "geometry": {
        "type": "LineString",
        "coordinates": [
          [
            -39.6645,
            -10.0355
          ],
          [
            -39.6655,
            -10.0365
          ],
          [
            -39.6665,
            -10.0375
          ],
          [
            -39.6675,
            -10.0385
          ],
          [
            -39.6685,
            -10.0395
          ],
          [
            -39.6695,
            -10.0405
          ],
          [
            -39.6705,
            -10.0415
          ],
          [
            -39.6715,
            -10.0405
          ],
          [
            -39.6725,
            -10.0415
          ],
          [
            -39.6735,
            -10.0425
          ],
          [
            -39.6725,
            -10.0435
          ]
        ]
      },
      "properties": {
        "id": "hidro_4471",
        "tipo": "Talvegue",
        "bacia": "Bacia Hidrogr\u00e1fica do Rio S\u00e3o Francisco"
      }
    },
    {
      "type": "Feature",
      "geometry": {
        "type": "LineString",
        "coordinates": [
          [
            -41.8145,
            -10.0605
          ],
          [
            -41.8135,
            -10.0595
          ],
          [
            -41.8125,
            -10.0605
          ],
          [
            -41.8125,
            -10.0615
          ],
          [
            -41.8115,
            -10.0625
          ],
          [
            -41.8105,
            -10.0635
          ],
          [
            -41.8095,
            -10.0645
          ],
          [
            -41.8095,
            -10.0655
          ],
          [
            -41.8095,
            -10.0665
          ],
          [
            -41.8095,
            -10.0675
          ],
          [
            -41.8085,
            -10.0685
          ],
          [
            -41.8075,
            -10.0695
          ],
          [
            -41.8065,
            -10.0705
          ],
          [
            -41.8055,
            -10.0715
          ],
          [
            -41.8045,
            -10.0705
          ],
          [
            -41.8035,
            -10.0695
          ],
          [
            -41.8025,
            -10.0705
          ],
          [
            -41.8015,
            -10.0715
          ],
          [
            -41.8005,
            -10.0715
          ],
          [
            -41.7995,
            -10.0725
          ],
          [
            -41.7985,
            -10.0735
          ],
          [
            -41.7975,
            -10.0745
          ],
          [
            -41.7975,
            -10.0755
          ],
          [
            -41.7965,
            -10.0765
          ],
          [
            -41.7955,
            -10.0775
          ]
        ]
      },
      "properties": {
        "id": "hidro_4501",
        "tipo": "Drenagem Regional",
        "bacia": "Bacia Hidrogr\u00e1fica do Rio S\u00e3o Francisco"
      }
    },
    {
      "type": "Feature",
      "geometry": {
        "type": "LineString",
        "coordinates": [
          [
            -40.8895,
            -10.0605
          ],
          [
            -40.8885,
            -10.0615
          ],
          [
            -40.8875,
            -10.0625
          ],
          [
            -40.8865,
            -10.0625
          ],
          [
            -40.8855,
            -10.0635
          ],
          [
            -40.8845,
            -10.0625
          ],
          [
            -40.8835,
            -10.0615
          ],
          [
            -40.8825,
            -10.0615
          ],
          [
            -40.8815,
            -10.0605
          ],
          [
            -40.8805,
            -10.0605
          ],
          [
            -40.8795,
            -10.0605
          ],
          [
            -40.8785,
            -10.0595
          ],
          [
            -40.8775,
            -10.0595
          ],
          [
            -40.8765,
            -10.0585
          ],
          [
            -40.8755,
            -10.0595
          ],
          [
            -40.8745,
            -10.0585
          ],
          [
            -40.8735,
            -10.0575
          ],
          [
            -40.8725,
            -10.0565
          ],
          [
            -40.8715,
            -10.0555
          ],
          [
            -40.8705,
            -10.0545
          ],
          [
            -40.8695,
            -10.0535
          ],
          [
            -40.8685,
            -10.0525
          ],
          [
            -40.8675,
            -10.0515
          ],
          [
            -40.8665,
            -10.0505
          ],
          [
            -40.8665,
            -10.0495
          ]
        ]
      },
      "properties": {
        "id": "hidro_4531",
        "tipo": "Drenagem Regional",
        "bacia": "Bacia Hidrogr\u00e1fica do Rio S\u00e3o Francisco"
      }
    },
    {
      "type": "Feature",
      "geometry": {
        "type": "LineString",
        "coordinates": [
          [
            -40.1145,
            -10.0605
          ],
          [
            -40.1135,
            -10.0595
          ],
          [
            -40.1145,
            -10.0585
          ],
          [
            -40.1145,
            -10.0575
          ],
          [
            -40.1145,
            -10.0565
          ],
          [
            -40.1145,
            -10.0555
          ],
          [
            -40.1145,
            -10.0545
          ],
          [
            -40.1145,
            -10.0535
          ],
          [
            -40.1145,
            -10.0525
          ],
          [
            -40.1155,
            -10.0515
          ],
          [
            -40.1145,
            -10.0505
          ],
          [
            -40.1135,
            -10.0505
          ],
          [
            -40.1125,
            -10.0495
          ],
          [
            -40.1115,
            -10.0505
          ],
          [
            -40.1105,
            -10.0505
          ],
          [
            -40.1095,
            -10.0495
          ],
          [
            -40.1085,
            -10.0495
          ],
          [
            -40.1075,
            -10.0495
          ],
          [
            -40.1065,
            -10.0505
          ]
        ]
      },
      "properties": {
        "id": "hidro_4561",
        "tipo": "Drenagem Regional",
        "bacia": "Bacia Hidrogr\u00e1fica do Rio S\u00e3o Francisco"
      }
    },
    {
      "type": "Feature",
      "geometry": {
        "type": "LineString",
        "coordinates": [
          [
            -42.4145,
            -10.0855
          ],
          [
            -42.4155,
            -10.0845
          ],
          [
            -42.4165,
            -10.0835
          ],
          [
            -42.4175,
            -10.0825
          ],
          [
            -42.4185,
            -10.0815
          ],
          [
            -42.4195,
            -10.0805
          ],
          [
            -42.4205,
            -10.0795
          ],
          [
            -42.4205,
            -10.0785
          ],
          [
            -42.4195,
            -10.0795
          ]
        ]
      },
      "properties": {
        "id": "hidro_4591",
        "tipo": "Talvegue",
        "bacia": "Bacia Hidrogr\u00e1fica do Rio S\u00e3o Francisco"
      }
    },
    {
      "type": "Feature",
      "geometry": {
        "type": "LineString",
        "coordinates": [
          [
            -41.5895,
            -10.0855
          ],
          [
            -41.5905,
            -10.0865
          ],
          [
            -41.5915,
            -10.0855
          ],
          [
            -41.5925,
            -10.0845
          ],
          [
            -41.5925,
            -10.0835
          ],
          [
            -41.5935,
            -10.0825
          ],
          [
            -41.5945,
            -10.0815
          ],
          [
            -41.5955,
            -10.0815
          ],
          [
            -41.5965,
            -10.0815
          ],
          [
            -41.5975,
            -10.0805
          ],
          [
            -41.5985,
            -10.0805
          ],
          [
            -41.5975,
            -10.0815
          ]
        ]
      },
      "properties": {
        "id": "hidro_4621",
        "tipo": "Talvegue",
        "bacia": "Bacia Hidrogr\u00e1fica do Rio S\u00e3o Francisco"
      }
    },
    {
      "type": "Feature",
      "geometry": {
        "type": "LineString",
        "coordinates": [
          [
            -40.7145,
            -10.0855
          ],
          [
            -40.7145,
            -10.0865
          ],
          [
            -40.7145,
            -10.0875
          ],
          [
            -40.7135,
            -10.0885
          ],
          [
            -40.7125,
            -10.0885
          ],
          [
            -40.7115,
            -10.0885
          ],
          [
            -40.7105,
            -10.0895
          ],
          [
            -40.7095,
            -10.0895
          ],
          [
            -40.7085,
            -10.0905
          ]
        ]
      },
      "properties": {
        "id": "hidro_4651",
        "tipo": "Talvegue",
        "bacia": "Bacia Hidrogr\u00e1fica do Rio S\u00e3o Francisco"
      }
    },
    {
      "type": "Feature",
      "geometry": {
        "type": "LineString",
        "coordinates": [
          [
            -39.8395,
            -10.0855
          ],
          [
            -39.8405,
            -10.0855
          ],
          [
            -39.8415,
            -10.0845
          ],
          [
            -39.8425,
            -10.0835
          ],
          [
            -39.8435,
            -10.0835
          ],
          [
            -39.8445,
            -10.0835
          ],
          [
            -39.8435,
            -10.0845
          ],
          [
            -39.8445,
            -10.0855
          ],
          [
            -39.8445,
            -10.0865
          ],
          [
            -39.8455,
            -10.0875
          ],
          [
            -39.8465,
            -10.0885
          ],
          [
            -39.8475,
            -10.0895
          ],
          [
            -39.8475,
            -10.0905
          ],
          [
            -39.8465,
            -10.0915
          ],
          [
            -39.8465,
            -10.0925
          ],
          [
            -39.8465,
            -10.0935
          ],
          [
            -39.8455,
            -10.0945
          ],
          [
            -39.8465,
            -10.0955
          ],
          [
            -39.8455,
            -10.0965
          ],
          [
            -39.8445,
            -10.0965
          ],
          [
            -39.8435,
            -10.0975
          ],
          [
            -39.8435,
            -10.0985
          ],
          [
            -39.8425,
            -10.0995
          ],
          [
            -39.8415,
            -10.1005
          ],
          [
            -39.8415,
            -10.1015
          ]
        ]
      },
      "properties": {
        "id": "hidro_4681",
        "tipo": "Drenagem Regional",
        "bacia": "Bacia Hidrogr\u00e1fica do Rio S\u00e3o Francisco"
      }
    },
    {
      "type": "Feature",
      "geometry": {
        "type": "LineString",
        "coordinates": [
          [
            -41.9895,
            -10.1105
          ],
          [
            -41.9905,
            -10.1115
          ],
          [
            -41.9915,
            -10.1125
          ],
          [
            -41.9925,
            -10.1135
          ],
          [
            -41.9935,
            -10.1135
          ],
          [
            -41.9945,
            -10.1135
          ],
          [
            -41.9955,
            -10.1135
          ],
          [
            -41.9965,
            -10.1135
          ],
          [
            -41.9975,
            -10.1135
          ],
          [
            -41.9985,
            -10.1135
          ],
          [
            -41.9995,
            -10.1135
          ],
          [
            -42.0005,
            -10.1135
          ],
          [
            -41.9995,
            -10.1145
          ],
          [
            -42.0005,
            -10.1155
          ],
          [
            -42.0005,
            -10.1165
          ],
          [
            -42.0005,
            -10.1175
          ],
          [
            -42.0005,
            -10.1185
          ],
          [
            -42.0005,
            -10.1195
          ],
          [
            -42.0005,
            -10.1205
          ],
          [
            -42.0005,
            -10.1215
          ],
          [
            -42.0005,
            -10.1225
          ],
          [
            -42.0005,
            -10.1235
          ],
          [
            -41.9995,
            -10.1245
          ],
          [
            -42.0005,
            -10.1255
          ],
          [
            -42.0005,
            -10.1265
          ]
        ]
      },
      "properties": {
        "id": "hidro_4711",
        "tipo": "Drenagem Regional",
        "bacia": "Bacia Hidrogr\u00e1fica do Rio S\u00e3o Francisco"
      }
    },
    {
      "type": "Feature",
      "geometry": {
        "type": "LineString",
        "coordinates": [
          [
            -41.2145,
            -10.1105
          ],
          [
            -41.2155,
            -10.1095
          ],
          [
            -41.2145,
            -10.1085
          ],
          [
            -41.2135,
            -10.1075
          ],
          [
            -41.2125,
            -10.1065
          ],
          [
            -41.2125,
            -10.1055
          ],
          [
            -41.2115,
            -10.1045
          ],
          [
            -41.2115,
            -10.1035
          ],
          [
            -41.2115,
            -10.1025
          ],
          [
            -41.2115,
            -10.1015
          ],
          [
            -41.2115,
            -10.1005
          ],
          [
            -41.2115,
            -10.0995
          ],
          [
            -41.2105,
            -10.0985
          ],
          [
            -41.2095,
            -10.0975
          ],
          [
            -41.2085,
            -10.0965
          ],
          [
            -41.2075,
            -10.0975
          ]
        ]
      },
      "properties": {
        "id": "hidro_4741",
        "tipo": "Drenagem Regional",
        "bacia": "Bacia Hidrogr\u00e1fica do Rio S\u00e3o Francisco"
      }
    },
    {
      "type": "Feature",
      "geometry": {
        "type": "LineString",
        "coordinates": [
          [
            -40.3645,
            -10.1105
          ],
          [
            -40.3635,
            -10.1115
          ],
          [
            -40.3635,
            -10.1125
          ],
          [
            -40.3625,
            -10.1135
          ],
          [
            -40.3615,
            -10.1145
          ],
          [
            -40.3625,
            -10.1155
          ],
          [
            -40.3635,
            -10.1165
          ],
          [
            -40.3645,
            -10.1175
          ],
          [
            -40.3655,
            -10.1185
          ],
          [
            -40.3665,
            -10.1185
          ],
          [
            -40.3675,
            -10.1175
          ],
          [
            -40.3685,
            -10.1185
          ],
          [
            -40.3695,
            -10.1185
          ],
          [
            -40.3705,
            -10.1175
          ],
          [
            -40.3715,
            -10.1175
          ],
          [
            -40.3725,
            -10.1175
          ],
          [
            -40.3735,
            -10.1165
          ],
          [
            -40.3735,
            -10.1155
          ],
          [
            -40.3745,
            -10.1145
          ],
          [
            -40.3745,
            -10.1135
          ],
          [
            -40.3745,
            -10.1125
          ],
          [
            -40.3745,
            -10.1115
          ],
          [
            -40.3735,
            -10.1125
          ]
        ]
      },
      "properties": {
        "id": "hidro_4771",
        "tipo": "Drenagem Regional",
        "bacia": "Bacia Hidrogr\u00e1fica do Rio S\u00e3o Francisco"
      }
    },
    {
      "type": "Feature",
      "geometry": {
        "type": "LineString",
        "coordinates": [
          [
            -42.6145,
            -10.1355
          ],
          [
            -42.6145,
            -10.1365
          ],
          [
            -42.6145,
            -10.1375
          ],
          [
            -42.6135,
            -10.1385
          ],
          [
            -42.6125,
            -10.1375
          ],
          [
            -42.6125,
            -10.1365
          ],
          [
            -42.6115,
            -10.1375
          ]
        ]
      },
      "properties": {
        "id": "hidro_4801",
        "tipo": "Talvegue",
        "bacia": "Bacia Hidrogr\u00e1fica do Rio S\u00e3o Francisco"
      }
    },
    {
      "type": "Feature",
      "geometry": {
        "type": "LineString",
        "coordinates": [
          [
            -41.5645,
            -10.1355
          ],
          [
            -41.5655,
            -10.1365
          ],
          [
            -41.5665,
            -10.1375
          ],
          [
            -41.5675,
            -10.1385
          ],
          [
            -41.5685,
            -10.1395
          ],
          [
            -41.5685,
            -10.1405
          ],
          [
            -41.5695,
            -10.1415
          ],
          [
            -41.5685,
            -10.1425
          ]
        ]
      },
      "properties": {
        "id": "hidro_4831",
        "tipo": "Talvegue",
        "bacia": "Bacia Hidrogr\u00e1fica do Rio S\u00e3o Francisco"
      }
    },
    {
      "type": "Feature",
      "geometry": {
        "type": "LineString",
        "coordinates": [
          [
            -40.6895,
            -10.1355
          ],
          [
            -40.6905,
            -10.1345
          ],
          [
            -40.6915,
            -10.1335
          ],
          [
            -40.6925,
            -10.1325
          ],
          [
            -40.6935,
            -10.1315
          ],
          [
            -40.6945,
            -10.1305
          ],
          [
            -40.6955,
            -10.1295
          ],
          [
            -40.6965,
            -10.1285
          ],
          [
            -40.6975,
            -10.1275
          ],
          [
            -40.6985,
            -10.1265
          ],
          [
            -40.6995,
            -10.1255
          ],
          [
            -40.7005,
            -10.1245
          ],
          [
            -40.7015,
            -10.1235
          ],
          [
            -40.7025,
            -10.1225
          ],
          [
            -40.7035,
            -10.1215
          ],
          [
            -40.7045,
            -10.1205
          ],
          [
            -40.7055,
            -10.1195
          ],
          [
            -40.7065,
            -10.1195
          ],
          [
            -40.7075,
            -10.1185
          ],
          [
            -40.7085,
            -10.1175
          ],
          [
            -40.7075,
            -10.1165
          ],
          [
            -40.7065,
            -10.1175
          ]
        ]
      },
      "properties": {
        "id": "hidro_4861",
        "tipo": "Drenagem Regional",
        "bacia": "Bacia Hidrogr\u00e1fica do Rio S\u00e3o Francisco"
      }
    },
    {
      "type": "Feature",
      "geometry": {
        "type": "LineString",
        "coordinates": [
          [
            -39.8395,
            -10.1355
          ],
          [
            -39.8405,
            -10.1365
          ],
          [
            -39.8415,
            -10.1375
          ],
          [
            -39.8425,
            -10.1385
          ],
          [
            -39.8425,
            -10.1395
          ],
          [
            -39.8425,
            -10.1405
          ],
          [
            -39.8415,
            -10.1415
          ]
        ]
      },
      "properties": {
        "id": "hidro_4891",
        "tipo": "Talvegue",
        "bacia": "Bacia Hidrogr\u00e1fica do Rio S\u00e3o Francisco"
      }
    },
    {
      "type": "Feature",
      "geometry": {
        "type": "LineString",
        "coordinates": [
          [
            -41.8645,
            -10.1605
          ],
          [
            -41.8655,
            -10.1615
          ],
          [
            -41.8665,
            -10.1625
          ],
          [
            -41.8675,
            -10.1635
          ],
          [
            -41.8665,
            -10.1645
          ],
          [
            -41.8665,
            -10.1655
          ],
          [
            -41.8665,
            -10.1665
          ],
          [
            -41.8665,
            -10.1675
          ],
          [
            -41.8665,
            -10.1685
          ],
          [
            -41.8665,
            -10.1695
          ],
          [
            -41.8665,
            -10.1705
          ],
          [
            -41.8665,
            -10.1715
          ],
          [
            -41.8675,
            -10.1725
          ],
          [
            -41.8675,
            -10.1735
          ],
          [
            -41.8665,
            -10.1745
          ],
          [
            -41.8675,
            -10.1755
          ],
          [
            -41.8675,
            -10.1765
          ],
          [
            -41.8665,
            -10.1775
          ],
          [
            -41.8655,
            -10.1785
          ]
        ]
      },
      "properties": {
        "id": "hidro_4921",
        "tipo": "Drenagem Regional",
        "bacia": "Bacia Hidrogr\u00e1fica do Rio S\u00e3o Francisco"
      }
    },
    {
      "type": "Feature",
      "geometry": {
        "type": "LineString",
        "coordinates": [
          [
            -40.9145,
            -10.1605
          ],
          [
            -40.9155,
            -10.1595
          ],
          [
            -40.9165,
            -10.1585
          ],
          [
            -40.9175,
            -10.1575
          ],
          [
            -40.9185,
            -10.1585
          ],
          [
            -40.9195,
            -10.1595
          ],
          [
            -40.9205,
            -10.1605
          ],
          [
            -40.9215,
            -10.1615
          ],
          [
            -40.9225,
            -10.1625
          ],
          [
            -40.9235,
            -10.1635
          ],
          [
            -40.9245,
            -10.1635
          ],
          [
            -40.9235,
            -10.1645
          ],
          [
            -40.9245,
            -10.1655
          ],
          [
            -40.9245,
            -10.1665
          ],
          [
            -40.9245,
            -10.1675
          ],
          [
            -40.9245,
            -10.1685
          ],
          [
            -40.9245,
            -10.1695
          ],
          [
            -40.9245,
            -10.1705
          ],
          [
            -40.9235,
            -10.1715
          ],
          [
            -40.9245,
            -10.1725
          ],
          [
            -40.9255,
            -10.1735
          ],
          [
            -40.9265,
            -10.1735
          ],
          [
            -40.9255,
            -10.1745
          ]
        ]
      },
      "properties": {
        "id": "hidro_4951",
        "tipo": "Drenagem Regional",
        "bacia": "Bacia Hidrogr\u00e1fica do Rio S\u00e3o Francisco"
      }
    },
    {
      "type": "Feature",
      "geometry": {
        "type": "LineString",
        "coordinates": [
          [
            -40.0395,
            -10.1605
          ],
          [
            -40.0405,
            -10.1615
          ],
          [
            -40.0405,
            -10.1625
          ],
          [
            -40.0395,
            -10.1635
          ],
          [
            -40.0385,
            -10.1645
          ],
          [
            -40.0385,
            -10.1655
          ],
          [
            -40.0385,
            -10.1665
          ],
          [
            -40.0375,
            -10.1675
          ],
          [
            -40.0365,
            -10.1685
          ],
          [
            -40.0355,
            -10.1695
          ]
        ]
      },
      "properties": {
        "id": "hidro_4981",
        "tipo": "Talvegue",
        "bacia": "Bacia Hidrogr\u00e1fica do Rio S\u00e3o Francisco"
      }
    },
    {
      "type": "Feature",
      "geometry": {
        "type": "LineString",
        "coordinates": [
          [
            -41.9145,
            -10.1855
          ],
          [
            -41.9135,
            -10.1865
          ],
          [
            -41.9125,
            -10.1855
          ],
          [
            -41.9115,
            -10.1865
          ],
          [
            -41.9105,
            -10.1875
          ],
          [
            -41.9095,
            -10.1865
          ],
          [
            -41.9085,
            -10.1855
          ],
          [
            -41.9075,
            -10.1865
          ]
        ]
      },
      "properties": {
        "id": "hidro_5011",
        "tipo": "Talvegue",
        "bacia": "Bacia Hidrogr\u00e1fica do Rio S\u00e3o Francisco"
      }
    },
    {
      "type": "Feature",
      "geometry": {
        "type": "LineString",
        "coordinates": [
          [
            -40.8645,
            -10.1855
          ],
          [
            -40.8635,
            -10.1845
          ],
          [
            -40.8635,
            -10.1835
          ],
          [
            -40.8625,
            -10.1825
          ],
          [
            -40.8615,
            -10.1825
          ],
          [
            -40.8605,
            -10.1825
          ],
          [
            -40.8595,
            -10.1835
          ],
          [
            -40.8585,
            -10.1835
          ],
          [
            -40.8575,
            -10.1825
          ],
          [
            -40.8565,
            -10.1835
          ]
        ]
      },
      "properties": {
        "id": "hidro_5041",
        "tipo": "Talvegue",
        "bacia": "Bacia Hidrogr\u00e1fica do Rio S\u00e3o Francisco"
      }
    },
    {
      "type": "Feature",
      "geometry": {
        "type": "LineString",
        "coordinates": [
          [
            -39.9895,
            -10.1855
          ],
          [
            -39.9885,
            -10.1845
          ],
          [
            -39.9875,
            -10.1835
          ],
          [
            -39.9865,
            -10.1825
          ],
          [
            -39.9865,
            -10.1815
          ],
          [
            -39.9865,
            -10.1805
          ],
          [
            -39.9855,
            -10.1815
          ],
          [
            -39.9845,
            -10.1815
          ],
          [
            -39.9835,
            -10.1825
          ]
        ]
      },
      "properties": {
        "id": "hidro_5071",
        "tipo": "Talvegue",
        "bacia": "Bacia Hidrogr\u00e1fica do Rio S\u00e3o Francisco"
      }
    },
    {
      "type": "Feature",
      "geometry": {
        "type": "LineString",
        "coordinates": [
          [
            -41.8645,
            -10.2105
          ],
          [
            -41.8655,
            -10.2115
          ],
          [
            -41.8665,
            -10.2125
          ],
          [
            -41.8675,
            -10.2135
          ],
          [
            -41.8685,
            -10.2135
          ],
          [
            -41.8675,
            -10.2145
          ],
          [
            -41.8685,
            -10.2155
          ],
          [
            -41.8675,
            -10.2165
          ]
        ]
      },
      "properties": {
        "id": "hidro_5101",
        "tipo": "Talvegue",
        "bacia": "Bacia Hidrogr\u00e1fica do Rio S\u00e3o Francisco"
      }
    },
    {
      "type": "Feature",
      "geometry": {
        "type": "LineString",
        "coordinates": [
          [
            -40.9645,
            -10.2105
          ],
          [
            -40.9635,
            -10.2095
          ],
          [
            -40.9635,
            -10.2085
          ],
          [
            -40.9635,
            -10.2075
          ],
          [
            -40.9635,
            -10.2065
          ],
          [
            -40.9635,
            -10.2055
          ],
          [
            -40.9625,
            -10.2045
          ],
          [
            -40.9625,
            -10.2035
          ],
          [
            -40.9635,
            -10.2025
          ],
          [
            -40.9635,
            -10.2015
          ],
          [
            -40.9635,
            -10.2005
          ],
          [
            -40.9645,
            -10.1995
          ],
          [
            -40.9655,
            -10.1985
          ],
          [
            -40.9645,
            -10.1975
          ],
          [
            -40.9635,
            -10.1965
          ],
          [
            -40.9625,
            -10.1955
          ],
          [
            -40.9615,
            -10.1945
          ],
          [
            -40.9615,
            -10.1935
          ],
          [
            -40.9615,
            -10.1925
          ],
          [
            -40.9605,
            -10.1915
          ],
          [
            -40.9605,
            -10.1905
          ],
          [
            -40.9605,
            -10.1895
          ],
          [
            -40.9605,
            -10.1885
          ],
          [
            -40.9605,
            -10.1875
          ],
          [
            -40.9615,
            -10.1865
          ]
        ]
      },
      "properties": {
        "id": "hidro_5131",
        "tipo": "Drenagem Regional",
        "bacia": "Bacia Hidrogr\u00e1fica do Rio S\u00e3o Francisco"
      }
    },
    {
      "type": "Feature",
      "geometry": {
        "type": "LineString",
        "coordinates": [
          [
            -40.0395,
            -10.2105
          ],
          [
            -40.0385,
            -10.2095
          ],
          [
            -40.0385,
            -10.2085
          ],
          [
            -40.0385,
            -10.2075
          ],
          [
            -40.0375,
            -10.2065
          ],
          [
            -40.0375,
            -10.2055
          ],
          [
            -40.0375,
            -10.2045
          ],
          [
            -40.0375,
            -10.2035
          ],
          [
            -40.0375,
            -10.2025
          ],
          [
            -40.0365,
            -10.2035
          ]
        ]
      },
      "properties": {
        "id": "hidro_5161",
        "tipo": "Talvegue",
        "bacia": "Bacia Hidrogr\u00e1fica do Rio S\u00e3o Francisco"
      }
    },
    {
      "type": "Feature",
      "geometry": {
        "type": "LineString",
        "coordinates": [
          [
            -42.4645,
            -10.2355
          ],
          [
            -42.4645,
            -10.2345
          ],
          [
            -42.4645,
            -10.2335
          ],
          [
            -42.4645,
            -10.2325
          ],
          [
            -42.4645,
            -10.2315
          ],
          [
            -42.4645,
            -10.2305
          ],
          [
            -42.4645,
            -10.2295
          ],
          [
            -42.4645,
            -10.2285
          ],
          [
            -42.4635,
            -10.2295
          ]
        ]
      },
      "properties": {
        "id": "hidro_5191",
        "tipo": "Talvegue",
        "bacia": "Bacia Hidrogr\u00e1fica do Rio S\u00e3o Francisco"
      }
    },
    {
      "type": "Feature",
      "geometry": {
        "type": "LineString",
        "coordinates": [
          [
            -41.0895,
            -10.2355
          ],
          [
            -41.0885,
            -10.2345
          ],
          [
            -41.0875,
            -10.2335
          ],
          [
            -41.0865,
            -10.2325
          ],
          [
            -41.0855,
            -10.2335
          ],
          [
            -41.0845,
            -10.2325
          ],
          [
            -41.0835,
            -10.2315
          ],
          [
            -41.0825,
            -10.2315
          ],
          [
            -41.0815,
            -10.2315
          ],
          [
            -41.0805,
            -10.2325
          ]
        ]
      },
      "properties": {
        "id": "hidro_5221",
        "tipo": "Talvegue",
        "bacia": "Bacia Hidrogr\u00e1fica do Rio S\u00e3o Francisco"
      }
    },
    {
      "type": "Feature",
      "geometry": {
        "type": "LineString",
        "coordinates": [
          [
            -40.2645,
            -10.2355
          ],
          [
            -40.2635,
            -10.2345
          ],
          [
            -40.2625,
            -10.2335
          ],
          [
            -40.2615,
            -10.2335
          ],
          [
            -40.2605,
            -10.2325
          ],
          [
            -40.2595,
            -10.2315
          ],
          [
            -40.2585,
            -10.2325
          ]
        ]
      },
      "properties": {
        "id": "hidro_5251",
        "tipo": "Talvegue",
        "bacia": "Bacia Hidrogr\u00e1fica do Rio S\u00e3o Francisco"
      }
    },
    {
      "type": "Feature",
      "geometry": {
        "type": "LineString",
        "coordinates": [
          [
            -42.6395,
            -10.2605
          ],
          [
            -42.6385,
            -10.2595
          ],
          [
            -42.6375,
            -10.2585
          ],
          [
            -42.6365,
            -10.2595
          ],
          [
            -42.6355,
            -10.2605
          ],
          [
            -42.6345,
            -10.2615
          ],
          [
            -42.6335,
            -10.2625
          ]
        ]
      },
      "properties": {
        "id": "hidro_5281",
        "tipo": "Talvegue",
        "bacia": "Bacia Hidrogr\u00e1fica do Rio S\u00e3o Francisco"
      }
    },
    {
      "type": "Feature",
      "geometry": {
        "type": "LineString",
        "coordinates": [
          [
            -41.2145,
            -10.2605
          ],
          [
            -41.2155,
            -10.2595
          ],
          [
            -41.2165,
            -10.2585
          ],
          [
            -41.2175,
            -10.2575
          ],
          [
            -41.2175,
            -10.2565
          ],
          [
            -41.2185,
            -10.2555
          ],
          [
            -41.2195,
            -10.2545
          ],
          [
            -41.2205,
            -10.2535
          ],
          [
            -41.2215,
            -10.2525
          ],
          [
            -41.2225,
            -10.2525
          ],
          [
            -41.2235,
            -10.2515
          ],
          [
            -41.2245,
            -10.2505
          ],
          [
            -41.2255,
            -10.2495
          ],
          [
            -41.2265,
            -10.2495
          ],
          [
            -41.2275,
            -10.2485
          ],
          [
            -41.2285,
            -10.2475
          ],
          [
            -41.2285,
            -10.2465
          ],
          [
            -41.2295,
            -10.2455
          ],
          [
            -41.2305,
            -10.2445
          ],
          [
            -41.2315,
            -10.2435
          ],
          [
            -41.2325,
            -10.2425
          ],
          [
            -41.2335,
            -10.2415
          ]
        ]
      },
      "properties": {
        "id": "hidro_5311",
        "tipo": "Drenagem Regional",
        "bacia": "Bacia Hidrogr\u00e1fica do Rio S\u00e3o Francisco"
      }
    },
    {
      "type": "Feature",
      "geometry": {
        "type": "LineString",
        "coordinates": [
          [
            -40.3645,
            -10.2605
          ],
          [
            -40.3635,
            -10.2595
          ],
          [
            -40.3625,
            -10.2585
          ],
          [
            -40.3615,
            -10.2595
          ],
          [
            -40.3615,
            -10.2605
          ],
          [
            -40.3605,
            -10.2615
          ],
          [
            -40.3605,
            -10.2625
          ],
          [
            -40.3595,
            -10.2635
          ],
          [
            -40.3585,
            -10.2645
          ],
          [
            -40.3595,
            -10.2655
          ],
          [
            -40.3595,
            -10.2665
          ],
          [
            -40.3585,
            -10.2675
          ],
          [
            -40.3585,
            -10.2685
          ],
          [
            -40.3575,
            -10.2695
          ],
          [
            -40.3565,
            -10.2705
          ],
          [
            -40.3565,
            -10.2715
          ],
          [
            -40.3555,
            -10.2725
          ],
          [
            -40.3545,
            -10.2725
          ],
          [
            -40.3535,
            -10.2735
          ],
          [
            -40.3525,
            -10.2725
          ],
          [
            -40.3515,
            -10.2735
          ],
          [
            -40.3505,
            -10.2745
          ],
          [
            -40.3495,
            -10.2755
          ],
          [
            -40.3485,
            -10.2765
          ],
          [
            -40.3475,
            -10.2775
          ]
        ]
      },
      "properties": {
        "id": "hidro_5341",
        "tipo": "Drenagem Regional",
        "bacia": "Bacia Hidrogr\u00e1fica do Rio S\u00e3o Francisco"
      }
    },
    {
      "type": "Feature",
      "geometry": {
        "type": "LineString",
        "coordinates": [
          [
            -39.5395,
            -10.2605
          ],
          [
            -39.5405,
            -10.2595
          ],
          [
            -39.5415,
            -10.2585
          ],
          [
            -39.5425,
            -10.2575
          ],
          [
            -39.5435,
            -10.2565
          ],
          [
            -39.5445,
            -10.2565
          ],
          [
            -39.5455,
            -10.2565
          ],
          [
            -39.5465,
            -10.2565
          ],
          [
            -39.5475,
            -10.2555
          ],
          [
            -39.5485,
            -10.2545
          ],
          [
            -39.5485,
            -10.2535
          ],
          [
            -39.5495,
            -10.2525
          ],
          [
            -39.5505,
            -10.2515
          ],
          [
            -39.5515,
            -10.2505
          ],
          [
            -39.5525,
            -10.2505
          ],
          [
            -39.5515,
            -10.2515
          ]
        ]
      },
      "properties": {
        "id": "hidro_5371",
        "tipo": "Drenagem Regional",
        "bacia": "Bacia Hidrogr\u00e1fica do Rio S\u00e3o Francisco"
      }
    },
    {
      "type": "Feature",
      "geometry": {
        "type": "LineString",
        "coordinates": [
          [
            -41.3395,
            -10.2855
          ],
          [
            -41.3405,
            -10.2845
          ],
          [
            -41.3415,
            -10.2855
          ],
          [
            -41.3425,
            -10.2845
          ],
          [
            -41.3435,
            -10.2835
          ],
          [
            -41.3445,
            -10.2825
          ],
          [
            -41.3455,
            -10.2815
          ],
          [
            -41.3465,
            -10.2805
          ],
          [
            -41.3475,
            -10.2795
          ],
          [
            -41.3485,
            -10.2795
          ],
          [
            -41.3495,
            -10.2785
          ],
          [
            -41.3505,
            -10.2775
          ],
          [
            -41.3515,
            -10.2775
          ],
          [
            -41.3525,
            -10.2765
          ],
          [
            -41.3535,
            -10.2765
          ],
          [
            -41.3545,
            -10.2765
          ],
          [
            -41.3555,
            -10.2775
          ],
          [
            -41.3565,
            -10.2785
          ],
          [
            -41.3555,
            -10.2795
          ]
        ]
      },
      "properties": {
        "id": "hidro_5401",
        "tipo": "Drenagem Regional",
        "bacia": "Bacia Hidrogr\u00e1fica do Rio S\u00e3o Francisco"
      }
    },
    {
      "type": "Feature",
      "geometry": {
        "type": "LineString",
        "coordinates": [
          [
            -40.3895,
            -10.2855
          ],
          [
            -40.3885,
            -10.2865
          ],
          [
            -40.3875,
            -10.2875
          ],
          [
            -40.3865,
            -10.2885
          ],
          [
            -40.3865,
            -10.2895
          ],
          [
            -40.3865,
            -10.2905
          ],
          [
            -40.3865,
            -10.2915
          ],
          [
            -40.3865,
            -10.2925
          ],
          [
            -40.3855,
            -10.2935
          ],
          [
            -40.3845,
            -10.2925
          ],
          [
            -40.3835,
            -10.2925
          ],
          [
            -40.3825,
            -10.2925
          ],
          [
            -40.3815,
            -10.2935
          ],
          [
            -40.3805,
            -10.2935
          ],
          [
            -40.3795,
            -10.2945
          ],
          [
            -40.3795,
            -10.2955
          ],
          [
            -40.3785,
            -10.2965
          ],
          [
            -40.3775,
            -10.2975
          ],
          [
            -40.3775,
            -10.2985
          ],
          [
            -40.3765,
            -10.2995
          ],
          [
            -40.3755,
            -10.3005
          ],
          [
            -40.3745,
            -10.2995
          ],
          [
            -40.3735,
            -10.3005
          ],
          [
            -40.3725,
            -10.3005
          ],
          [
            -40.3715,
            -10.3015
          ]
        ]
      },
      "properties": {
        "id": "hidro_5431",
        "tipo": "Drenagem Regional",
        "bacia": "Bacia Hidrogr\u00e1fica do Rio S\u00e3o Francisco"
      }
    },
    {
      "type": "Feature",
      "geometry": {
        "type": "LineString",
        "coordinates": [
          [
            -42.7145,
            -10.3105
          ],
          [
            -42.7145,
            -10.3095
          ],
          [
            -42.7145,
            -10.3085
          ],
          [
            -42.7135,
            -10.3095
          ],
          [
            -42.7125,
            -10.3095
          ],
          [
            -42.7115,
            -10.3095
          ],
          [
            -42.7105,
            -10.3095
          ],
          [
            -42.7095,
            -10.3105
          ]
        ]
      },
      "properties": {
        "id": "hidro_5461",
        "tipo": "Talvegue",
        "bacia": "Bacia Hidrogr\u00e1fica do Rio S\u00e3o Francisco"
      }
    },
    {
      "type": "Feature",
      "geometry": {
        "type": "LineString",
        "coordinates": [
          [
            -41.2395,
            -10.3105
          ],
          [
            -41.2395,
            -10.3095
          ],
          [
            -41.2385,
            -10.3085
          ],
          [
            -41.2375,
            -10.3075
          ],
          [
            -41.2365,
            -10.3065
          ],
          [
            -41.2355,
            -10.3075
          ],
          [
            -41.2345,
            -10.3065
          ],
          [
            -41.2335,
            -10.3065
          ],
          [
            -41.2325,
            -10.3075
          ],
          [
            -41.2315,
            -10.3085
          ],
          [
            -41.2305,
            -10.3085
          ],
          [
            -41.2295,
            -10.3095
          ],
          [
            -41.2285,
            -10.3105
          ],
          [
            -41.2275,
            -10.3115
          ],
          [
            -41.2265,
            -10.3115
          ],
          [
            -41.2255,
            -10.3125
          ]
        ]
      },
      "properties": {
        "id": "hidro_5491",
        "tipo": "Drenagem Regional",
        "bacia": "Bacia Hidrogr\u00e1fica do Rio S\u00e3o Francisco"
      }
    },
    {
      "type": "Feature",
      "geometry": {
        "type": "LineString",
        "coordinates": [
          [
            -40.2645,
            -10.3105
          ],
          [
            -40.2635,
            -10.3105
          ],
          [
            -40.2625,
            -10.3095
          ],
          [
            -40.2615,
            -10.3085
          ],
          [
            -40.2605,
            -10.3075
          ],
          [
            -40.2595,
            -10.3075
          ],
          [
            -40.2585,
            -10.3085
          ],
          [
            -40.2575,
            -10.3085
          ],
          [
            -40.2565,
            -10.3095
          ],
          [
            -40.2565,
            -10.3105
          ],
          [
            -40.2555,
            -10.3115
          ],
          [
            -40.2545,
            -10.3125
          ],
          [
            -40.2535,
            -10.3135
          ]
        ]
      },
      "properties": {
        "id": "hidro_5521",
        "tipo": "Talvegue",
        "bacia": "Bacia Hidrogr\u00e1fica do Rio S\u00e3o Francisco"
      }
    },
    {
      "type": "Feature",
      "geometry": {
        "type": "LineString",
        "coordinates": [
          [
            -42.4645,
            -10.3355
          ],
          [
            -42.4635,
            -10.3365
          ],
          [
            -42.4625,
            -10.3355
          ],
          [
            -42.4615,
            -10.3345
          ],
          [
            -42.4615,
            -10.3335
          ],
          [
            -42.4605,
            -10.3345
          ]
        ]
      },
      "properties": {
        "id": "hidro_5551",
        "tipo": "Talvegue",
        "bacia": "Bacia Hidrogr\u00e1fica do Rio S\u00e3o Francisco"
      }
    },
    {
      "type": "Feature",
      "geometry": {
        "type": "LineString",
        "coordinates": [
          [
            -41.4645,
            -10.3355
          ],
          [
            -41.4635,
            -10.3365
          ],
          [
            -41.4625,
            -10.3375
          ],
          [
            -41.4615,
            -10.3385
          ],
          [
            -41.4615,
            -10.3395
          ],
          [
            -41.4625,
            -10.3405
          ],
          [
            -41.4625,
            -10.3415
          ],
          [
            -41.4625,
            -10.3425
          ],
          [
            -41.4635,
            -10.3435
          ],
          [
            -41.4625,
            -10.3445
          ],
          [
            -41.4635,
            -10.3455
          ],
          [
            -41.4635,
            -10.3465
          ],
          [
            -41.4635,
            -10.3475
          ],
          [
            -41.4635,
            -10.3485
          ],
          [
            -41.4635,
            -10.3495
          ],
          [
            -41.4635,
            -10.3505
          ],
          [
            -41.4635,
            -10.3515
          ],
          [
            -41.4625,
            -10.3525
          ],
          [
            -41.4615,
            -10.3535
          ],
          [
            -41.4605,
            -10.3535
          ],
          [
            -41.4595,
            -10.3545
          ],
          [
            -41.4605,
            -10.3555
          ],
          [
            -41.4615,
            -10.3555
          ],
          [
            -41.4625,
            -10.3565
          ],
          [
            -41.4625,
            -10.3575
          ]
        ]
      },
      "properties": {
        "id": "hidro_5581",
        "tipo": "Drenagem Regional",
        "bacia": "Bacia Hidrogr\u00e1fica do Rio S\u00e3o Francisco"
      }
    },
    {
      "type": "Feature",
      "geometry": {
        "type": "LineString",
        "coordinates": [
          [
            -40.5895,
            -10.3355
          ],
          [
            -40.5905,
            -10.3345
          ],
          [
            -40.5915,
            -10.3335
          ],
          [
            -40.5925,
            -10.3325
          ],
          [
            -40.5935,
            -10.3335
          ],
          [
            -40.5945,
            -10.3335
          ],
          [
            -40.5955,
            -10.3335
          ],
          [
            -40.5965,
            -10.3335
          ],
          [
            -40.5975,
            -10.3335
          ],
          [
            -40.5985,
            -10.3335
          ],
          [
            -40.5995,
            -10.3325
          ],
          [
            -40.6005,
            -10.3315
          ],
          [
            -40.6015,
            -10.3305
          ],
          [
            -40.6025,
            -10.3295
          ],
          [
            -40.6035,
            -10.3295
          ],
          [
            -40.6025,
            -10.3305
          ]
        ]
      },
      "properties": {
        "id": "hidro_5611",
        "tipo": "Drenagem Regional",
        "bacia": "Bacia Hidrogr\u00e1fica do Rio S\u00e3o Francisco"
      }
    },
    {
      "type": "Feature",
      "geometry": {
        "type": "LineString",
        "coordinates": [
          [
            -39.7645,
            -10.3355
          ],
          [
            -39.7635,
            -10.3365
          ],
          [
            -39.7625,
            -10.3375
          ],
          [
            -39.7615,
            -10.3385
          ],
          [
            -39.7605,
            -10.3375
          ],
          [
            -39.7595,
            -10.3375
          ],
          [
            -39.7585,
            -10.3365
          ],
          [
            -39.7585,
            -10.3355
          ],
          [
            -39.7575,
            -10.3345
          ],
          [
            -39.7565,
            -10.3335
          ],
          [
            -39.7555,
            -10.3345
          ],
          [
            -39.7555,
            -10.3355
          ],
          [
            -39.7545,
            -10.3365
          ],
          [
            -39.7535,
            -10.3355
          ],
          [
            -39.7525,
            -10.3365
          ]
        ]
      },
      "properties": {
        "id": "hidro_5641",
        "tipo": "Talvegue",
        "bacia": "Bacia Hidrogr\u00e1fica do Rio S\u00e3o Francisco"
      }
    },
    {
      "type": "Feature",
      "geometry": {
        "type": "LineString",
        "coordinates": [
          [
            -41.6145,
            -10.3605
          ],
          [
            -41.6135,
            -10.3595
          ],
          [
            -41.6125,
            -10.3585
          ],
          [
            -41.6115,
            -10.3575
          ],
          [
            -41.6105,
            -10.3565
          ],
          [
            -41.6095,
            -10.3555
          ],
          [
            -41.6085,
            -10.3545
          ],
          [
            -41.6085,
            -10.3535
          ],
          [
            -41.6095,
            -10.3525
          ]
        ]
      },
      "properties": {
        "id": "hidro_5671",
        "tipo": "Talvegue",
        "bacia": "Bacia Hidrogr\u00e1fica do Rio S\u00e3o Francisco"
      }
    },
    {
      "type": "Feature",
      "geometry": {
        "type": "LineString",
        "coordinates": [
          [
            -40.7395,
            -10.3605
          ],
          [
            -40.7405,
            -10.3595
          ],
          [
            -40.7415,
            -10.3585
          ],
          [
            -40.7425,
            -10.3585
          ],
          [
            -40.7435,
            -10.3575
          ],
          [
            -40.7445,
            -10.3565
          ],
          [
            -40.7455,
            -10.3575
          ],
          [
            -40.7465,
            -10.3575
          ],
          [
            -40.7475,
            -10.3585
          ],
          [
            -40.7485,
            -10.3595
          ],
          [
            -40.7475,
            -10.3605
          ]
        ]
      },
      "properties": {
        "id": "hidro_5701",
        "tipo": "Talvegue",
        "bacia": "Bacia Hidrogr\u00e1fica do Rio S\u00e3o Francisco"
      }
    },
    {
      "type": "Feature",
      "geometry": {
        "type": "LineString",
        "coordinates": [
          [
            -39.6145,
            -10.3605
          ],
          [
            -39.6155,
            -10.3615
          ],
          [
            -39.6165,
            -10.3605
          ],
          [
            -39.6165,
            -10.3595
          ],
          [
            -39.6165,
            -10.3585
          ],
          [
            -39.6165,
            -10.3575
          ],
          [
            -39.6175,
            -10.3565
          ],
          [
            -39.6175,
            -10.3555
          ],
          [
            -39.6185,
            -10.3545
          ],
          [
            -39.6185,
            -10.3535
          ],
          [
            -39.6185,
            -10.3525
          ],
          [
            -39.6185,
            -10.3515
          ],
          [
            -39.6175,
            -10.3525
          ]
        ]
      },
      "properties": {
        "id": "hidro_5731",
        "tipo": "Talvegue",
        "bacia": "Bacia Hidrogr\u00e1fica do Rio S\u00e3o Francisco"
      }
    },
    {
      "type": "Feature",
      "geometry": {
        "type": "LineString",
        "coordinates": [
          [
            -41.7145,
            -10.3855
          ],
          [
            -41.7155,
            -10.3865
          ],
          [
            -41.7165,
            -10.3875
          ],
          [
            -41.7175,
            -10.3885
          ],
          [
            -41.7175,
            -10.3895
          ],
          [
            -41.7175,
            -10.3905
          ],
          [
            -41.7185,
            -10.3915
          ],
          [
            -41.7185,
            -10.3925
          ],
          [
            -41.7195,
            -10.3935
          ],
          [
            -41.7185,
            -10.3945
          ],
          [
            -41.7195,
            -10.3955
          ],
          [
            -41.7205,
            -10.3965
          ],
          [
            -41.7215,
            -10.3975
          ],
          [
            -41.7225,
            -10.3985
          ],
          [
            -41.7225,
            -10.3995
          ],
          [
            -41.7235,
            -10.4005
          ],
          [
            -41.7245,
            -10.4015
          ],
          [
            -41.7255,
            -10.4025
          ],
          [
            -41.7265,
            -10.4035
          ],
          [
            -41.7275,
            -10.4035
          ],
          [
            -41.7285,
            -10.4035
          ],
          [
            -41.7295,
            -10.4035
          ],
          [
            -41.7305,
            -10.4035
          ],
          [
            -41.7295,
            -10.4045
          ],
          [
            -41.7305,
            -10.4055
          ]
        ]
      },
      "properties": {
        "id": "hidro_5761",
        "tipo": "Drenagem Regional",
        "bacia": "Bacia Hidrogr\u00e1fica do Rio S\u00e3o Francisco"
      }
    },
    {
      "type": "Feature",
      "geometry": {
        "type": "LineString",
        "coordinates": [
          [
            -40.9145,
            -10.3855
          ],
          [
            -40.9155,
            -10.3865
          ],
          [
            -40.9145,
            -10.3875
          ],
          [
            -40.9135,
            -10.3875
          ],
          [
            -40.9125,
            -10.3885
          ],
          [
            -40.9115,
            -10.3885
          ],
          [
            -40.9105,
            -10.3895
          ]
        ]
      },
      "properties": {
        "id": "hidro_5791",
        "tipo": "Talvegue",
        "bacia": "Bacia Hidrogr\u00e1fica do Rio S\u00e3o Francisco"
      }
    },
    {
      "type": "Feature",
      "geometry": {
        "type": "LineString",
        "coordinates": [
          [
            -39.9395,
            -10.3855
          ],
          [
            -39.9395,
            -10.3865
          ],
          [
            -39.9405,
            -10.3875
          ],
          [
            -39.9415,
            -10.3885
          ],
          [
            -39.9425,
            -10.3895
          ],
          [
            -39.9425,
            -10.3905
          ],
          [
            -39.9415,
            -10.3915
          ]
        ]
      },
      "properties": {
        "id": "hidro_5821",
        "tipo": "Talvegue",
        "bacia": "Bacia Hidrogr\u00e1fica do Rio S\u00e3o Francisco"
      }
    },
    {
      "type": "Feature",
      "geometry": {
        "type": "LineString",
        "coordinates": [
          [
            -41.6895,
            -10.4105
          ],
          [
            -41.6885,
            -10.4115
          ],
          [
            -41.6885,
            -10.4125
          ],
          [
            -41.6895,
            -10.4135
          ],
          [
            -41.6885,
            -10.4145
          ],
          [
            -41.6895,
            -10.4155
          ],
          [
            -41.6905,
            -10.4165
          ],
          [
            -41.6915,
            -10.4175
          ],
          [
            -41.6925,
            -10.4175
          ],
          [
            -41.6935,
            -10.4175
          ],
          [
            -41.6945,
            -10.4175
          ],
          [
            -41.6955,
            -10.4165
          ],
          [
            -41.6965,
            -10.4165
          ],
          [
            -41.6955,
            -10.4175
          ]
        ]
      },
      "properties": {
        "id": "hidro_5851",
        "tipo": "Talvegue",
        "bacia": "Bacia Hidrogr\u00e1fica do Rio S\u00e3o Francisco"
      }
    },
    {
      "type": "Feature",
      "geometry": {
        "type": "LineString",
        "coordinates": [
          [
            -40.8895,
            -10.4105
          ],
          [
            -40.8885,
            -10.4095
          ],
          [
            -40.8885,
            -10.4085
          ],
          [
            -40.8875,
            -10.4075
          ],
          [
            -40.8875,
            -10.4065
          ],
          [
            -40.8865,
            -10.4075
          ]
        ]
      },
      "properties": {
        "id": "hidro_5881",
        "tipo": "Talvegue",
        "bacia": "Bacia Hidrogr\u00e1fica do Rio S\u00e3o Francisco"
      }
    },
    {
      "type": "Feature",
      "geometry": {
        "type": "LineString",
        "coordinates": [
          [
            -39.8645,
            -10.4105
          ],
          [
            -39.8655,
            -10.4095
          ],
          [
            -39.8665,
            -10.4085
          ],
          [
            -39.8675,
            -10.4075
          ],
          [
            -39.8675,
            -10.4065
          ],
          [
            -39.8685,
            -10.4055
          ],
          [
            -39.8685,
            -10.4045
          ],
          [
            -39.8685,
            -10.4035
          ],
          [
            -39.8685,
            -10.4025
          ],
          [
            -39.8675,
            -10.4015
          ],
          [
            -39.8675,
            -10.4005
          ],
          [
            -39.8675,
            -10.3995
          ],
          [
            -39.8675,
            -10.3985
          ],
          [
            -39.8675,
            -10.3975
          ],
          [
            -39.8665,
            -10.3965
          ],
          [
            -39.8655,
            -10.3975
          ]
        ]
      },
      "properties": {
        "id": "hidro_5911",
        "tipo": "Drenagem Regional",
        "bacia": "Bacia Hidrogr\u00e1fica do Rio S\u00e3o Francisco"
      }
    },
    {
      "type": "Feature",
      "geometry": {
        "type": "LineString",
        "coordinates": [
          [
            -41.8145,
            -10.4355
          ],
          [
            -41.8135,
            -10.4345
          ],
          [
            -41.8125,
            -10.4335
          ],
          [
            -41.8115,
            -10.4325
          ],
          [
            -41.8105,
            -10.4315
          ],
          [
            -41.8095,
            -10.4305
          ],
          [
            -41.8085,
            -10.4305
          ],
          [
            -41.8075,
            -10.4305
          ],
          [
            -41.8065,
            -10.4305
          ],
          [
            -41.8055,
            -10.4315
          ]
        ]
      },
      "properties": {
        "id": "hidro_5941",
        "tipo": "Talvegue",
        "bacia": "Bacia Hidrogr\u00e1fica do Rio S\u00e3o Francisco"
      }
    },
    {
      "type": "Feature",
      "geometry": {
        "type": "LineString",
        "coordinates": [
          [
            -41.0395,
            -10.4355
          ],
          [
            -41.0385,
            -10.4365
          ],
          [
            -41.0375,
            -10.4375
          ],
          [
            -41.0365,
            -10.4385
          ],
          [
            -41.0365,
            -10.4395
          ],
          [
            -41.0365,
            -10.4405
          ],
          [
            -41.0365,
            -10.4415
          ],
          [
            -41.0365,
            -10.4425
          ],
          [
            -41.0365,
            -10.4435
          ],
          [
            -41.0355,
            -10.4445
          ],
          [
            -41.0345,
            -10.4455
          ],
          [
            -41.0335,
            -10.4465
          ],
          [
            -41.0325,
            -10.4455
          ],
          [
            -41.0315,
            -10.4445
          ],
          [
            -41.0315,
            -10.4435
          ],
          [
            -41.0315,
            -10.4425
          ],
          [
            -41.0305,
            -10.4415
          ],
          [
            -41.0305,
            -10.4405
          ],
          [
            -41.0295,
            -10.4415
          ]
        ]
      },
      "properties": {
        "id": "hidro_5971",
        "tipo": "Drenagem Regional",
        "bacia": "Bacia Hidrogr\u00e1fica do Rio S\u00e3o Francisco"
      }
    },
    {
      "type": "Feature",
      "geometry": {
        "type": "LineString",
        "coordinates": [
          [
            -40.0895,
            -10.4355
          ],
          [
            -40.0895,
            -10.4365
          ],
          [
            -40.0885,
            -10.4375
          ],
          [
            -40.0875,
            -10.4385
          ],
          [
            -40.0865,
            -10.4385
          ],
          [
            -40.0855,
            -10.4395
          ],
          [
            -40.0845,
            -10.4385
          ],
          [
            -40.0835,
            -10.4395
          ],
          [
            -40.0825,
            -10.4395
          ],
          [
            -40.0815,
            -10.4405
          ],
          [
            -40.0805,
            -10.4405
          ],
          [
            -40.0795,
            -10.4415
          ]
        ]
      },
      "properties": {
        "id": "hidro_6001",
        "tipo": "Talvegue",
        "bacia": "Bacia Hidrogr\u00e1fica do Rio S\u00e3o Francisco"
      }
    },
    {
      "type": "Feature",
      "geometry": {
        "type": "LineString",
        "coordinates": [
          [
            -42.1145,
            -10.4605
          ],
          [
            -42.1135,
            -10.4605
          ],
          [
            -42.1125,
            -10.4595
          ],
          [
            -42.1115,
            -10.4585
          ],
          [
            -42.1115,
            -10.4575
          ],
          [
            -42.1105,
            -10.4585
          ]
        ]
      },
      "properties": {
        "id": "hidro_6031",
        "tipo": "Talvegue",
        "bacia": "Bacia Hidrogr\u00e1fica do Rio S\u00e3o Francisco"
      }
    },
    {
      "type": "Feature",
      "geometry": {
        "type": "LineString",
        "coordinates": [
          [
            -41.1395,
            -10.4605
          ],
          [
            -41.1385,
            -10.4595
          ],
          [
            -41.1375,
            -10.4585
          ],
          [
            -41.1365,
            -10.4575
          ],
          [
            -41.1365,
            -10.4565
          ],
          [
            -41.1365,
            -10.4555
          ],
          [
            -41.1365,
            -10.4545
          ],
          [
            -41.1365,
            -10.4535
          ],
          [
            -41.1365,
            -10.4525
          ],
          [
            -41.1355,
            -10.4535
          ],
          [
            -41.1345,
            -10.4535
          ],
          [
            -41.1335,
            -10.4535
          ],
          [
            -41.1325,
            -10.4535
          ],
          [
            -41.1315,
            -10.4535
          ],
          [
            -41.1305,
            -10.4545
          ],
          [
            -41.1295,
            -10.4535
          ],
          [
            -41.1285,
            -10.4545
          ],
          [
            -41.1275,
            -10.4555
          ],
          [
            -41.1265,
            -10.4555
          ],
          [
            -41.1255,
            -10.4565
          ],
          [
            -41.1245,
            -10.4575
          ],
          [
            -41.1235,
            -10.4565
          ],
          [
            -41.1225,
            -10.4575
          ],
          [
            -41.1215,
            -10.4585
          ],
          [
            -41.1205,
            -10.4595
          ]
        ]
      },
      "properties": {
        "id": "hidro_6061",
        "tipo": "Drenagem Regional",
        "bacia": "Bacia Hidrogr\u00e1fica do Rio S\u00e3o Francisco"
      }
    },
    {
      "type": "Feature",
      "geometry": {
        "type": "LineString",
        "coordinates": [
          [
            -40.0895,
            -10.4605
          ],
          [
            -40.0885,
            -10.4595
          ],
          [
            -40.0895,
            -10.4585
          ],
          [
            -40.0885,
            -10.4575
          ],
          [
            -40.0875,
            -10.4575
          ],
          [
            -40.0865,
            -10.4575
          ],
          [
            -40.0855,
            -10.4585
          ],
          [
            -40.0845,
            -10.4575
          ],
          [
            -40.0835,
            -10.4575
          ],
          [
            -40.0825,
            -10.4565
          ],
          [
            -40.0815,
            -10.4565
          ],
          [
            -40.0805,
            -10.4565
          ],
          [
            -40.0795,
            -10.4565
          ],
          [
            -40.0785,
            -10.4565
          ],
          [
            -40.0775,
            -10.4575
          ],
          [
            -40.0765,
            -10.4575
          ],
          [
            -40.0755,
            -10.4585
          ],
          [
            -40.0765,
            -10.4595
          ],
          [
            -40.0755,
            -10.4605
          ]
        ]
      },
      "properties": {
        "id": "hidro_6091",
        "tipo": "Drenagem Regional",
        "bacia": "Bacia Hidrogr\u00e1fica do Rio S\u00e3o Francisco"
      }
    },
    {
      "type": "Feature",
      "geometry": {
        "type": "LineString",
        "coordinates": [
          [
            -42.0645,
            -10.4855
          ],
          [
            -42.0635,
            -10.4855
          ],
          [
            -42.0625,
            -10.4845
          ],
          [
            -42.0615,
            -10.4855
          ],
          [
            -42.0605,
            -10.4845
          ],
          [
            -42.0605,
            -10.4835
          ],
          [
            -42.0595,
            -10.4825
          ],
          [
            -42.0585,
            -10.4825
          ],
          [
            -42.0575,
            -10.4835
          ]
        ]
      },
      "properties": {
        "id": "hidro_6121",
        "tipo": "Talvegue",
        "bacia": "Bacia Hidrogr\u00e1fica do Rio S\u00e3o Francisco"
      }
    },
    {
      "type": "Feature",
      "geometry": {
        "type": "LineString",
        "coordinates": [
          [
            -41.1645,
            -10.4855
          ],
          [
            -41.1635,
            -10.4855
          ],
          [
            -41.1625,
            -10.4865
          ],
          [
            -41.1615,
            -10.4865
          ],
          [
            -41.1605,
            -10.4875
          ],
          [
            -41.1595,
            -10.4875
          ],
          [
            -41.1585,
            -10.4875
          ],
          [
            -41.1575,
            -10.4885
          ],
          [
            -41.1575,
            -10.4895
          ],
          [
            -41.1565,
            -10.4905
          ],
          [
            -41.1555,
            -10.4915
          ],
          [
            -41.1545,
            -10.4905
          ],
          [
            -41.1535,
            -10.4905
          ],
          [
            -41.1525,
            -10.4905
          ],
          [
            -41.1515,
            -10.4915
          ],
          [
            -41.1505,
            -10.4905
          ],
          [
            -41.1495,
            -10.4905
          ],
          [
            -41.1485,
            -10.4895
          ],
          [
            -41.1475,
            -10.4895
          ],
          [
            -41.1465,
            -10.4895
          ],
          [
            -41.1455,
            -10.4905
          ],
          [
            -41.1445,
            -10.4895
          ],
          [
            -41.1435,
            -10.4905
          ],
          [
            -41.1425,
            -10.4915
          ],
          [
            -41.1415,
            -10.4925
          ]
        ]
      },
      "properties": {
        "id": "hidro_6151",
        "tipo": "Drenagem Regional",
        "bacia": "Bacia Hidrogr\u00e1fica do Rio S\u00e3o Francisco"
      }
    },
    {
      "type": "Feature",
      "geometry": {
        "type": "LineString",
        "coordinates": [
          [
            -40.2645,
            -10.4855
          ],
          [
            -40.2635,
            -10.4865
          ],
          [
            -40.2625,
            -10.4865
          ],
          [
            -40.2615,
            -10.4855
          ],
          [
            -40.2605,
            -10.4855
          ],
          [
            -40.2595,
            -10.4865
          ],
          [
            -40.2595,
            -10.4875
          ],
          [
            -40.2585,
            -10.4885
          ]
        ]
      },
      "properties": {
        "id": "hidro_6181",
        "tipo": "Talvegue",
        "bacia": "Bacia Hidrogr\u00e1fica do Rio S\u00e3o Francisco"
      }
    },
    {
      "type": "Feature",
      "geometry": {
        "type": "LineString",
        "coordinates": [
          [
            -42.6395,
            -10.5105
          ],
          [
            -42.6405,
            -10.5095
          ],
          [
            -42.6415,
            -10.5085
          ],
          [
            -42.6425,
            -10.5085
          ],
          [
            -42.6435,
            -10.5085
          ],
          [
            -42.6445,
            -10.5085
          ],
          [
            -42.6435,
            -10.5095
          ]
        ]
      },
      "properties": {
        "id": "hidro_6211",
        "tipo": "Talvegue",
        "bacia": "Bacia Hidrogr\u00e1fica do Rio S\u00e3o Francisco"
      }
    },
    {
      "type": "Feature",
      "geometry": {
        "type": "LineString",
        "coordinates": [
          [
            -41.4645,
            -10.5105
          ],
          [
            -41.4655,
            -10.5115
          ],
          [
            -41.4665,
            -10.5115
          ],
          [
            -41.4675,
            -10.5115
          ],
          [
            -41.4685,
            -10.5125
          ],
          [
            -41.4695,
            -10.5135
          ],
          [
            -41.4685,
            -10.5145
          ],
          [
            -41.4695,
            -10.5155
          ],
          [
            -41.4705,
            -10.5165
          ],
          [
            -41.4715,
            -10.5175
          ],
          [
            -41.4715,
            -10.5185
          ],
          [
            -41.4705,
            -10.5195
          ]
        ]
      },
      "properties": {
        "id": "hidro_6241",
        "tipo": "Talvegue",
        "bacia": "Bacia Hidrogr\u00e1fica do Rio S\u00e3o Francisco"
      }
    },
    {
      "type": "Feature",
      "geometry": {
        "type": "LineString",
        "coordinates": [
          [
            -40.4395,
            -10.5105
          ],
          [
            -40.4405,
            -10.5115
          ],
          [
            -40.4405,
            -10.5125
          ],
          [
            -40.4405,
            -10.5135
          ],
          [
            -40.4395,
            -10.5145
          ],
          [
            -40.4405,
            -10.5155
          ],
          [
            -40.4405,
            -10.5165
          ],
          [
            -40.4395,
            -10.5175
          ],
          [
            -40.4385,
            -10.5185
          ],
          [
            -40.4375,
            -10.5195
          ],
          [
            -40.4365,
            -10.5205
          ],
          [
            -40.4355,
            -10.5215
          ],
          [
            -40.4345,
            -10.5215
          ],
          [
            -40.4335,
            -10.5215
          ],
          [
            -40.4325,
            -10.5225
          ],
          [
            -40.4315,
            -10.5225
          ],
          [
            -40.4305,
            -10.5235
          ],
          [
            -40.4295,
            -10.5245
          ],
          [
            -40.4295,
            -10.5255
          ],
          [
            -40.4295,
            -10.5265
          ],
          [
            -40.4285,
            -10.5275
          ],
          [
            -40.4285,
            -10.5285
          ],
          [
            -40.4285,
            -10.5295
          ],
          [
            -40.4285,
            -10.5305
          ],
          [
            -40.4275,
            -10.5315
          ]
        ]
      },
      "properties": {
        "id": "hidro_6271",
        "tipo": "Drenagem Regional",
        "bacia": "Bacia Hidrogr\u00e1fica do Rio S\u00e3o Francisco"
      }
    },
    {
      "type": "Feature",
      "geometry": {
        "type": "LineString",
        "coordinates": [
          [
            -39.5145,
            -10.5105
          ],
          [
            -39.5155,
            -10.5095
          ],
          [
            -39.5165,
            -10.5085
          ],
          [
            -39.5175,
            -10.5075
          ],
          [
            -39.5165,
            -10.5065
          ],
          [
            -39.5175,
            -10.5055
          ],
          [
            -39.5185,
            -10.5045
          ],
          [
            -39.5195,
            -10.5035
          ]
        ]
      },
      "properties": {
        "id": "hidro_6301",
        "tipo": "Talvegue",
        "bacia": "Bacia Hidrogr\u00e1fica do Rio S\u00e3o Francisco"
      }
    },
    {
      "type": "Feature",
      "geometry": {
        "type": "LineString",
        "coordinates": [
          [
            -41.5395,
            -10.5355
          ],
          [
            -41.5385,
            -10.5365
          ],
          [
            -41.5375,
            -10.5375
          ],
          [
            -41.5385,
            -10.5385
          ],
          [
            -41.5385,
            -10.5395
          ],
          [
            -41.5395,
            -10.5405
          ],
          [
            -41.5395,
            -10.5415
          ],
          [
            -41.5405,
            -10.5425
          ],
          [
            -41.5415,
            -10.5435
          ],
          [
            -41.5425,
            -10.5435
          ],
          [
            -41.5435,
            -10.5435
          ],
          [
            -41.5445,
            -10.5435
          ],
          [
            -41.5455,
            -10.5435
          ],
          [
            -41.5465,
            -10.5435
          ],
          [
            -41.5475,
            -10.5435
          ],
          [
            -41.5485,
            -10.5435
          ],
          [
            -41.5495,
            -10.5435
          ],
          [
            -41.5485,
            -10.5445
          ],
          [
            -41.5495,
            -10.5455
          ],
          [
            -41.5505,
            -10.5455
          ],
          [
            -41.5515,
            -10.5465
          ],
          [
            -41.5525,
            -10.5475
          ],
          [
            -41.5535,
            -10.5485
          ],
          [
            -41.5545,
            -10.5495
          ],
          [
            -41.5555,
            -10.5495
          ]
        ]
      },
      "properties": {
        "id": "hidro_6331",
        "tipo": "Drenagem Regional",
        "bacia": "Bacia Hidrogr\u00e1fica do Rio S\u00e3o Francisco"
      }
    },
    {
      "type": "Feature",
      "geometry": {
        "type": "LineString",
        "coordinates": [
          [
            -40.6895,
            -10.5355
          ],
          [
            -40.6905,
            -10.5345
          ],
          [
            -40.6915,
            -10.5335
          ],
          [
            -40.6925,
            -10.5325
          ],
          [
            -40.6935,
            -10.5315
          ],
          [
            -40.6945,
            -10.5305
          ],
          [
            -40.6955,
            -10.5295
          ],
          [
            -40.6965,
            -10.5285
          ],
          [
            -40.6975,
            -10.5275
          ],
          [
            -40.6985,
            -10.5265
          ],
          [
            -40.6995,
            -10.5255
          ],
          [
            -40.7005,
            -10.5245
          ],
          [
            -40.7015,
            -10.5235
          ],
          [
            -40.7025,
            -10.5225
          ],
          [
            -40.7035,
            -10.5215
          ],
          [
            -40.7045,
            -10.5205
          ],
          [
            -40.7055,
            -10.5195
          ],
          [
            -40.7065,
            -10.5185
          ],
          [
            -40.7075,
            -10.5175
          ],
          [
            -40.7085,
            -10.5165
          ],
          [
            -40.7095,
            -10.5155
          ],
          [
            -40.7105,
            -10.5145
          ],
          [
            -40.7115,
            -10.5135
          ],
          [
            -40.7125,
            -10.5125
          ],
          [
            -40.7135,
            -10.5115
          ]
        ]
      },
      "properties": {
        "id": "hidro_6361",
        "tipo": "Drenagem Regional",
        "bacia": "Bacia Hidrogr\u00e1fica do Rio S\u00e3o Francisco"
      }
    },
    {
      "type": "Feature",
      "geometry": {
        "type": "LineString",
        "coordinates": [
          [
            -39.7145,
            -10.5355
          ],
          [
            -39.7135,
            -10.5345
          ],
          [
            -39.7125,
            -10.5355
          ],
          [
            -39.7115,
            -10.5365
          ],
          [
            -39.7125,
            -10.5375
          ],
          [
            -39.7115,
            -10.5385
          ],
          [
            -39.7105,
            -10.5395
          ],
          [
            -39.7095,
            -10.5385
          ],
          [
            -39.7085,
            -10.5395
          ]
        ]
      },
      "properties": {
        "id": "hidro_6391",
        "tipo": "Talvegue",
        "bacia": "Bacia Hidrogr\u00e1fica do Rio S\u00e3o Francisco"
      }
    },
    {
      "type": "Feature",
      "geometry": {
        "type": "LineString",
        "coordinates": [
          [
            -41.6895,
            -10.5605
          ],
          [
            -41.6905,
            -10.5615
          ],
          [
            -41.6915,
            -10.5625
          ],
          [
            -41.6915,
            -10.5635
          ],
          [
            -41.6905,
            -10.5645
          ],
          [
            -41.6915,
            -10.5655
          ],
          [
            -41.6905,
            -10.5665
          ],
          [
            -41.6905,
            -10.5675
          ],
          [
            -41.6905,
            -10.5685
          ],
          [
            -41.6895,
            -10.5695
          ],
          [
            -41.6885,
            -10.5705
          ],
          [
            -41.6885,
            -10.5715
          ],
          [
            -41.6895,
            -10.5725
          ],
          [
            -41.6895,
            -10.5735
          ],
          [
            -41.6885,
            -10.5745
          ],
          [
            -41.6895,
            -10.5755
          ],
          [
            -41.6885,
            -10.5765
          ],
          [
            -41.6885,
            -10.5775
          ],
          [
            -41.6885,
            -10.5785
          ],
          [
            -41.6885,
            -10.5795
          ],
          [
            -41.6885,
            -10.5805
          ],
          [
            -41.6875,
            -10.5815
          ],
          [
            -41.6875,
            -10.5825
          ],
          [
            -41.6875,
            -10.5835
          ],
          [
            -41.6865,
            -10.5845
          ]
        ]
      },
      "properties": {
        "id": "hidro_6421",
        "tipo": "Drenagem Regional",
        "bacia": "Bacia Hidrogr\u00e1fica do Rio S\u00e3o Francisco"
      }
    },
    {
      "type": "Feature",
      "geometry": {
        "type": "LineString",
        "coordinates": [
          [
            -40.7145,
            -10.5605
          ],
          [
            -40.7155,
            -10.5595
          ],
          [
            -40.7145,
            -10.5585
          ],
          [
            -40.7155,
            -10.5575
          ],
          [
            -40.7165,
            -10.5575
          ],
          [
            -40.7175,
            -10.5575
          ],
          [
            -40.7185,
            -10.5565
          ],
          [
            -40.7195,
            -10.5565
          ],
          [
            -40.7205,
            -10.5565
          ],
          [
            -40.7215,
            -10.5565
          ],
          [
            -40.7225,
            -10.5565
          ],
          [
            -40.7235,
            -10.5565
          ],
          [
            -40.7245,
            -10.5565
          ],
          [
            -40.7255,
            -10.5555
          ],
          [
            -40.7265,
            -10.5555
          ],
          [
            -40.7255,
            -10.5565
          ]
        ]
      },
      "properties": {
        "id": "hidro_6451",
        "tipo": "Drenagem Regional",
        "bacia": "Bacia Hidrogr\u00e1fica do Rio S\u00e3o Francisco"
      }
    },
    {
      "type": "Feature",
      "geometry": {
        "type": "LineString",
        "coordinates": [
          [
            -39.8145,
            -10.5605
          ],
          [
            -39.8135,
            -10.5595
          ],
          [
            -39.8125,
            -10.5605
          ],
          [
            -39.8115,
            -10.5615
          ],
          [
            -39.8105,
            -10.5615
          ],
          [
            -39.8095,
            -10.5625
          ],
          [
            -39.8085,
            -10.5625
          ],
          [
            -39.8075,
            -10.5635
          ]
        ]
      },
      "properties": {
        "id": "hidro_6481",
        "tipo": "Talvegue",
        "bacia": "Bacia Hidrogr\u00e1fica do Rio S\u00e3o Francisco"
      }
    },
    {
      "type": "Feature",
      "geometry": {
        "type": "LineString",
        "coordinates": [
          [
            -42.1145,
            -10.5855
          ],
          [
            -42.1135,
            -10.5845
          ],
          [
            -42.1135,
            -10.5835
          ],
          [
            -42.1145,
            -10.5825
          ],
          [
            -42.1155,
            -10.5825
          ],
          [
            -42.1165,
            -10.5825
          ],
          [
            -42.1175,
            -10.5825
          ],
          [
            -42.1185,
            -10.5825
          ],
          [
            -42.1195,
            -10.5835
          ],
          [
            -42.1205,
            -10.5835
          ],
          [
            -42.1215,
            -10.5835
          ],
          [
            -42.1225,
            -10.5835
          ],
          [
            -42.1235,
            -10.5825
          ],
          [
            -42.1245,
            -10.5825
          ],
          [
            -42.1255,
            -10.5825
          ],
          [
            -42.1265,
            -10.5825
          ],
          [
            -42.1255,
            -10.5835
          ]
        ]
      },
      "properties": {
        "id": "hidro_6511",
        "tipo": "Drenagem Regional",
        "bacia": "Bacia Hidrogr\u00e1fica do Rio S\u00e3o Francisco"
      }
    },
    {
      "type": "Feature",
      "geometry": {
        "type": "LineString",
        "coordinates": [
          [
            -41.2395,
            -10.5855
          ],
          [
            -41.2405,
            -10.5855
          ],
          [
            -41.2395,
            -10.5865
          ],
          [
            -41.2395,
            -10.5875
          ],
          [
            -41.2395,
            -10.5885
          ],
          [
            -41.2395,
            -10.5895
          ],
          [
            -41.2385,
            -10.5905
          ],
          [
            -41.2385,
            -10.5915
          ],
          [
            -41.2375,
            -10.5925
          ],
          [
            -41.2375,
            -10.5935
          ],
          [
            -41.2365,
            -10.5945
          ],
          [
            -41.2365,
            -10.5955
          ],
          [
            -41.2365,
            -10.5965
          ],
          [
            -41.2375,
            -10.5975
          ],
          [
            -41.2385,
            -10.5985
          ],
          [
            -41.2385,
            -10.5995
          ],
          [
            -41.2395,
            -10.6005
          ],
          [
            -41.2405,
            -10.6015
          ],
          [
            -41.2415,
            -10.6015
          ],
          [
            -41.2425,
            -10.6025
          ],
          [
            -41.2435,
            -10.6035
          ],
          [
            -41.2425,
            -10.6045
          ],
          [
            -41.2435,
            -10.6055
          ],
          [
            -41.2445,
            -10.6065
          ],
          [
            -41.2455,
            -10.6075
          ]
        ]
      },
      "properties": {
        "id": "hidro_6541",
        "tipo": "Drenagem Regional",
        "bacia": "Bacia Hidrogr\u00e1fica do Rio S\u00e3o Francisco"
      }
    },
    {
      "type": "Feature",
      "geometry": {
        "type": "LineString",
        "coordinates": [
          [
            -40.3145,
            -10.5855
          ],
          [
            -40.3145,
            -10.5865
          ],
          [
            -40.3145,
            -10.5875
          ],
          [
            -40.3145,
            -10.5885
          ],
          [
            -40.3145,
            -10.5895
          ],
          [
            -40.3145,
            -10.5905
          ],
          [
            -40.3155,
            -10.5915
          ],
          [
            -40.3165,
            -10.5925
          ],
          [
            -40.3155,
            -10.5935
          ],
          [
            -40.3145,
            -10.5935
          ],
          [
            -40.3135,
            -10.5945
          ],
          [
            -40.3145,
            -10.5955
          ],
          [
            -40.3145,
            -10.5965
          ],
          [
            -40.3135,
            -10.5975
          ],
          [
            -40.3125,
            -10.5985
          ],
          [
            -40.3115,
            -10.5995
          ],
          [
            -40.3105,
            -10.5995
          ],
          [
            -40.3095,
            -10.5995
          ],
          [
            -40.3085,
            -10.6005
          ],
          [
            -40.3085,
            -10.6015
          ],
          [
            -40.3075,
            -10.6025
          ],
          [
            -40.3065,
            -10.6035
          ]
        ]
      },
      "properties": {
        "id": "hidro_6571",
        "tipo": "Drenagem Regional",
        "bacia": "Bacia Hidrogr\u00e1fica do Rio S\u00e3o Francisco"
      }
    },
    {
      "type": "Feature",
      "geometry": {
        "type": "LineString",
        "coordinates": [
          [
            -42.5895,
            -10.6105
          ],
          [
            -42.5885,
            -10.6095
          ],
          [
            -42.5885,
            -10.6085
          ],
          [
            -42.5895,
            -10.6075
          ],
          [
            -42.5905,
            -10.6065
          ],
          [
            -42.5915,
            -10.6055
          ],
          [
            -42.5925,
            -10.6045
          ],
          [
            -42.5935,
            -10.6035
          ],
          [
            -42.5945,
            -10.6025
          ],
          [
            -42.5955,
            -10.6025
          ],
          [
            -42.5965,
            -10.6015
          ],
          [
            -42.5975,
            -10.6015
          ],
          [
            -42.5985,
            -10.6015
          ],
          [
            -42.5995,
            -10.6025
          ],
          [
            -42.6005,
            -10.6035
          ],
          [
            -42.6015,
            -10.6025
          ],
          [
            -42.6025,
            -10.6015
          ],
          [
            -42.6035,
            -10.6015
          ],
          [
            -42.6045,
            -10.6015
          ],
          [
            -42.6055,
            -10.6025
          ],
          [
            -42.6065,
            -10.6035
          ],
          [
            -42.6075,
            -10.6035
          ],
          [
            -42.6085,
            -10.6025
          ],
          [
            -42.6085,
            -10.6015
          ],
          [
            -42.6085,
            -10.6005
          ]
        ]
      },
      "properties": {
        "id": "hidro_6601",
        "tipo": "Drenagem Regional",
        "bacia": "Bacia Hidrogr\u00e1fica do Rio S\u00e3o Francisco"
      }
    },
    {
      "type": "Feature",
      "geometry": {
        "type": "LineString",
        "coordinates": [
          [
            -41.5395,
            -10.6105
          ],
          [
            -41.5405,
            -10.6095
          ],
          [
            -41.5415,
            -10.6085
          ],
          [
            -41.5425,
            -10.6075
          ],
          [
            -41.5435,
            -10.6065
          ],
          [
            -41.5445,
            -10.6055
          ],
          [
            -41.5455,
            -10.6045
          ],
          [
            -41.5465,
            -10.6035
          ],
          [
            -41.5475,
            -10.6025
          ],
          [
            -41.5485,
            -10.6025
          ],
          [
            -41.5495,
            -10.6025
          ],
          [
            -41.5505,
            -10.6015
          ],
          [
            -41.5515,
            -10.6005
          ],
          [
            -41.5525,
            -10.5995
          ]
        ]
      },
      "properties": {
        "id": "hidro_6631",
        "tipo": "Talvegue",
        "bacia": "Bacia Hidrogr\u00e1fica do Rio S\u00e3o Francisco"
      }
    },
    {
      "type": "Feature",
      "geometry": {
        "type": "LineString",
        "coordinates": [
          [
            -40.7395,
            -10.6105
          ],
          [
            -40.7385,
            -10.6095
          ],
          [
            -40.7375,
            -10.6085
          ],
          [
            -40.7365,
            -10.6075
          ],
          [
            -40.7365,
            -10.6065
          ],
          [
            -40.7365,
            -10.6055
          ],
          [
            -40.7365,
            -10.6045
          ],
          [
            -40.7365,
            -10.6035
          ],
          [
            -40.7365,
            -10.6025
          ],
          [
            -40.7365,
            -10.6015
          ],
          [
            -40.7365,
            -10.6005
          ],
          [
            -40.7365,
            -10.5995
          ],
          [
            -40.7365,
            -10.5985
          ],
          [
            -40.7365,
            -10.5975
          ],
          [
            -40.7365,
            -10.5965
          ],
          [
            -40.7365,
            -10.5955
          ],
          [
            -40.7365,
            -10.5945
          ],
          [
            -40.7365,
            -10.5935
          ],
          [
            -40.7365,
            -10.5925
          ],
          [
            -40.7365,
            -10.5915
          ],
          [
            -40.7365,
            -10.5905
          ],
          [
            -40.7365,
            -10.5895
          ],
          [
            -40.7365,
            -10.5885
          ],
          [
            -40.7365,
            -10.5875
          ],
          [
            -40.7355,
            -10.5885
          ]
        ]
      },
      "properties": {
        "id": "hidro_6661",
        "tipo": "Drenagem Regional",
        "bacia": "Bacia Hidrogr\u00e1fica do Rio S\u00e3o Francisco"
      }
    },
    {
      "type": "Feature",
      "geometry": {
        "type": "LineString",
        "coordinates": [
          [
            -39.7895,
            -10.6105
          ],
          [
            -39.7905,
            -10.6095
          ],
          [
            -39.7895,
            -10.6085
          ],
          [
            -39.7885,
            -10.6085
          ],
          [
            -39.7875,
            -10.6085
          ],
          [
            -39.7865,
            -10.6085
          ],
          [
            -39.7855,
            -10.6095
          ],
          [
            -39.7845,
            -10.6105
          ],
          [
            -39.7835,
            -10.6095
          ],
          [
            -39.7825,
            -10.6095
          ],
          [
            -39.7815,
            -10.6105
          ],
          [
            -39.7805,
            -10.6115
          ],
          [
            -39.7795,
            -10.6115
          ],
          [
            -39.7785,
            -10.6115
          ],
          [
            -39.7775,
            -10.6115
          ],
          [
            -39.7765,
            -10.6125
          ],
          [
            -39.7755,
            -10.6135
          ]
        ]
      },
      "properties": {
        "id": "hidro_6691",
        "tipo": "Drenagem Regional",
        "bacia": "Bacia Hidrogr\u00e1fica do Rio S\u00e3o Francisco"
      }
    },
    {
      "type": "Feature",
      "geometry": {
        "type": "LineString",
        "coordinates": [
          [
            -41.8395,
            -10.6355
          ],
          [
            -41.8385,
            -10.6345
          ],
          [
            -41.8385,
            -10.6335
          ],
          [
            -41.8395,
            -10.6325
          ],
          [
            -41.8385,
            -10.6315
          ],
          [
            -41.8375,
            -10.6325
          ]
        ]
      },
      "properties": {
        "id": "hidro_6721",
        "tipo": "Talvegue",
        "bacia": "Bacia Hidrogr\u00e1fica do Rio S\u00e3o Francisco"
      }
    },
    {
      "type": "Feature",
      "geometry": {
        "type": "LineString",
        "coordinates": [
          [
            -41.0395,
            -10.6355
          ],
          [
            -41.0385,
            -10.6345
          ],
          [
            -41.0375,
            -10.6335
          ],
          [
            -41.0365,
            -10.6325
          ],
          [
            -41.0365,
            -10.6315
          ],
          [
            -41.0365,
            -10.6305
          ],
          [
            -41.0365,
            -10.6295
          ],
          [
            -41.0355,
            -10.6305
          ],
          [
            -41.0345,
            -10.6295
          ],
          [
            -41.0335,
            -10.6285
          ],
          [
            -41.0335,
            -10.6275
          ],
          [
            -41.0335,
            -10.6265
          ],
          [
            -41.0325,
            -10.6275
          ]
        ]
      },
      "properties": {
        "id": "hidro_6751",
        "tipo": "Talvegue",
        "bacia": "Bacia Hidrogr\u00e1fica do Rio S\u00e3o Francisco"
      }
    },
    {
      "type": "Feature",
      "geometry": {
        "type": "LineString",
        "coordinates": [
          [
            -40.0645,
            -10.6355
          ],
          [
            -40.0635,
            -10.6345
          ],
          [
            -40.0625,
            -10.6335
          ],
          [
            -40.0615,
            -10.6325
          ],
          [
            -40.0605,
            -10.6335
          ],
          [
            -40.0595,
            -10.6335
          ],
          [
            -40.0585,
            -10.6335
          ],
          [
            -40.0575,
            -10.6335
          ],
          [
            -40.0565,
            -10.6335
          ],
          [
            -40.0555,
            -10.6345
          ],
          [
            -40.0545,
            -10.6335
          ],
          [
            -40.0535,
            -10.6325
          ],
          [
            -40.0535,
            -10.6315
          ],
          [
            -40.0525,
            -10.6305
          ],
          [
            -40.0515,
            -10.6295
          ],
          [
            -40.0505,
            -10.6285
          ],
          [
            -40.0495,
            -10.6275
          ],
          [
            -40.0485,
            -10.6265
          ],
          [
            -40.0475,
            -10.6255
          ],
          [
            -40.0465,
            -10.6265
          ]
        ]
      },
      "properties": {
        "id": "hidro_6781",
        "tipo": "Drenagem Regional",
        "bacia": "Bacia Hidrogr\u00e1fica do Rio S\u00e3o Francisco"
      }
    },
    {
      "type": "Feature",
      "geometry": {
        "type": "LineString",
        "coordinates": [
          [
            -42.3395,
            -10.6605
          ],
          [
            -42.3385,
            -10.6595
          ],
          [
            -42.3375,
            -10.6585
          ],
          [
            -42.3365,
            -10.6575
          ],
          [
            -42.3355,
            -10.6565
          ],
          [
            -42.3345,
            -10.6555
          ],
          [
            -42.3345,
            -10.6545
          ],
          [
            -42.3345,
            -10.6535
          ],
          [
            -42.3345,
            -10.6525
          ],
          [
            -42.3345,
            -10.6515
          ],
          [
            -42.3345,
            -10.6505
          ],
          [
            -42.3345,
            -10.6495
          ],
          [
            -42.3345,
            -10.6485
          ],
          [
            -42.3335,
            -10.6495
          ],
          [
            -42.3325,
            -10.6485
          ],
          [
            -42.3315,
            -10.6495
          ]
        ]
      },
      "properties": {
        "id": "hidro_6811",
        "tipo": "Drenagem Regional",
        "bacia": "Bacia Hidrogr\u00e1fica do Rio S\u00e3o Francisco"
      }
    },
    {
      "type": "Feature",
      "geometry": {
        "type": "LineString",
        "coordinates": [
          [
            -41.3645,
            -10.6605
          ],
          [
            -41.3655,
            -10.6595
          ],
          [
            -41.3665,
            -10.6585
          ],
          [
            -41.3675,
            -10.6575
          ],
          [
            -41.3665,
            -10.6565
          ],
          [
            -41.3675,
            -10.6555
          ],
          [
            -41.3685,
            -10.6545
          ],
          [
            -41.3695,
            -10.6535
          ],
          [
            -41.3705,
            -10.6525
          ],
          [
            -41.3715,
            -10.6525
          ],
          [
            -41.3725,
            -10.6515
          ]
        ]
      },
      "properties": {
        "id": "hidro_6841",
        "tipo": "Talvegue",
        "bacia": "Bacia Hidrogr\u00e1fica do Rio S\u00e3o Francisco"
      }
    },
    {
      "type": "Feature",
      "geometry": {
        "type": "LineString",
        "coordinates": [
          [
            -40.4395,
            -10.6605
          ],
          [
            -40.4385,
            -10.6615
          ],
          [
            -40.4385,
            -10.6625
          ],
          [
            -40.4395,
            -10.6635
          ],
          [
            -40.4385,
            -10.6645
          ],
          [
            -40.4385,
            -10.6655
          ],
          [
            -40.4375,
            -10.6665
          ]
        ]
      },
      "properties": {
        "id": "hidro_6871",
        "tipo": "Talvegue",
        "bacia": "Bacia Hidrogr\u00e1fica do Rio S\u00e3o Francisco"
      }
    },
    {
      "type": "Feature",
      "geometry": {
        "type": "LineString",
        "coordinates": [
          [
            -42.6895,
            -10.6855
          ],
          [
            -42.6905,
            -10.6865
          ],
          [
            -42.6915,
            -10.6855
          ],
          [
            -42.6925,
            -10.6845
          ],
          [
            -42.6935,
            -10.6835
          ],
          [
            -42.6945,
            -10.6825
          ],
          [
            -42.6955,
            -10.6815
          ],
          [
            -42.6955,
            -10.6805
          ],
          [
            -42.6955,
            -10.6795
          ],
          [
            -42.6945,
            -10.6785
          ],
          [
            -42.6935,
            -10.6795
          ]
        ]
      },
      "properties": {
        "id": "hidro_6901",
        "tipo": "Talvegue",
        "bacia": "Bacia Hidrogr\u00e1fica do Rio S\u00e3o Francisco"
      }
    },
    {
      "type": "Feature",
      "geometry": {
        "type": "LineString",
        "coordinates": [
          [
            -41.5395,
            -10.6855
          ],
          [
            -41.5405,
            -10.6855
          ],
          [
            -41.5415,
            -10.6855
          ],
          [
            -41.5425,
            -10.6855
          ],
          [
            -41.5435,
            -10.6865
          ],
          [
            -41.5435,
            -10.6875
          ],
          [
            -41.5435,
            -10.6885
          ],
          [
            -41.5445,
            -10.6895
          ],
          [
            -41.5445,
            -10.6905
          ],
          [
            -41.5445,
            -10.6915
          ],
          [
            -41.5455,
            -10.6925
          ],
          [
            -41.5465,
            -10.6935
          ],
          [
            -41.5455,
            -10.6945
          ],
          [
            -41.5465,
            -10.6955
          ],
          [
            -41.5465,
            -10.6965
          ],
          [
            -41.5455,
            -10.6975
          ]
        ]
      },
      "properties": {
        "id": "hidro_6931",
        "tipo": "Drenagem Regional",
        "bacia": "Bacia Hidrogr\u00e1fica do Rio S\u00e3o Francisco"
      }
    },
    {
      "type": "Feature",
      "geometry": {
        "type": "LineString",
        "coordinates": [
          [
            -40.5145,
            -10.6855
          ],
          [
            -40.5145,
            -10.6845
          ],
          [
            -40.5145,
            -10.6835
          ],
          [
            -40.5135,
            -10.6825
          ],
          [
            -40.5125,
            -10.6815
          ],
          [
            -40.5115,
            -10.6805
          ],
          [
            -40.5105,
            -10.6815
          ],
          [
            -40.5095,
            -10.6815
          ],
          [
            -40.5085,
            -10.6825
          ],
          [
            -40.5075,
            -10.6835
          ],
          [
            -40.5065,
            -10.6845
          ],
          [
            -40.5065,
            -10.6855
          ],
          [
            -40.5055,
            -10.6865
          ],
          [
            -40.5045,
            -10.6855
          ],
          [
            -40.5035,
            -10.6865
          ],
          [
            -40.5025,
            -10.6855
          ],
          [
            -40.5015,
            -10.6855
          ],
          [
            -40.5005,
            -10.6855
          ],
          [
            -40.4995,
            -10.6865
          ],
          [
            -40.4985,
            -10.6865
          ],
          [
            -40.4975,
            -10.6875
          ],
          [
            -40.4965,
            -10.6875
          ],
          [
            -40.4955,
            -10.6885
          ],
          [
            -40.4945,
            -10.6885
          ],
          [
            -40.4935,
            -10.6895
          ]
        ]
      },
      "properties": {
        "id": "hidro_6961",
        "tipo": "Drenagem Regional",
        "bacia": "Bacia Hidrogr\u00e1fica do Rio S\u00e3o Francisco"
      }
    },
    {
      "type": "Feature",
      "geometry": {
        "type": "LineString",
        "coordinates": [
          [
            -39.5645,
            -10.6855
          ],
          [
            -39.5655,
            -10.6865
          ],
          [
            -39.5665,
            -10.6865
          ],
          [
            -39.5675,
            -10.6875
          ],
          [
            -39.5685,
            -10.6875
          ],
          [
            -39.5675,
            -10.6885
          ]
        ]
      },
      "properties": {
        "id": "hidro_6991",
        "tipo": "Talvegue",
        "bacia": "Bacia Hidrogr\u00e1fica do Rio S\u00e3o Francisco"
      }
    },
    {
      "type": "Feature",
      "geometry": {
        "type": "LineString",
        "coordinates": [
          [
            -41.6145,
            -10.7105
          ],
          [
            -41.6135,
            -10.7095
          ],
          [
            -41.6125,
            -10.7085
          ],
          [
            -41.6115,
            -10.7075
          ],
          [
            -41.6115,
            -10.7065
          ],
          [
            -41.6115,
            -10.7055
          ],
          [
            -41.6125,
            -10.7045
          ],
          [
            -41.6125,
            -10.7035
          ],
          [
            -41.6125,
            -10.7025
          ],
          [
            -41.6135,
            -10.7015
          ],
          [
            -41.6135,
            -10.7005
          ],
          [
            -41.6145,
            -10.6995
          ],
          [
            -41.6155,
            -10.6985
          ],
          [
            -41.6165,
            -10.6975
          ],
          [
            -41.6175,
            -10.6965
          ],
          [
            -41.6185,
            -10.6955
          ],
          [
            -41.6195,
            -10.6945
          ],
          [
            -41.6205,
            -10.6935
          ],
          [
            -41.6215,
            -10.6925
          ],
          [
            -41.6225,
            -10.6915
          ],
          [
            -41.6225,
            -10.6905
          ],
          [
            -41.6225,
            -10.6895
          ],
          [
            -41.6235,
            -10.6885
          ],
          [
            -41.6245,
            -10.6875
          ],
          [
            -41.6255,
            -10.6865
          ]
        ]
      },
      "properties": {
        "id": "hidro_7021",
        "tipo": "Drenagem Regional",
        "bacia": "Bacia Hidrogr\u00e1fica do Rio S\u00e3o Francisco"
      }
    },
    {
      "type": "Feature",
      "geometry": {
        "type": "LineString",
        "coordinates": [
          [
            -40.5895,
            -10.7105
          ],
          [
            -40.5905,
            -10.7095
          ],
          [
            -40.5915,
            -10.7085
          ],
          [
            -40.5925,
            -10.7075
          ],
          [
            -40.5935,
            -10.7065
          ],
          [
            -40.5945,
            -10.7055
          ],
          [
            -40.5955,
            -10.7045
          ],
          [
            -40.5965,
            -10.7035
          ],
          [
            -40.5975,
            -10.7025
          ],
          [
            -40.5985,
            -10.7015
          ],
          [
            -40.5985,
            -10.7005
          ],
          [
            -40.5975,
            -10.6995
          ],
          [
            -40.5965,
            -10.6985
          ],
          [
            -40.5955,
            -10.6995
          ],
          [
            -40.5945,
            -10.6985
          ],
          [
            -40.5935,
            -10.6985
          ],
          [
            -40.5925,
            -10.6995
          ]
        ]
      },
      "properties": {
        "id": "hidro_7051",
        "tipo": "Drenagem Regional",
        "bacia": "Bacia Hidrogr\u00e1fica do Rio S\u00e3o Francisco"
      }
    },
    {
      "type": "Feature",
      "geometry": {
        "type": "LineString",
        "coordinates": [
          [
            -39.5395,
            -10.7105
          ],
          [
            -39.5385,
            -10.7115
          ],
          [
            -39.5385,
            -10.7125
          ],
          [
            -39.5395,
            -10.7135
          ],
          [
            -39.5385,
            -10.7145
          ],
          [
            -39.5395,
            -10.7155
          ],
          [
            -39.5405,
            -10.7165
          ],
          [
            -39.5405,
            -10.7175
          ],
          [
            -39.5415,
            -10.7185
          ],
          [
            -39.5425,
            -10.7185
          ],
          [
            -39.5415,
            -10.7195
          ]
        ]
      },
      "properties": {
        "id": "hidro_7081",
        "tipo": "Talvegue",
        "bacia": "Bacia Hidrogr\u00e1fica do Rio S\u00e3o Francisco"
      }
    },
    {
      "type": "Feature",
      "geometry": {
        "type": "LineString",
        "coordinates": [
          [
            -41.7895,
            -10.7355
          ],
          [
            -41.7885,
            -10.7355
          ],
          [
            -41.7875,
            -10.7345
          ],
          [
            -41.7865,
            -10.7335
          ],
          [
            -41.7865,
            -10.7325
          ],
          [
            -41.7865,
            -10.7315
          ],
          [
            -41.7865,
            -10.7305
          ],
          [
            -41.7865,
            -10.7295
          ],
          [
            -41.7865,
            -10.7285
          ],
          [
            -41.7865,
            -10.7275
          ],
          [
            -41.7855,
            -10.7285
          ],
          [
            -41.7845,
            -10.7275
          ],
          [
            -41.7835,
            -10.7265
          ],
          [
            -41.7825,
            -10.7275
          ]
        ]
      },
      "properties": {
        "id": "hidro_7111",
        "tipo": "Talvegue",
        "bacia": "Bacia Hidrogr\u00e1fica do Rio S\u00e3o Francisco"
      }
    },
    {
      "type": "Feature",
      "geometry": {
        "type": "LineString",
        "coordinates": [
          [
            -40.7145,
            -10.7355
          ],
          [
            -40.7155,
            -10.7365
          ],
          [
            -40.7165,
            -10.7365
          ],
          [
            -40.7175,
            -10.7365
          ],
          [
            -40.7185,
            -10.7365
          ],
          [
            -40.7175,
            -10.7375
          ]
        ]
      },
      "properties": {
        "id": "hidro_7141",
        "tipo": "Talvegue",
        "bacia": "Bacia Hidrogr\u00e1fica do Rio S\u00e3o Francisco"
      }
    },
    {
      "type": "Feature",
      "geometry": {
        "type": "LineString",
        "coordinates": [
          [
            -39.8145,
            -10.7355
          ],
          [
            -39.8155,
            -10.7345
          ],
          [
            -39.8165,
            -10.7335
          ],
          [
            -39.8165,
            -10.7325
          ],
          [
            -39.8155,
            -10.7335
          ],
          [
            -39.8145,
            -10.7325
          ],
          [
            -39.8135,
            -10.7315
          ],
          [
            -39.8125,
            -10.7325
          ]
        ]
      },
      "properties": {
        "id": "hidro_7171",
        "tipo": "Talvegue",
        "bacia": "Bacia Hidrogr\u00e1fica do Rio S\u00e3o Francisco"
      }
    },
    {
      "type": "Feature",
      "geometry": {
        "type": "LineString",
        "coordinates": [
          [
            -41.9895,
            -10.7605
          ],
          [
            -41.9905,
            -10.7595
          ],
          [
            -41.9915,
            -10.7585
          ],
          [
            -41.9925,
            -10.7575
          ],
          [
            -41.9935,
            -10.7585
          ],
          [
            -41.9945,
            -10.7575
          ],
          [
            -41.9955,
            -10.7565
          ],
          [
            -41.9965,
            -10.7555
          ],
          [
            -41.9975,
            -10.7555
          ],
          [
            -41.9985,
            -10.7555
          ],
          [
            -41.9995,
            -10.7545
          ],
          [
            -42.0005,
            -10.7535
          ],
          [
            -42.0015,
            -10.7535
          ],
          [
            -42.0025,
            -10.7535
          ],
          [
            -42.0035,
            -10.7525
          ],
          [
            -42.0045,
            -10.7515
          ],
          [
            -42.0055,
            -10.7505
          ],
          [
            -42.0065,
            -10.7495
          ],
          [
            -42.0075,
            -10.7485
          ],
          [
            -42.0085,
            -10.7485
          ],
          [
            -42.0075,
            -10.7495
          ]
        ]
      },
      "properties": {
        "id": "hidro_7201",
        "tipo": "Drenagem Regional",
        "bacia": "Bacia Hidrogr\u00e1fica do Rio S\u00e3o Francisco"
      }
    },
    {
      "type": "Feature",
      "geometry": {
        "type": "LineString",
        "coordinates": [
          [
            -41.1145,
            -10.7605
          ],
          [
            -41.1135,
            -10.7615
          ],
          [
            -41.1125,
            -10.7605
          ],
          [
            -41.1115,
            -10.7595
          ],
          [
            -41.1105,
            -10.7605
          ],
          [
            -41.1095,
            -10.7615
          ],
          [
            -41.1085,
            -10.7625
          ],
          [
            -41.1075,
            -10.7625
          ],
          [
            -41.1065,
            -10.7615
          ],
          [
            -41.1055,
            -10.7625
          ],
          [
            -41.1045,
            -10.7625
          ],
          [
            -41.1035,
            -10.7625
          ],
          [
            -41.1025,
            -10.7625
          ],
          [
            -41.1015,
            -10.7615
          ],
          [
            -41.1005,
            -10.7605
          ],
          [
            -41.0995,
            -10.7595
          ],
          [
            -41.0985,
            -10.7595
          ],
          [
            -41.0975,
            -10.7585
          ],
          [
            -41.0965,
            -10.7585
          ],
          [
            -41.0955,
            -10.7595
          ],
          [
            -41.0945,
            -10.7585
          ],
          [
            -41.0935,
            -10.7585
          ],
          [
            -41.0925,
            -10.7585
          ],
          [
            -41.0915,
            -10.7585
          ],
          [
            -41.0905,
            -10.7585
          ]
        ]
      },
      "properties": {
        "id": "hidro_7231",
        "tipo": "Drenagem Regional",
        "bacia": "Bacia Hidrogr\u00e1fica do Rio S\u00e3o Francisco"
      }
    },
    {
      "type": "Feature",
      "geometry": {
        "type": "LineString",
        "coordinates": [
          [
            -40.0395,
            -10.7605
          ],
          [
            -40.0405,
            -10.7615
          ],
          [
            -40.0395,
            -10.7625
          ],
          [
            -40.0385,
            -10.7635
          ],
          [
            -40.0375,
            -10.7645
          ],
          [
            -40.0375,
            -10.7655
          ],
          [
            -40.0365,
            -10.7665
          ]
        ]
      },
      "properties": {
        "id": "hidro_7261",
        "tipo": "Talvegue",
        "bacia": "Bacia Hidrogr\u00e1fica do Rio S\u00e3o Francisco"
      }
    },
    {
      "type": "Feature",
      "geometry": {
        "type": "LineString",
        "coordinates": [
          [
            -42.2145,
            -10.7855
          ],
          [
            -42.2135,
            -10.7865
          ],
          [
            -42.2125,
            -10.7875
          ],
          [
            -42.2115,
            -10.7885
          ],
          [
            -42.2105,
            -10.7895
          ],
          [
            -42.2095,
            -10.7905
          ],
          [
            -42.2085,
            -10.7915
          ],
          [
            -42.2085,
            -10.7925
          ],
          [
            -42.2085,
            -10.7935
          ],
          [
            -42.2075,
            -10.7945
          ],
          [
            -42.2075,
            -10.7955
          ],
          [
            -42.2065,
            -10.7965
          ],
          [
            -42.2055,
            -10.7975
          ],
          [
            -42.2045,
            -10.7985
          ]
        ]
      },
      "properties": {
        "id": "hidro_7291",
        "tipo": "Talvegue",
        "bacia": "Bacia Hidrogr\u00e1fica do Rio S\u00e3o Francisco"
      }
    },
    {
      "type": "Feature",
      "geometry": {
        "type": "LineString",
        "coordinates": [
          [
            -41.2145,
            -10.7855
          ],
          [
            -41.2145,
            -10.7865
          ],
          [
            -41.2145,
            -10.7875
          ],
          [
            -41.2135,
            -10.7885
          ],
          [
            -41.2135,
            -10.7895
          ],
          [
            -41.2135,
            -10.7905
          ],
          [
            -41.2145,
            -10.7915
          ],
          [
            -41.2145,
            -10.7925
          ],
          [
            -41.2135,
            -10.7935
          ],
          [
            -41.2125,
            -10.7945
          ],
          [
            -41.2135,
            -10.7955
          ],
          [
            -41.2135,
            -10.7965
          ],
          [
            -41.2145,
            -10.7975
          ],
          [
            -41.2155,
            -10.7985
          ],
          [
            -41.2165,
            -10.7995
          ],
          [
            -41.2175,
            -10.8005
          ],
          [
            -41.2185,
            -10.8015
          ],
          [
            -41.2175,
            -10.8025
          ],
          [
            -41.2175,
            -10.8035
          ],
          [
            -41.2165,
            -10.8045
          ],
          [
            -41.2165,
            -10.8055
          ],
          [
            -41.2165,
            -10.8065
          ],
          [
            -41.2175,
            -10.8075
          ],
          [
            -41.2165,
            -10.8085
          ],
          [
            -41.2155,
            -10.8095
          ]
        ]
      },
      "properties": {
        "id": "hidro_7321",
        "tipo": "Drenagem Regional",
        "bacia": "Bacia Hidrogr\u00e1fica do Rio S\u00e3o Francisco"
      }
    },
    {
      "type": "Feature",
      "geometry": {
        "type": "LineString",
        "coordinates": [
          [
            -40.1645,
            -10.7855
          ],
          [
            -40.1635,
            -10.7845
          ],
          [
            -40.1625,
            -10.7835
          ],
          [
            -40.1615,
            -10.7825
          ],
          [
            -40.1615,
            -10.7815
          ],
          [
            -40.1615,
            -10.7805
          ],
          [
            -40.1605,
            -10.7815
          ]
        ]
      },
      "properties": {
        "id": "hidro_7351",
        "tipo": "Talvegue",
        "bacia": "Bacia Hidrogr\u00e1fica do Rio S\u00e3o Francisco"
      }
    },
    {
      "type": "Feature",
      "geometry": {
        "type": "LineString",
        "coordinates": [
          [
            -42.4395,
            -10.8105
          ],
          [
            -42.4385,
            -10.8095
          ],
          [
            -42.4375,
            -10.8085
          ],
          [
            -42.4365,
            -10.8085
          ],
          [
            -42.4355,
            -10.8095
          ],
          [
            -42.4345,
            -10.8085
          ],
          [
            -42.4335,
            -10.8095
          ]
        ]
      },
      "properties": {
        "id": "hidro_7381",
        "tipo": "Talvegue",
        "bacia": "Bacia Hidrogr\u00e1fica do Rio S\u00e3o Francisco"
      }
    },
    {
      "type": "Feature",
      "geometry": {
        "type": "LineString",
        "coordinates": [
          [
            -41.4395,
            -10.8105
          ],
          [
            -41.4405,
            -10.8105
          ],
          [
            -41.4415,
            -10.8115
          ],
          [
            -41.4425,
            -10.8125
          ],
          [
            -41.4435,
            -10.8135
          ],
          [
            -41.4445,
            -10.8135
          ],
          [
            -41.4455,
            -10.8135
          ],
          [
            -41.4465,
            -10.8135
          ],
          [
            -41.4475,
            -10.8135
          ],
          [
            -41.4485,
            -10.8135
          ],
          [
            -41.4475,
            -10.8145
          ],
          [
            -41.4485,
            -10.8155
          ],
          [
            -41.4495,
            -10.8165
          ],
          [
            -41.4495,
            -10.8175
          ],
          [
            -41.4495,
            -10.8185
          ],
          [
            -41.4485,
            -10.8195
          ]
        ]
      },
      "properties": {
        "id": "hidro_7411",
        "tipo": "Drenagem Regional",
        "bacia": "Bacia Hidrogr\u00e1fica do Rio S\u00e3o Francisco"
      }
    },
    {
      "type": "Feature",
      "geometry": {
        "type": "LineString",
        "coordinates": [
          [
            -40.3895,
            -10.8105
          ],
          [
            -40.3885,
            -10.8095
          ],
          [
            -40.3875,
            -10.8085
          ],
          [
            -40.3875,
            -10.8075
          ],
          [
            -40.3875,
            -10.8065
          ],
          [
            -40.3865,
            -10.8055
          ],
          [
            -40.3875,
            -10.8045
          ],
          [
            -40.3885,
            -10.8035
          ],
          [
            -40.3885,
            -10.8025
          ],
          [
            -40.3875,
            -10.8015
          ],
          [
            -40.3865,
            -10.8025
          ]
        ]
      },
      "properties": {
        "id": "hidro_7441",
        "tipo": "Talvegue",
        "bacia": "Bacia Hidrogr\u00e1fica do Rio S\u00e3o Francisco"
      }
    },
    {
      "type": "Feature",
      "geometry": {
        "type": "LineString",
        "coordinates": [
          [
            -42.5895,
            -10.8355
          ],
          [
            -42.5905,
            -10.8365
          ],
          [
            -42.5915,
            -10.8375
          ],
          [
            -42.5925,
            -10.8385
          ],
          [
            -42.5935,
            -10.8395
          ],
          [
            -42.5945,
            -10.8405
          ],
          [
            -42.5955,
            -10.8415
          ],
          [
            -42.5965,
            -10.8415
          ],
          [
            -42.5975,
            -10.8425
          ],
          [
            -42.5985,
            -10.8435
          ],
          [
            -42.5995,
            -10.8425
          ],
          [
            -42.6005,
            -10.8415
          ],
          [
            -42.6015,
            -10.8405
          ],
          [
            -42.6025,
            -10.8405
          ],
          [
            -42.6035,
            -10.8395
          ],
          [
            -42.6045,
            -10.8385
          ],
          [
            -42.6055,
            -10.8375
          ],
          [
            -42.6065,
            -10.8365
          ],
          [
            -42.6075,
            -10.8355
          ],
          [
            -42.6085,
            -10.8345
          ],
          [
            -42.6095,
            -10.8335
          ],
          [
            -42.6105,
            -10.8325
          ],
          [
            -42.6115,
            -10.8315
          ],
          [
            -42.6125,
            -10.8305
          ],
          [
            -42.6135,
            -10.8295
          ]
        ]
      },
      "properties": {
        "id": "hidro_7471",
        "tipo": "Drenagem Regional",
        "bacia": "Bacia Hidrogr\u00e1fica do Rio S\u00e3o Francisco"
      }
    },
    {
      "type": "Feature",
      "geometry": {
        "type": "LineString",
        "coordinates": [
          [
            -41.6145,
            -10.8355
          ],
          [
            -41.6155,
            -10.8345
          ],
          [
            -41.6165,
            -10.8335
          ],
          [
            -41.6175,
            -10.8325
          ],
          [
            -41.6175,
            -10.8315
          ],
          [
            -41.6185,
            -10.8305
          ],
          [
            -41.6195,
            -10.8295
          ],
          [
            -41.6205,
            -10.8305
          ],
          [
            -41.6195,
            -10.8315
          ]
        ]
      },
      "properties": {
        "id": "hidro_7501",
        "tipo": "Talvegue",
        "bacia": "Bacia Hidrogr\u00e1fica do Rio S\u00e3o Francisco"
      }
    },
    {
      "type": "Feature",
      "geometry": {
        "type": "LineString",
        "coordinates": [
          [
            -40.6395,
            -10.8355
          ],
          [
            -40.6405,
            -10.8355
          ],
          [
            -40.6415,
            -10.8365
          ],
          [
            -40.6425,
            -10.8375
          ],
          [
            -40.6425,
            -10.8385
          ],
          [
            -40.6415,
            -10.8395
          ]
        ]
      },
      "properties": {
        "id": "hidro_7531",
        "tipo": "Talvegue",
        "bacia": "Bacia Hidrogr\u00e1fica do Rio S\u00e3o Francisco"
      }
    },
    {
      "type": "Feature",
      "geometry": {
        "type": "LineString",
        "coordinates": [
          [
            -39.7895,
            -10.8355
          ],
          [
            -39.7885,
            -10.8365
          ],
          [
            -39.7875,
            -10.8365
          ],
          [
            -39.7865,
            -10.8355
          ],
          [
            -39.7855,
            -10.8345
          ],
          [
            -39.7855,
            -10.8335
          ],
          [
            -39.7855,
            -10.8325
          ],
          [
            -39.7845,
            -10.8335
          ],
          [
            -39.7835,
            -10.8325
          ],
          [
            -39.7825,
            -10.8315
          ],
          [
            -39.7815,
            -10.8305
          ],
          [
            -39.7805,
            -10.8295
          ],
          [
            -39.7795,
            -10.8295
          ],
          [
            -39.7785,
            -10.8305
          ],
          [
            -39.7775,
            -10.8305
          ],
          [
            -39.7765,
            -10.8315
          ],
          [
            -39.7755,
            -10.8315
          ],
          [
            -39.7745,
            -10.8325
          ]
        ]
      },
      "properties": {
        "id": "hidro_7561",
        "tipo": "Drenagem Regional",
        "bacia": "Bacia Hidrogr\u00e1fica do Rio S\u00e3o Francisco"
      }
    },
    {
      "type": "Feature",
      "geometry": {
        "type": "LineString",
        "coordinates": [
          [
            -42.1895,
            -10.8605
          ],
          [
            -42.1895,
            -10.8595
          ],
          [
            -42.1905,
            -10.8585
          ],
          [
            -42.1905,
            -10.8575
          ],
          [
            -42.1895,
            -10.8565
          ],
          [
            -42.1885,
            -10.8555
          ],
          [
            -42.1895,
            -10.8545
          ],
          [
            -42.1895,
            -10.8535
          ],
          [
            -42.1895,
            -10.8525
          ],
          [
            -42.1895,
            -10.8515
          ],
          [
            -42.1885,
            -10.8505
          ],
          [
            -42.1895,
            -10.8495
          ],
          [
            -42.1905,
            -10.8485
          ],
          [
            -42.1915,
            -10.8475
          ],
          [
            -42.1915,
            -10.8465
          ],
          [
            -42.1925,
            -10.8455
          ],
          [
            -42.1915,
            -10.8445
          ],
          [
            -42.1905,
            -10.8435
          ],
          [
            -42.1915,
            -10.8425
          ],
          [
            -42.1925,
            -10.8415
          ],
          [
            -42.1935,
            -10.8415
          ],
          [
            -42.1945,
            -10.8405
          ],
          [
            -42.1955,
            -10.8405
          ],
          [
            -42.1945,
            -10.8415
          ]
        ]
      },
      "properties": {
        "id": "hidro_7591",
        "tipo": "Drenagem Regional",
        "bacia": "Bacia Hidrogr\u00e1fica do Rio S\u00e3o Francisco"
      }
    },
    {
      "type": "Feature",
      "geometry": {
        "type": "LineString",
        "coordinates": [
          [
            -41.2895,
            -10.8605
          ],
          [
            -41.2885,
            -10.8605
          ],
          [
            -41.2875,
            -10.8615
          ],
          [
            -41.2865,
            -10.8615
          ],
          [
            -41.2855,
            -10.8625
          ],
          [
            -41.2845,
            -10.8615
          ],
          [
            -41.2835,
            -10.8615
          ],
          [
            -41.2825,
            -10.8625
          ],
          [
            -41.2815,
            -10.8635
          ],
          [
            -41.2805,
            -10.8635
          ],
          [
            -41.2795,
            -10.8635
          ],
          [
            -41.2785,
            -10.8635
          ],
          [
            -41.2775,
            -10.8635
          ],
          [
            -41.2765,
            -10.8635
          ],
          [
            -41.2755,
            -10.8645
          ],
          [
            -41.2745,
            -10.8655
          ],
          [
            -41.2735,
            -10.8645
          ],
          [
            -41.2725,
            -10.8635
          ],
          [
            -41.2715,
            -10.8625
          ],
          [
            -41.2705,
            -10.8635
          ],
          [
            -41.2695,
            -10.8625
          ],
          [
            -41.2685,
            -10.8615
          ],
          [
            -41.2675,
            -10.8625
          ],
          [
            -41.2665,
            -10.8625
          ],
          [
            -41.2655,
            -10.8635
          ]
        ]
      },
      "properties": {
        "id": "hidro_7621",
        "tipo": "Drenagem Regional",
        "bacia": "Bacia Hidrogr\u00e1fica do Rio S\u00e3o Francisco"
      }
    },
    {
      "type": "Feature",
      "geometry": {
        "type": "LineString",
        "coordinates": [
          [
            -40.2645,
            -10.8605
          ],
          [
            -40.2635,
            -10.8595
          ],
          [
            -40.2625,
            -10.8585
          ],
          [
            -40.2615,
            -10.8575
          ],
          [
            -40.2625,
            -10.8565
          ],
          [
            -40.2625,
            -10.8555
          ],
          [
            -40.2625,
            -10.8545
          ],
          [
            -40.2625,
            -10.8535
          ],
          [
            -40.2615,
            -10.8525
          ],
          [
            -40.2605,
            -10.8535
          ]
        ]
      },
      "properties": {
        "id": "hidro_7651",
        "tipo": "Talvegue",
        "bacia": "Bacia Hidrogr\u00e1fica do Rio S\u00e3o Francisco"
      }
    },
    {
      "type": "Feature",
      "geometry": {
        "type": "LineString",
        "coordinates": [
          [
            -42.3645,
            -10.8855
          ],
          [
            -42.3655,
            -10.8845
          ],
          [
            -42.3665,
            -10.8835
          ],
          [
            -42.3675,
            -10.8825
          ],
          [
            -42.3685,
            -10.8815
          ],
          [
            -42.3695,
            -10.8805
          ],
          [
            -42.3705,
            -10.8815
          ],
          [
            -42.3715,
            -10.8825
          ],
          [
            -42.3705,
            -10.8835
          ]
        ]
      },
      "properties": {
        "id": "hidro_7681",
        "tipo": "Talvegue",
        "bacia": "Bacia Hidrogr\u00e1fica do Rio S\u00e3o Francisco"
      }
    },
    {
      "type": "Feature",
      "geometry": {
        "type": "LineString",
        "coordinates": [
          [
            -41.4895,
            -10.8855
          ],
          [
            -41.4885,
            -10.8845
          ],
          [
            -41.4875,
            -10.8835
          ],
          [
            -41.4875,
            -10.8825
          ],
          [
            -41.4875,
            -10.8815
          ],
          [
            -41.4885,
            -10.8805
          ],
          [
            -41.4895,
            -10.8805
          ],
          [
            -41.4905,
            -10.8805
          ],
          [
            -41.4915,
            -10.8805
          ],
          [
            -41.4925,
            -10.8795
          ],
          [
            -41.4935,
            -10.8795
          ],
          [
            -41.4945,
            -10.8795
          ],
          [
            -41.4955,
            -10.8795
          ],
          [
            -41.4965,
            -10.8795
          ],
          [
            -41.4975,
            -10.8805
          ],
          [
            -41.4985,
            -10.8805
          ],
          [
            -41.4975,
            -10.8815
          ]
        ]
      },
      "properties": {
        "id": "hidro_7711",
        "tipo": "Drenagem Regional",
        "bacia": "Bacia Hidrogr\u00e1fica do Rio S\u00e3o Francisco"
      }
    },
    {
      "type": "Feature",
      "geometry": {
        "type": "LineString",
        "coordinates": [
          [
            -40.3145,
            -10.8855
          ],
          [
            -40.3155,
            -10.8845
          ],
          [
            -40.3165,
            -10.8835
          ],
          [
            -40.3165,
            -10.8825
          ],
          [
            -40.3175,
            -10.8815
          ],
          [
            -40.3185,
            -10.8815
          ],
          [
            -40.3175,
            -10.8825
          ]
        ]
      },
      "properties": {
        "id": "hidro_7741",
        "tipo": "Talvegue",
        "bacia": "Bacia Hidrogr\u00e1fica do Rio S\u00e3o Francisco"
      }
    },
    {
      "type": "Feature",
      "geometry": {
        "type": "LineString",
        "coordinates": [
          [
            -42.6645,
            -10.9105
          ],
          [
            -42.6655,
            -10.9095
          ],
          [
            -42.6665,
            -10.9085
          ],
          [
            -42.6665,
            -10.9075
          ],
          [
            -42.6655,
            -10.9065
          ],
          [
            -42.6655,
            -10.9055
          ],
          [
            -42.6645,
            -10.9065
          ]
        ]
      },
      "properties": {
        "id": "hidro_7771",
        "tipo": "Talvegue",
        "bacia": "Bacia Hidrogr\u00e1fica do Rio S\u00e3o Francisco"
      }
    },
    {
      "type": "Feature",
      "geometry": {
        "type": "LineString",
        "coordinates": [
          [
            -41.5895,
            -10.9105
          ],
          [
            -41.5885,
            -10.9095
          ],
          [
            -41.5875,
            -10.9095
          ],
          [
            -41.5865,
            -10.9085
          ],
          [
            -41.5875,
            -10.9075
          ],
          [
            -41.5865,
            -10.9065
          ],
          [
            -41.5865,
            -10.9055
          ],
          [
            -41.5855,
            -10.9065
          ]
        ]
      },
      "properties": {
        "id": "hidro_7801",
        "tipo": "Talvegue",
        "bacia": "Bacia Hidrogr\u00e1fica do Rio S\u00e3o Francisco"
      }
    },
    {
      "type": "Feature",
      "geometry": {
        "type": "LineString",
        "coordinates": [
          [
            -40.6395,
            -10.9105
          ],
          [
            -40.6405,
            -10.9095
          ],
          [
            -40.6415,
            -10.9085
          ],
          [
            -40.6425,
            -10.9075
          ],
          [
            -40.6435,
            -10.9065
          ],
          [
            -40.6445,
            -10.9055
          ],
          [
            -40.6455,
            -10.9045
          ],
          [
            -40.6465,
            -10.9035
          ],
          [
            -40.6475,
            -10.9025
          ],
          [
            -40.6485,
            -10.9015
          ],
          [
            -40.6475,
            -10.9005
          ],
          [
            -40.6485,
            -10.8995
          ],
          [
            -40.6495,
            -10.8985
          ],
          [
            -40.6505,
            -10.8985
          ],
          [
            -40.6515,
            -10.8975
          ],
          [
            -40.6525,
            -10.8975
          ],
          [
            -40.6535,
            -10.8965
          ],
          [
            -40.6545,
            -10.8965
          ],
          [
            -40.6555,
            -10.8955
          ],
          [
            -40.6565,
            -10.8955
          ],
          [
            -40.6575,
            -10.8945
          ],
          [
            -40.6585,
            -10.8935
          ],
          [
            -40.6595,
            -10.8925
          ],
          [
            -40.6605,
            -10.8935
          ],
          [
            -40.6595,
            -10.8945
          ]
        ]
      },
      "properties": {
        "id": "hidro_7831",
        "tipo": "Drenagem Regional",
        "bacia": "Bacia Hidrogr\u00e1fica do Rio S\u00e3o Francisco"
      }
    },
    {
      "type": "Feature",
      "geometry": {
        "type": "LineString",
        "coordinates": [
          [
            -42.7395,
            -10.9355
          ],
          [
            -42.7405,
            -10.9355
          ],
          [
            -42.7415,
            -10.9355
          ],
          [
            -42.7425,
            -10.9345
          ],
          [
            -42.7435,
            -10.9355
          ],
          [
            -42.7445,
            -10.9355
          ],
          [
            -42.7455,
            -10.9355
          ],
          [
            -42.7465,
            -10.9365
          ],
          [
            -42.7475,
            -10.9355
          ],
          [
            -42.7485,
            -10.9345
          ],
          [
            -42.7495,
            -10.9335
          ],
          [
            -42.7505,
            -10.9335
          ],
          [
            -42.7515,
            -10.9335
          ],
          [
            -42.7525,
            -10.9335
          ],
          [
            -42.7535,
            -10.9335
          ],
          [
            -42.7545,
            -10.9335
          ],
          [
            -42.7555,
            -10.9335
          ],
          [
            -42.7545,
            -10.9345
          ],
          [
            -42.7545,
            -10.9355
          ],
          [
            -42.7555,
            -10.9365
          ],
          [
            -42.7565,
            -10.9375
          ],
          [
            -42.7575,
            -10.9375
          ],
          [
            -42.7585,
            -10.9375
          ],
          [
            -42.7595,
            -10.9375
          ],
          [
            -42.7585,
            -10.9385
          ]
        ]
      },
      "properties": {
        "id": "hidro_7861",
        "tipo": "Drenagem Regional",
        "bacia": "Bacia Hidrogr\u00e1fica do Rio S\u00e3o Francisco"
      }
    },
    {
      "type": "Feature",
      "geometry": {
        "type": "LineString",
        "coordinates": [
          [
            -41.8145,
            -10.9355
          ],
          [
            -41.8155,
            -10.9365
          ],
          [
            -41.8165,
            -10.9375
          ],
          [
            -41.8175,
            -10.9385
          ],
          [
            -41.8165,
            -10.9395
          ],
          [
            -41.8155,
            -10.9405
          ],
          [
            -41.8145,
            -10.9395
          ],
          [
            -41.8135,
            -10.9405
          ]
        ]
      },
      "properties": {
        "id": "hidro_7891",
        "tipo": "Talvegue",
        "bacia": "Bacia Hidrogr\u00e1fica do Rio S\u00e3o Francisco"
      }
    },
    {
      "type": "Feature",
      "geometry": {
        "type": "LineString",
        "coordinates": [
          [
            -40.8895,
            -10.9355
          ],
          [
            -40.8895,
            -10.9365
          ],
          [
            -40.8895,
            -10.9375
          ],
          [
            -40.8905,
            -10.9385
          ],
          [
            -40.8915,
            -10.9395
          ],
          [
            -40.8905,
            -10.9405
          ]
        ]
      },
      "properties": {
        "id": "hidro_7921",
        "tipo": "Talvegue",
        "bacia": "Bacia Hidrogr\u00e1fica do Rio S\u00e3o Francisco"
      }
    },
    {
      "type": "Feature",
      "geometry": {
        "type": "LineString",
        "coordinates": [
          [
            -40.0395,
            -10.9355
          ],
          [
            -40.0385,
            -10.9355
          ],
          [
            -40.0375,
            -10.9365
          ],
          [
            -40.0385,
            -10.9375
          ],
          [
            -40.0375,
            -10.9385
          ],
          [
            -40.0365,
            -10.9395
          ],
          [
            -40.0365,
            -10.9405
          ],
          [
            -40.0365,
            -10.9415
          ],
          [
            -40.0365,
            -10.9425
          ],
          [
            -40.0355,
            -10.9435
          ],
          [
            -40.0345,
            -10.9425
          ],
          [
            -40.0335,
            -10.9425
          ],
          [
            -40.0325,
            -10.9425
          ],
          [
            -40.0315,
            -10.9435
          ],
          [
            -40.0305,
            -10.9425
          ],
          [
            -40.0295,
            -10.9435
          ]
        ]
      },
      "properties": {
        "id": "hidro_7951",
        "tipo": "Drenagem Regional",
        "bacia": "Bacia Hidrogr\u00e1fica do Rio S\u00e3o Francisco"
      }
    },
    {
      "type": "Feature",
      "geometry": {
        "type": "LineString",
        "coordinates": [
          [
            -42.4395,
            -10.9605
          ],
          [
            -42.4385,
            -10.9595
          ],
          [
            -42.4385,
            -10.9585
          ],
          [
            -42.4395,
            -10.9575
          ],
          [
            -42.4395,
            -10.9565
          ],
          [
            -42.4385,
            -10.9575
          ]
        ]
      },
      "properties": {
        "id": "hidro_7981",
        "tipo": "Talvegue",
        "bacia": "Bacia Hidrogr\u00e1fica do Rio S\u00e3o Francisco"
      }
    },
    {
      "type": "Feature",
      "geometry": {
        "type": "LineString",
        "coordinates": [
          [
            -41.4645,
            -10.9605
          ],
          [
            -41.4635,
            -10.9605
          ],
          [
            -41.4625,
            -10.9605
          ],
          [
            -41.4615,
            -10.9615
          ],
          [
            -41.4615,
            -10.9625
          ],
          [
            -41.4615,
            -10.9635
          ],
          [
            -41.4605,
            -10.9645
          ],
          [
            -41.4615,
            -10.9655
          ],
          [
            -41.4615,
            -10.9665
          ],
          [
            -41.4615,
            -10.9675
          ],
          [
            -41.4615,
            -10.9685
          ],
          [
            -41.4615,
            -10.9695
          ],
          [
            -41.4615,
            -10.9705
          ],
          [
            -41.4615,
            -10.9715
          ],
          [
            -41.4625,
            -10.9725
          ],
          [
            -41.4635,
            -10.9735
          ],
          [
            -41.4625,
            -10.9745
          ],
          [
            -41.4635,
            -10.9755
          ],
          [
            -41.4625,
            -10.9765
          ],
          [
            -41.4615,
            -10.9775
          ]
        ]
      },
      "properties": {
        "id": "hidro_8011",
        "tipo": "Drenagem Regional",
        "bacia": "Bacia Hidrogr\u00e1fica do Rio S\u00e3o Francisco"
      }
    },
    {
      "type": "Feature",
      "geometry": {
        "type": "LineString",
        "coordinates": [
          [
            -40.5645,
            -10.9605
          ],
          [
            -40.5635,
            -10.9595
          ],
          [
            -40.5625,
            -10.9595
          ],
          [
            -40.5615,
            -10.9605
          ],
          [
            -40.5605,
            -10.9605
          ],
          [
            -40.5595,
            -10.9595
          ],
          [
            -40.5585,
            -10.9585
          ],
          [
            -40.5585,
            -10.9575
          ],
          [
            -40.5575,
            -10.9585
          ]
        ]
      },
      "properties": {
        "id": "hidro_8041",
        "tipo": "Talvegue",
        "bacia": "Bacia Hidrogr\u00e1fica do Rio S\u00e3o Francisco"
      }
    },
    {
      "type": "Feature",
      "geometry": {
        "type": "LineString",
        "coordinates": [
          [
            -39.6395,
            -10.9605
          ],
          [
            -39.6405,
            -10.9615
          ],
          [
            -39.6415,
            -10.9625
          ],
          [
            -39.6425,
            -10.9625
          ],
          [
            -39.6435,
            -10.9635
          ],
          [
            -39.6425,
            -10.9645
          ]
        ]
      },
      "properties": {
        "id": "hidro_8071",
        "tipo": "Talvegue",
        "bacia": "Bacia Hidrogr\u00e1fica do Rio S\u00e3o Francisco"
      }
    },
    {
      "type": "Feature",
      "geometry": {
        "type": "LineString",
        "coordinates": [
          [
            -41.8395,
            -10.9855
          ],
          [
            -41.8405,
            -10.9845
          ],
          [
            -41.8415,
            -10.9835
          ],
          [
            -41.8425,
            -10.9825
          ],
          [
            -41.8435,
            -10.9815
          ],
          [
            -41.8445,
            -10.9805
          ],
          [
            -41.8455,
            -10.9795
          ],
          [
            -41.8465,
            -10.9785
          ],
          [
            -41.8475,
            -10.9785
          ],
          [
            -41.8485,
            -10.9775
          ],
          [
            -41.8495,
            -10.9765
          ],
          [
            -41.8505,
            -10.9755
          ],
          [
            -41.8515,
            -10.9745
          ],
          [
            -41.8525,
            -10.9735
          ],
          [
            -41.8535,
            -10.9725
          ],
          [
            -41.8545,
            -10.9715
          ],
          [
            -41.8555,
            -10.9705
          ],
          [
            -41.8565,
            -10.9695
          ],
          [
            -41.8575,
            -10.9685
          ],
          [
            -41.8585,
            -10.9675
          ],
          [
            -41.8595,
            -10.9665
          ]
        ]
      },
      "properties": {
        "id": "hidro_8101",
        "tipo": "Drenagem Regional",
        "bacia": "Bacia Hidrogr\u00e1fica do Rio S\u00e3o Francisco"
      }
    },
    {
      "type": "Feature",
      "geometry": {
        "type": "LineString",
        "coordinates": [
          [
            -40.8395,
            -10.9855
          ],
          [
            -40.8405,
            -10.9845
          ],
          [
            -40.8415,
            -10.9835
          ],
          [
            -40.8425,
            -10.9825
          ],
          [
            -40.8435,
            -10.9815
          ],
          [
            -40.8445,
            -10.9805
          ],
          [
            -40.8455,
            -10.9795
          ],
          [
            -40.8465,
            -10.9785
          ]
        ]
      },
      "properties": {
        "id": "hidro_8131",
        "tipo": "Talvegue",
        "bacia": "Bacia Hidrogr\u00e1fica do Rio S\u00e3o Francisco"
      }
    },
    {
      "type": "Feature",
      "geometry": {
        "type": "LineString",
        "coordinates": [
          [
            -39.7145,
            -10.9855
          ],
          [
            -39.7135,
            -10.9845
          ],
          [
            -39.7125,
            -10.9835
          ],
          [
            -39.7125,
            -10.9825
          ],
          [
            -39.7115,
            -10.9815
          ],
          [
            -39.7115,
            -10.9805
          ],
          [
            -39.7105,
            -10.9815
          ]
        ]
      },
      "properties": {
        "id": "hidro_8161",
        "tipo": "Talvegue",
        "bacia": "Bacia Hidrogr\u00e1fica do Rio S\u00e3o Francisco"
      }
    },
    {
      "type": "Feature",
      "geometry": {
        "type": "LineString",
        "coordinates": [
          [
            -41.9645,
            -11.0105
          ],
          [
            -41.9645,
            -11.0095
          ],
          [
            -41.9655,
            -11.0085
          ],
          [
            -41.9665,
            -11.0075
          ],
          [
            -41.9675,
            -11.0065
          ],
          [
            -41.9685,
            -11.0055
          ],
          [
            -41.9695,
            -11.0045
          ],
          [
            -41.9705,
            -11.0035
          ],
          [
            -41.9715,
            -11.0025
          ],
          [
            -41.9725,
            -11.0015
          ],
          [
            -41.9725,
            -11.0005
          ],
          [
            -41.9735,
            -10.9995
          ],
          [
            -41.9745,
            -10.9985
          ],
          [
            -41.9755,
            -10.9985
          ],
          [
            -41.9765,
            -10.9985
          ],
          [
            -41.9775,
            -10.9985
          ],
          [
            -41.9785,
            -10.9985
          ],
          [
            -41.9795,
            -10.9985
          ],
          [
            -41.9805,
            -10.9985
          ],
          [
            -41.9795,
            -10.9995
          ]
        ]
      },
      "properties": {
        "id": "hidro_8191",
        "tipo": "Drenagem Regional",
        "bacia": "Bacia Hidrogr\u00e1fica do Rio S\u00e3o Francisco"
      }
    },
    {
      "type": "Feature",
      "geometry": {
        "type": "LineString",
        "coordinates": [
          [
            -41.0145,
            -11.0105
          ],
          [
            -41.0155,
            -11.0105
          ],
          [
            -41.0165,
            -11.0105
          ],
          [
            -41.0175,
            -11.0095
          ],
          [
            -41.0175,
            -11.0085
          ],
          [
            -41.0185,
            -11.0075
          ],
          [
            -41.0195,
            -11.0065
          ],
          [
            -41.0205,
            -11.0055
          ],
          [
            -41.0215,
            -11.0045
          ],
          [
            -41.0225,
            -11.0035
          ],
          [
            -41.0235,
            -11.0035
          ],
          [
            -41.0245,
            -11.0025
          ],
          [
            -41.0245,
            -11.0015
          ],
          [
            -41.0235,
            -11.0025
          ]
        ]
      },
      "properties": {
        "id": "hidro_8221",
        "tipo": "Talvegue",
        "bacia": "Bacia Hidrogr\u00e1fica do Rio S\u00e3o Francisco"
      }
    },
    {
      "type": "Feature",
      "geometry": {
        "type": "LineString",
        "coordinates": [
          [
            -40.1145,
            -11.0105
          ],
          [
            -40.1145,
            -11.0095
          ],
          [
            -40.1145,
            -11.0085
          ],
          [
            -40.1135,
            -11.0075
          ],
          [
            -40.1135,
            -11.0065
          ],
          [
            -40.1135,
            -11.0055
          ],
          [
            -40.1125,
            -11.0065
          ]
        ]
      },
      "properties": {
        "id": "hidro_8251",
        "tipo": "Talvegue",
        "bacia": "Bacia Hidrogr\u00e1fica do Rio S\u00e3o Francisco"
      }
    },
    {
      "type": "Feature",
      "geometry": {
        "type": "LineString",
        "coordinates": [
          [
            -42.5145,
            -11.0355
          ],
          [
            -42.5145,
            -11.0365
          ],
          [
            -42.5145,
            -11.0375
          ],
          [
            -42.5145,
            -11.0385
          ],
          [
            -42.5145,
            -11.0395
          ],
          [
            -42.5135,
            -11.0405
          ]
        ]
      },
      "properties": {
        "id": "hidro_8281",
        "tipo": "Talvegue",
        "bacia": "Bacia Hidrogr\u00e1fica do Rio S\u00e3o Francisco"
      }
    },
    {
      "type": "Feature",
      "geometry": {
        "type": "LineString",
        "coordinates": [
          [
            -41.6395,
            -11.0355
          ],
          [
            -41.6395,
            -11.0345
          ],
          [
            -41.6395,
            -11.0335
          ],
          [
            -41.6395,
            -11.0325
          ],
          [
            -41.6405,
            -11.0315
          ],
          [
            -41.6415,
            -11.0315
          ],
          [
            -41.6405,
            -11.0325
          ]
        ]
      },
      "properties": {
        "id": "hidro_8311",
        "tipo": "Talvegue",
        "bacia": "Bacia Hidrogr\u00e1fica do Rio S\u00e3o Francisco"
      }
    },
    {
      "type": "Feature",
      "geometry": {
        "type": "LineString",
        "coordinates": [
          [
            -40.6395,
            -11.0355
          ],
          [
            -40.6385,
            -11.0365
          ],
          [
            -40.6375,
            -11.0375
          ],
          [
            -40.6365,
            -11.0385
          ],
          [
            -40.6375,
            -11.0395
          ],
          [
            -40.6385,
            -11.0405
          ],
          [
            -40.6385,
            -11.0415
          ],
          [
            -40.6385,
            -11.0425
          ],
          [
            -40.6385,
            -11.0435
          ],
          [
            -40.6375,
            -11.0445
          ],
          [
            -40.6365,
            -11.0455
          ],
          [
            -40.6365,
            -11.0465
          ],
          [
            -40.6355,
            -11.0475
          ],
          [
            -40.6345,
            -11.0465
          ],
          [
            -40.6335,
            -11.0465
          ],
          [
            -40.6325,
            -11.0475
          ],
          [
            -40.6315,
            -11.0485
          ],
          [
            -40.6305,
            -11.0485
          ],
          [
            -40.6295,
            -11.0495
          ],
          [
            -40.6285,
            -11.0505
          ],
          [
            -40.6275,
            -11.0505
          ],
          [
            -40.6265,
            -11.0515
          ],
          [
            -40.6255,
            -11.0525
          ],
          [
            -40.6245,
            -11.0515
          ],
          [
            -40.6235,
            -11.0525
          ]
        ]
      },
      "properties": {
        "id": "hidro_8341",
        "tipo": "Drenagem Regional",
        "bacia": "Bacia Hidrogr\u00e1fica do Rio S\u00e3o Francisco"
      }
    },
    {
      "type": "Feature",
      "geometry": {
        "type": "LineString",
        "coordinates": [
          [
            -39.5895,
            -11.0355
          ],
          [
            -39.5905,
            -11.0345
          ],
          [
            -39.5905,
            -11.0335
          ],
          [
            -39.5905,
            -11.0325
          ],
          [
            -39.5895,
            -11.0315
          ],
          [
            -39.5895,
            -11.0305
          ],
          [
            -39.5895,
            -11.0295
          ],
          [
            -39.5905,
            -11.0285
          ],
          [
            -39.5915,
            -11.0285
          ],
          [
            -39.5905,
            -11.0295
          ]
        ]
      },
      "properties": {
        "id": "hidro_8371",
        "tipo": "Talvegue",
        "bacia": "Bacia Hidrogr\u00e1fica do Rio S\u00e3o Francisco"
      }
    },
    {
      "type": "Feature",
      "geometry": {
        "type": "LineString",
        "coordinates": [
          [
            -41.9145,
            -11.0605
          ],
          [
            -41.9155,
            -11.0595
          ],
          [
            -41.9165,
            -11.0585
          ],
          [
            -41.9175,
            -11.0575
          ],
          [
            -41.9185,
            -11.0565
          ],
          [
            -41.9195,
            -11.0555
          ],
          [
            -41.9205,
            -11.0545
          ],
          [
            -41.9205,
            -11.0535
          ],
          [
            -41.9205,
            -11.0525
          ],
          [
            -41.9205,
            -11.0515
          ],
          [
            -41.9205,
            -11.0505
          ],
          [
            -41.9205,
            -11.0495
          ],
          [
            -41.9205,
            -11.0485
          ],
          [
            -41.9195,
            -11.0475
          ],
          [
            -41.9195,
            -11.0465
          ],
          [
            -41.9185,
            -11.0455
          ],
          [
            -41.9175,
            -11.0465
          ]
        ]
      },
      "properties": {
        "id": "hidro_8401",
        "tipo": "Drenagem Regional",
        "bacia": "Bacia Hidrogr\u00e1fica do Rio S\u00e3o Francisco"
      }
    },
    {
      "type": "Feature",
      "geometry": {
        "type": "LineString",
        "coordinates": [
          [
            -40.9895,
            -11.0605
          ],
          [
            -40.9905,
            -11.0595
          ],
          [
            -40.9915,
            -11.0585
          ],
          [
            -40.9925,
            -11.0575
          ],
          [
            -40.9935,
            -11.0585
          ],
          [
            -40.9925,
            -11.0595
          ]
        ]
      },
      "properties": {
        "id": "hidro_8431",
        "tipo": "Talvegue",
        "bacia": "Bacia Hidrogr\u00e1fica do Rio S\u00e3o Francisco"
      }
    },
    {
      "type": "Feature",
      "geometry": {
        "type": "LineString",
        "coordinates": [
          [
            -39.8895,
            -11.0605
          ],
          [
            -39.8895,
            -11.0595
          ],
          [
            -39.8895,
            -11.0585
          ],
          [
            -39.8895,
            -11.0575
          ],
          [
            -39.8895,
            -11.0565
          ],
          [
            -39.8905,
            -11.0555
          ],
          [
            -39.8915,
            -11.0545
          ],
          [
            -39.8915,
            -11.0535
          ],
          [
            -39.8915,
            -11.0525
          ],
          [
            -39.8915,
            -11.0515
          ],
          [
            -39.8915,
            -11.0505
          ],
          [
            -39.8915,
            -11.0495
          ],
          [
            -39.8915,
            -11.0485
          ],
          [
            -39.8915,
            -11.0475
          ],
          [
            -39.8915,
            -11.0465
          ],
          [
            -39.8915,
            -11.0455
          ],
          [
            -39.8925,
            -11.0445
          ],
          [
            -39.8925,
            -11.0435
          ],
          [
            -39.8935,
            -11.0425
          ],
          [
            -39.8935,
            -11.0415
          ],
          [
            -39.8925,
            -11.0405
          ],
          [
            -39.8915,
            -11.0415
          ]
        ]
      },
      "properties": {
        "id": "hidro_8461",
        "tipo": "Drenagem Regional",
        "bacia": "Bacia Hidrogr\u00e1fica do Rio S\u00e3o Francisco"
      }
    },
    {
      "type": "Feature",
      "geometry": {
        "type": "LineString",
        "coordinates": [
          [
            -42.2395,
            -11.0855
          ],
          [
            -42.2405,
            -11.0845
          ],
          [
            -42.2415,
            -11.0835
          ],
          [
            -42.2415,
            -11.0825
          ],
          [
            -42.2415,
            -11.0815
          ],
          [
            -42.2425,
            -11.0805
          ]
        ]
      },
      "properties": {
        "id": "hidro_8491",
        "tipo": "Talvegue",
        "bacia": "Bacia Hidrogr\u00e1fica do Rio S\u00e3o Francisco"
      }
    },
    {
      "type": "Feature",
      "geometry": {
        "type": "LineString",
        "coordinates": [
          [
            -41.4645,
            -11.0855
          ],
          [
            -41.4655,
            -11.0865
          ],
          [
            -41.4665,
            -11.0875
          ],
          [
            -41.4675,
            -11.0875
          ],
          [
            -41.4685,
            -11.0885
          ],
          [
            -41.4695,
            -11.0875
          ],
          [
            -41.4705,
            -11.0865
          ],
          [
            -41.4715,
            -11.0865
          ],
          [
            -41.4725,
            -11.0855
          ]
        ]
      },
      "properties": {
        "id": "hidro_8521",
        "tipo": "Talvegue",
        "bacia": "Bacia Hidrogr\u00e1fica do Rio S\u00e3o Francisco"
      }
    },
    {
      "type": "Feature",
      "geometry": {
        "type": "LineString",
        "coordinates": [
          [
            -40.5645,
            -11.0855
          ],
          [
            -40.5655,
            -11.0865
          ],
          [
            -40.5665,
            -11.0875
          ],
          [
            -40.5675,
            -11.0885
          ],
          [
            -40.5675,
            -11.0895
          ],
          [
            -40.5675,
            -11.0905
          ],
          [
            -40.5685,
            -11.0915
          ],
          [
            -40.5695,
            -11.0925
          ],
          [
            -40.5705,
            -11.0925
          ],
          [
            -40.5695,
            -11.0935
          ]
        ]
      },
      "properties": {
        "id": "hidro_8551",
        "tipo": "Talvegue",
        "bacia": "Bacia Hidrogr\u00e1fica do Rio S\u00e3o Francisco"
      }
    },
    {
      "type": "Feature",
      "geometry": {
        "type": "LineString",
        "coordinates": [
          [
            -42.7895,
            -11.1105
          ],
          [
            -42.7895,
            -11.1115
          ],
          [
            -42.7885,
            -11.1125
          ],
          [
            -42.7875,
            -11.1125
          ],
          [
            -42.7865,
            -11.1125
          ],
          [
            -42.7855,
            -11.1135
          ]
        ]
      },
      "properties": {
        "id": "hidro_8581",
        "tipo": "Talvegue",
        "bacia": "Bacia Hidrogr\u00e1fica do Rio S\u00e3o Francisco"
      }
    },
    {
      "type": "Feature",
      "geometry": {
        "type": "LineString",
        "coordinates": [
          [
            -41.8645,
            -11.1105
          ],
          [
            -41.8655,
            -11.1095
          ],
          [
            -41.8665,
            -11.1085
          ],
          [
            -41.8675,
            -11.1075
          ],
          [
            -41.8675,
            -11.1065
          ],
          [
            -41.8685,
            -11.1055
          ],
          [
            -41.8695,
            -11.1045
          ],
          [
            -41.8705,
            -11.1035
          ],
          [
            -41.8705,
            -11.1025
          ],
          [
            -41.8705,
            -11.1015
          ],
          [
            -41.8715,
            -11.1005
          ],
          [
            -41.8725,
            -11.0995
          ],
          [
            -41.8735,
            -11.0985
          ],
          [
            -41.8735,
            -11.0975
          ],
          [
            -41.8735,
            -11.0965
          ],
          [
            -41.8745,
            -11.0955
          ],
          [
            -41.8755,
            -11.0945
          ],
          [
            -41.8765,
            -11.0935
          ],
          [
            -41.8765,
            -11.0925
          ],
          [
            -41.8775,
            -11.0915
          ],
          [
            -41.8785,
            -11.0905
          ],
          [
            -41.8795,
            -11.0895
          ],
          [
            -41.8805,
            -11.0885
          ],
          [
            -41.8815,
            -11.0875
          ],
          [
            -41.8825,
            -11.0865
          ]
        ]
      },
      "properties": {
        "id": "hidro_8611",
        "tipo": "Drenagem Regional",
        "bacia": "Bacia Hidrogr\u00e1fica do Rio S\u00e3o Francisco"
      }
    },
    {
      "type": "Feature",
      "geometry": {
        "type": "LineString",
        "coordinates": [
          [
            -41.0145,
            -11.1105
          ],
          [
            -41.0155,
            -11.1095
          ],
          [
            -41.0145,
            -11.1085
          ],
          [
            -41.0135,
            -11.1075
          ],
          [
            -41.0125,
            -11.1065
          ],
          [
            -41.0125,
            -11.1055
          ],
          [
            -41.0115,
            -11.1065
          ]
        ]
      },
      "properties": {
        "id": "hidro_8641",
        "tipo": "Talvegue",
        "bacia": "Bacia Hidrogr\u00e1fica do Rio S\u00e3o Francisco"
      }
    },
    {
      "type": "Feature",
      "geometry": {
        "type": "LineString",
        "coordinates": [
          [
            -39.6645,
            -11.1105
          ],
          [
            -39.6635,
            -11.1115
          ],
          [
            -39.6625,
            -11.1125
          ],
          [
            -39.6625,
            -11.1135
          ],
          [
            -39.6615,
            -11.1145
          ],
          [
            -39.6625,
            -11.1155
          ],
          [
            -39.6625,
            -11.1165
          ],
          [
            -39.6625,
            -11.1175
          ],
          [
            -39.6625,
            -11.1185
          ],
          [
            -39.6625,
            -11.1195
          ],
          [
            -39.6615,
            -11.1205
          ],
          [
            -39.6605,
            -11.1215
          ],
          [
            -39.6605,
            -11.1225
          ],
          [
            -39.6595,
            -11.1235
          ],
          [
            -39.6585,
            -11.1235
          ],
          [
            -39.6575,
            -11.1245
          ],
          [
            -39.6565,
            -11.1235
          ],
          [
            -39.6555,
            -11.1235
          ],
          [
            -39.6545,
            -11.1245
          ],
          [
            -39.6535,
            -11.1255
          ],
          [
            -39.6525,
            -11.1255
          ],
          [
            -39.6515,
            -11.1265
          ],
          [
            -39.6505,
            -11.1265
          ],
          [
            -39.6495,
            -11.1275
          ],
          [
            -39.6485,
            -11.1275
          ]
        ]
      },
      "properties": {
        "id": "hidro_8671",
        "tipo": "Drenagem Regional",
        "bacia": "Bacia Hidrogr\u00e1fica do Rio S\u00e3o Francisco"
      }
    },
    {
      "type": "Feature",
      "geometry": {
        "type": "LineString",
        "coordinates": [
          [
            -41.9895,
            -11.1355
          ],
          [
            -41.9905,
            -11.1355
          ],
          [
            -41.9915,
            -11.1355
          ],
          [
            -41.9925,
            -11.1345
          ],
          [
            -41.9935,
            -11.1335
          ],
          [
            -41.9945,
            -11.1325
          ]
        ]
      },
      "properties": {
        "id": "hidro_8701",
        "tipo": "Talvegue",
        "bacia": "Bacia Hidrogr\u00e1fica do Rio S\u00e3o Francisco"
      }
    },
    {
      "type": "Feature",
      "geometry": {
        "type": "LineString",
        "coordinates": [
          [
            -41.1645,
            -11.1355
          ],
          [
            -41.1635,
            -11.1345
          ],
          [
            -41.1625,
            -11.1335
          ],
          [
            -41.1615,
            -11.1325
          ],
          [
            -41.1605,
            -11.1315
          ],
          [
            -41.1595,
            -11.1315
          ],
          [
            -41.1585,
            -11.1315
          ],
          [
            -41.1575,
            -11.1305
          ],
          [
            -41.1565,
            -11.1295
          ],
          [
            -41.1565,
            -11.1285
          ],
          [
            -41.1565,
            -11.1275
          ],
          [
            -41.1565,
            -11.1265
          ],
          [
            -41.1565,
            -11.1255
          ],
          [
            -41.1565,
            -11.1245
          ],
          [
            -41.1565,
            -11.1235
          ],
          [
            -41.1565,
            -11.1225
          ],
          [
            -41.1555,
            -11.1235
          ],
          [
            -41.1545,
            -11.1235
          ],
          [
            -41.1535,
            -11.1235
          ],
          [
            -41.1525,
            -11.1235
          ],
          [
            -41.1515,
            -11.1235
          ],
          [
            -41.1505,
            -11.1235
          ],
          [
            -41.1495,
            -11.1235
          ],
          [
            -41.1485,
            -11.1225
          ],
          [
            -41.1475,
            -11.1215
          ]
        ]
      },
      "properties": {
        "id": "hidro_8731",
        "tipo": "Drenagem Regional",
        "bacia": "Bacia Hidrogr\u00e1fica do Rio S\u00e3o Francisco"
      }
    },
    {
      "type": "Feature",
      "geometry": {
        "type": "LineString",
        "coordinates": [
          [
            -40.2645,
            -11.1355
          ],
          [
            -40.2635,
            -11.1345
          ],
          [
            -40.2625,
            -11.1335
          ],
          [
            -40.2615,
            -11.1335
          ],
          [
            -40.2605,
            -11.1335
          ],
          [
            -40.2595,
            -11.1325
          ],
          [
            -40.2585,
            -11.1335
          ],
          [
            -40.2575,
            -11.1335
          ],
          [
            -40.2565,
            -11.1335
          ],
          [
            -40.2555,
            -11.1345
          ],
          [
            -40.2545,
            -11.1355
          ],
          [
            -40.2535,
            -11.1365
          ],
          [
            -40.2525,
            -11.1375
          ],
          [
            -40.2515,
            -11.1385
          ]
        ]
      },
      "properties": {
        "id": "hidro_8761",
        "tipo": "Talvegue",
        "bacia": "Bacia Hidrogr\u00e1fica do Rio S\u00e3o Francisco"
      }
    },
    {
      "type": "Feature",
      "geometry": {
        "type": "LineString",
        "coordinates": [
          [
            -42.6645,
            -11.1605
          ],
          [
            -42.6655,
            -11.1615
          ],
          [
            -42.6665,
            -11.1625
          ],
          [
            -42.6675,
            -11.1635
          ],
          [
            -42.6685,
            -11.1635
          ],
          [
            -42.6695,
            -11.1635
          ],
          [
            -42.6705,
            -11.1635
          ],
          [
            -42.6715,
            -11.1635
          ],
          [
            -42.6725,
            -11.1635
          ],
          [
            -42.6735,
            -11.1635
          ],
          [
            -42.6745,
            -11.1635
          ],
          [
            -42.6755,
            -11.1635
          ],
          [
            -42.6765,
            -11.1635
          ],
          [
            -42.6775,
            -11.1635
          ],
          [
            -42.6765,
            -11.1645
          ],
          [
            -42.6775,
            -11.1655
          ],
          [
            -42.6785,
            -11.1655
          ],
          [
            -42.6795,
            -11.1655
          ],
          [
            -42.6805,
            -11.1645
          ],
          [
            -42.6805,
            -11.1635
          ],
          [
            -42.6815,
            -11.1625
          ],
          [
            -42.6815,
            -11.1615
          ],
          [
            -42.6805,
            -11.1605
          ],
          [
            -42.6805,
            -11.1595
          ],
          [
            -42.6805,
            -11.1585
          ]
        ]
      },
      "properties": {
        "id": "hidro_8791",
        "tipo": "Drenagem Regional",
        "bacia": "Bacia Hidrogr\u00e1fica do Rio S\u00e3o Francisco"
      }
    },
    {
      "type": "Feature",
      "geometry": {
        "type": "LineString",
        "coordinates": [
          [
            -41.7395,
            -11.1605
          ],
          [
            -41.7405,
            -11.1595
          ],
          [
            -41.7415,
            -11.1585
          ],
          [
            -41.7405,
            -11.1575
          ],
          [
            -41.7395,
            -11.1565
          ],
          [
            -41.7385,
            -11.1555
          ],
          [
            -41.7385,
            -11.1545
          ],
          [
            -41.7385,
            -11.1535
          ],
          [
            -41.7385,
            -11.1525
          ],
          [
            -41.7385,
            -11.1515
          ],
          [
            -41.7385,
            -11.1505
          ],
          [
            -41.7385,
            -11.1495
          ],
          [
            -41.7375,
            -11.1485
          ],
          [
            -41.7375,
            -11.1475
          ],
          [
            -41.7375,
            -11.1465
          ],
          [
            -41.7375,
            -11.1455
          ],
          [
            -41.7365,
            -11.1465
          ]
        ]
      },
      "properties": {
        "id": "hidro_8821",
        "tipo": "Drenagem Regional",
        "bacia": "Bacia Hidrogr\u00e1fica do Rio S\u00e3o Francisco"
      }
    },
    {
      "type": "Feature",
      "geometry": {
        "type": "LineString",
        "coordinates": [
          [
            -40.9895,
            -11.1605
          ],
          [
            -40.9885,
            -11.1595
          ],
          [
            -40.9875,
            -11.1585
          ],
          [
            -40.9865,
            -11.1575
          ],
          [
            -40.9865,
            -11.1565
          ],
          [
            -40.9865,
            -11.1555
          ],
          [
            -40.9865,
            -11.1545
          ],
          [
            -40.9865,
            -11.1535
          ],
          [
            -40.9865,
            -11.1525
          ],
          [
            -40.9875,
            -11.1515
          ],
          [
            -40.9875,
            -11.1505
          ],
          [
            -40.9865,
            -11.1495
          ],
          [
            -40.9865,
            -11.1485
          ],
          [
            -40.9865,
            -11.1475
          ],
          [
            -40.9875,
            -11.1465
          ],
          [
            -40.9885,
            -11.1455
          ],
          [
            -40.9875,
            -11.1445
          ],
          [
            -40.9865,
            -11.1435
          ],
          [
            -40.9865,
            -11.1425
          ],
          [
            -40.9865,
            -11.1415
          ],
          [
            -40.9875,
            -11.1405
          ],
          [
            -40.9875,
            -11.1395
          ],
          [
            -40.9865,
            -11.1385
          ],
          [
            -40.9865,
            -11.1375
          ],
          [
            -40.9865,
            -11.1365
          ]
        ]
      },
      "properties": {
        "id": "hidro_8851",
        "tipo": "Drenagem Regional",
        "bacia": "Bacia Hidrogr\u00e1fica do Rio S\u00e3o Francisco"
      }
    },
    {
      "type": "Feature",
      "geometry": {
        "type": "LineString",
        "coordinates": [
          [
            -40.0395,
            -11.1605
          ],
          [
            -40.0385,
            -11.1615
          ],
          [
            -40.0375,
            -11.1625
          ],
          [
            -40.0365,
            -11.1635
          ],
          [
            -40.0355,
            -11.1645
          ],
          [
            -40.0345,
            -11.1655
          ],
          [
            -40.0335,
            -11.1645
          ],
          [
            -40.0325,
            -11.1635
          ],
          [
            -40.0315,
            -11.1645
          ],
          [
            -40.0315,
            -11.1655
          ],
          [
            -40.0315,
            -11.1665
          ],
          [
            -40.0305,
            -11.1675
          ],
          [
            -40.0295,
            -11.1685
          ],
          [
            -40.0295,
            -11.1695
          ],
          [
            -40.0285,
            -11.1705
          ],
          [
            -40.0275,
            -11.1715
          ],
          [
            -40.0275,
            -11.1725
          ],
          [
            -40.0265,
            -11.1735
          ],
          [
            -40.0255,
            -11.1745
          ],
          [
            -40.0245,
            -11.1755
          ],
          [
            -40.0235,
            -11.1765
          ],
          [
            -40.0225,
            -11.1765
          ],
          [
            -40.0215,
            -11.1755
          ],
          [
            -40.0205,
            -11.1745
          ],
          [
            -40.0205,
            -11.1735
          ]
        ]
      },
      "properties": {
        "id": "hidro_8881",
        "tipo": "Drenagem Regional",
        "bacia": "Bacia Hidrogr\u00e1fica do Rio S\u00e3o Francisco"
      }
    },
    {
      "type": "Feature",
      "geometry": {
        "type": "LineString",
        "coordinates": [
          [
            -42.4145,
            -11.1855
          ],
          [
            -42.4145,
            -11.1845
          ],
          [
            -42.4145,
            -11.1835
          ],
          [
            -42.4145,
            -11.1825
          ],
          [
            -42.4145,
            -11.1815
          ],
          [
            -42.4145,
            -11.1805
          ],
          [
            -42.4145,
            -11.1795
          ],
          [
            -42.4135,
            -11.1805
          ],
          [
            -42.4125,
            -11.1805
          ],
          [
            -42.4115,
            -11.1795
          ],
          [
            -42.4105,
            -11.1795
          ],
          [
            -42.4095,
            -11.1785
          ],
          [
            -42.4085,
            -11.1775
          ],
          [
            -42.4075,
            -11.1765
          ],
          [
            -42.4075,
            -11.1755
          ],
          [
            -42.4065,
            -11.1745
          ],
          [
            -42.4055,
            -11.1735
          ],
          [
            -42.4045,
            -11.1725
          ],
          [
            -42.4045,
            -11.1715
          ],
          [
            -42.4035,
            -11.1725
          ],
          [
            -42.4025,
            -11.1715
          ],
          [
            -42.4015,
            -11.1705
          ],
          [
            -42.4005,
            -11.1705
          ],
          [
            -42.3995,
            -11.1705
          ],
          [
            -42.3985,
            -11.1705
          ]
        ]
      },
      "properties": {
        "id": "hidro_8911",
        "tipo": "Drenagem Regional",
        "bacia": "Bacia Hidrogr\u00e1fica do Rio S\u00e3o Francisco"
      }
    },
    {
      "type": "Feature",
      "geometry": {
        "type": "LineString",
        "coordinates": [
          [
            -41.5645,
            -11.1855
          ],
          [
            -41.5635,
            -11.1855
          ],
          [
            -41.5625,
            -11.1855
          ],
          [
            -41.5615,
            -11.1845
          ],
          [
            -41.5615,
            -11.1835
          ],
          [
            -41.5625,
            -11.1825
          ],
          [
            -41.5625,
            -11.1815
          ],
          [
            -41.5615,
            -11.1805
          ],
          [
            -41.5605,
            -11.1795
          ],
          [
            -41.5605,
            -11.1785
          ],
          [
            -41.5595,
            -11.1775
          ],
          [
            -41.5585,
            -11.1765
          ],
          [
            -41.5575,
            -11.1755
          ],
          [
            -41.5565,
            -11.1745
          ],
          [
            -41.5565,
            -11.1735
          ],
          [
            -41.5565,
            -11.1725
          ],
          [
            -41.5565,
            -11.1715
          ],
          [
            -41.5565,
            -11.1705
          ],
          [
            -41.5565,
            -11.1695
          ],
          [
            -41.5565,
            -11.1685
          ],
          [
            -41.5565,
            -11.1675
          ],
          [
            -41.5565,
            -11.1665
          ],
          [
            -41.5565,
            -11.1655
          ],
          [
            -41.5565,
            -11.1645
          ],
          [
            -41.5565,
            -11.1635
          ]
        ]
      },
      "properties": {
        "id": "hidro_8941",
        "tipo": "Drenagem Regional",
        "bacia": "Bacia Hidrogr\u00e1fica do Rio S\u00e3o Francisco"
      }
    },
    {
      "type": "Feature",
      "geometry": {
        "type": "LineString",
        "coordinates": [
          [
            -40.6645,
            -11.1855
          ],
          [
            -40.6635,
            -11.1865
          ],
          [
            -40.6635,
            -11.1875
          ],
          [
            -40.6635,
            -11.1885
          ],
          [
            -40.6635,
            -11.1895
          ],
          [
            -40.6625,
            -11.1905
          ],
          [
            -40.6615,
            -11.1915
          ],
          [
            -40.6605,
            -11.1925
          ],
          [
            -40.6595,
            -11.1935
          ],
          [
            -40.6585,
            -11.1935
          ],
          [
            -40.6575,
            -11.1945
          ],
          [
            -40.6565,
            -11.1935
          ],
          [
            -40.6555,
            -11.1945
          ],
          [
            -40.6545,
            -11.1955
          ],
          [
            -40.6535,
            -11.1965
          ],
          [
            -40.6525,
            -11.1965
          ],
          [
            -40.6515,
            -11.1975
          ],
          [
            -40.6505,
            -11.1985
          ],
          [
            -40.6495,
            -11.1995
          ],
          [
            -40.6485,
            -11.1995
          ],
          [
            -40.6475,
            -11.2005
          ],
          [
            -40.6465,
            -11.2015
          ],
          [
            -40.6455,
            -11.2025
          ],
          [
            -40.6445,
            -11.2015
          ],
          [
            -40.6435,
            -11.2015
          ]
        ]
      },
      "properties": {
        "id": "hidro_8971",
        "tipo": "Drenagem Regional",
        "bacia": "Bacia Hidrogr\u00e1fica do Rio S\u00e3o Francisco"
      }
    },
    {
      "type": "Feature",
      "geometry": {
        "type": "LineString",
        "coordinates": [
          [
            -42.7895,
            -11.2105
          ],
          [
            -42.7905,
            -11.2115
          ],
          [
            -42.7915,
            -11.2105
          ],
          [
            -42.7925,
            -11.2095
          ],
          [
            -42.7935,
            -11.2095
          ],
          [
            -42.7945,
            -11.2095
          ],
          [
            -42.7955,
            -11.2095
          ],
          [
            -42.7965,
            -11.2095
          ],
          [
            -42.7975,
            -11.2085
          ]
        ]
      },
      "properties": {
        "id": "hidro_9001",
        "tipo": "Talvegue",
        "bacia": "Bacia Hidrogr\u00e1fica do Rio S\u00e3o Francisco"
      }
    },
    {
      "type": "Feature",
      "geometry": {
        "type": "LineString",
        "coordinates": [
          [
            -41.9395,
            -11.2105
          ],
          [
            -41.9405,
            -11.2115
          ],
          [
            -41.9405,
            -11.2125
          ],
          [
            -41.9405,
            -11.2135
          ],
          [
            -41.9395,
            -11.2145
          ],
          [
            -41.9405,
            -11.2155
          ],
          [
            -41.9415,
            -11.2165
          ],
          [
            -41.9425,
            -11.2175
          ],
          [
            -41.9415,
            -11.2185
          ],
          [
            -41.9415,
            -11.2195
          ],
          [
            -41.9405,
            -11.2205
          ],
          [
            -41.9405,
            -11.2215
          ],
          [
            -41.9415,
            -11.2225
          ],
          [
            -41.9405,
            -11.2235
          ],
          [
            -41.9395,
            -11.2235
          ],
          [
            -41.9385,
            -11.2245
          ],
          [
            -41.9395,
            -11.2255
          ],
          [
            -41.9405,
            -11.2265
          ],
          [
            -41.9395,
            -11.2275
          ]
        ]
      },
      "properties": {
        "id": "hidro_9031",
        "tipo": "Drenagem Regional",
        "bacia": "Bacia Hidrogr\u00e1fica do Rio S\u00e3o Francisco"
      }
    },
    {
      "type": "Feature",
      "geometry": {
        "type": "LineString",
        "coordinates": [
          [
            -41.0645,
            -11.2105
          ],
          [
            -41.0655,
            -11.2095
          ],
          [
            -41.0645,
            -11.2085
          ],
          [
            -41.0645,
            -11.2075
          ],
          [
            -41.0655,
            -11.2065
          ],
          [
            -41.0665,
            -11.2055
          ],
          [
            -41.0665,
            -11.2045
          ],
          [
            -41.0665,
            -11.2035
          ],
          [
            -41.0665,
            -11.2025
          ],
          [
            -41.0665,
            -11.2015
          ],
          [
            -41.0665,
            -11.2005
          ],
          [
            -41.0665,
            -11.1995
          ],
          [
            -41.0665,
            -11.1985
          ],
          [
            -41.0665,
            -11.1975
          ],
          [
            -41.0665,
            -11.1965
          ],
          [
            -41.0665,
            -11.1955
          ],
          [
            -41.0665,
            -11.1945
          ],
          [
            -41.0665,
            -11.1935
          ],
          [
            -41.0665,
            -11.1925
          ],
          [
            -41.0675,
            -11.1915
          ],
          [
            -41.0685,
            -11.1905
          ],
          [
            -41.0685,
            -11.1895
          ],
          [
            -41.0685,
            -11.1885
          ],
          [
            -41.0695,
            -11.1875
          ],
          [
            -41.0705,
            -11.1865
          ]
        ]
      },
      "properties": {
        "id": "hidro_9061",
        "tipo": "Drenagem Regional",
        "bacia": "Bacia Hidrogr\u00e1fica do Rio S\u00e3o Francisco"
      }
    },
    {
      "type": "Feature",
      "geometry": {
        "type": "LineString",
        "coordinates": [
          [
            -39.9395,
            -11.2105
          ],
          [
            -39.9385,
            -11.2095
          ],
          [
            -39.9375,
            -11.2085
          ],
          [
            -39.9365,
            -11.2075
          ],
          [
            -39.9355,
            -11.2085
          ],
          [
            -39.9345,
            -11.2075
          ],
          [
            -39.9335,
            -11.2065
          ],
          [
            -39.9325,
            -11.2055
          ],
          [
            -39.9315,
            -11.2055
          ],
          [
            -39.9305,
            -11.2055
          ],
          [
            -39.9295,
            -11.2055
          ],
          [
            -39.9285,
            -11.2055
          ],
          [
            -39.9275,
            -11.2045
          ],
          [
            -39.9265,
            -11.2035
          ],
          [
            -39.9255,
            -11.2045
          ],
          [
            -39.9245,
            -11.2035
          ],
          [
            -39.9235,
            -11.2035
          ],
          [
            -39.9225,
            -11.2035
          ],
          [
            -39.9215,
            -11.2045
          ]
        ]
      },
      "properties": {
        "id": "hidro_9091",
        "tipo": "Drenagem Regional",
        "bacia": "Bacia Hidrogr\u00e1fica do Rio S\u00e3o Francisco"
      }
    },
    {
      "type": "Feature",
      "geometry": {
        "type": "LineString",
        "coordinates": [
          [
            -42.2645,
            -11.2355
          ],
          [
            -42.2635,
            -11.2365
          ],
          [
            -42.2635,
            -11.2375
          ],
          [
            -42.2635,
            -11.2385
          ],
          [
            -42.2645,
            -11.2395
          ],
          [
            -42.2655,
            -11.2405
          ],
          [
            -42.2665,
            -11.2415
          ],
          [
            -42.2675,
            -11.2425
          ],
          [
            -42.2685,
            -11.2425
          ],
          [
            -42.2695,
            -11.2435
          ],
          [
            -42.2705,
            -11.2435
          ],
          [
            -42.2715,
            -11.2435
          ],
          [
            -42.2725,
            -11.2435
          ],
          [
            -42.2735,
            -11.2435
          ],
          [
            -42.2745,
            -11.2435
          ],
          [
            -42.2755,
            -11.2435
          ],
          [
            -42.2765,
            -11.2435
          ],
          [
            -42.2775,
            -11.2435
          ],
          [
            -42.2785,
            -11.2435
          ],
          [
            -42.2775,
            -11.2445
          ],
          [
            -42.2785,
            -11.2455
          ],
          [
            -42.2795,
            -11.2465
          ],
          [
            -42.2795,
            -11.2475
          ],
          [
            -42.2805,
            -11.2485
          ],
          [
            -42.2815,
            -11.2495
          ]
        ]
      },
      "properties": {
        "id": "hidro_9121",
        "tipo": "Drenagem Regional",
        "bacia": "Bacia Hidrogr\u00e1fica do Rio S\u00e3o Francisco"
      }
    },
    {
      "type": "Feature",
      "geometry": {
        "type": "LineString",
        "coordinates": [
          [
            -41.4145,
            -11.2355
          ],
          [
            -41.4145,
            -11.2345
          ],
          [
            -41.4145,
            -11.2335
          ],
          [
            -41.4135,
            -11.2325
          ],
          [
            -41.4145,
            -11.2315
          ],
          [
            -41.4155,
            -11.2305
          ],
          [
            -41.4165,
            -11.2295
          ],
          [
            -41.4175,
            -11.2285
          ],
          [
            -41.4185,
            -11.2275
          ],
          [
            -41.4195,
            -11.2265
          ],
          [
            -41.4205,
            -11.2255
          ],
          [
            -41.4215,
            -11.2245
          ],
          [
            -41.4215,
            -11.2235
          ],
          [
            -41.4205,
            -11.2225
          ],
          [
            -41.4205,
            -11.2215
          ],
          [
            -41.4195,
            -11.2205
          ],
          [
            -41.4195,
            -11.2195
          ],
          [
            -41.4185,
            -11.2185
          ],
          [
            -41.4195,
            -11.2175
          ],
          [
            -41.4195,
            -11.2165
          ],
          [
            -41.4185,
            -11.2155
          ],
          [
            -41.4185,
            -11.2145
          ],
          [
            -41.4185,
            -11.2135
          ],
          [
            -41.4185,
            -11.2125
          ],
          [
            -41.4175,
            -11.2115
          ]
        ]
      },
      "properties": {
        "id": "hidro_9151",
        "tipo": "Drenagem Regional",
        "bacia": "Bacia Hidrogr\u00e1fica do Rio S\u00e3o Francisco"
      }
    },
    {
      "type": "Feature",
      "geometry": {
        "type": "LineString",
        "coordinates": [
          [
            -40.5395,
            -11.2355
          ],
          [
            -40.5405,
            -11.2345
          ],
          [
            -40.5415,
            -11.2335
          ],
          [
            -40.5425,
            -11.2325
          ],
          [
            -40.5435,
            -11.2315
          ],
          [
            -40.5435,
            -11.2305
          ],
          [
            -40.5425,
            -11.2315
          ]
        ]
      },
      "properties": {
        "id": "hidro_9181",
        "tipo": "Talvegue",
        "bacia": "Bacia Hidrogr\u00e1fica do Rio S\u00e3o Francisco"
      }
    },
    {
      "type": "Feature",
      "geometry": {
        "type": "LineString",
        "coordinates": [
          [
            -39.5395,
            -11.2355
          ],
          [
            -39.5405,
            -11.2365
          ],
          [
            -39.5415,
            -11.2375
          ],
          [
            -39.5415,
            -11.2385
          ],
          [
            -39.5425,
            -11.2395
          ],
          [
            -39.5435,
            -11.2405
          ],
          [
            -39.5425,
            -11.2415
          ]
        ]
      },
      "properties": {
        "id": "hidro_9211",
        "tipo": "Talvegue",
        "bacia": "Bacia Hidrogr\u00e1fica do Rio S\u00e3o Francisco"
      }
    },
    {
      "type": "Feature",
      "geometry": {
        "type": "LineString",
        "coordinates": [
          [
            -42.0395,
            -11.2605
          ],
          [
            -42.0395,
            -11.2595
          ],
          [
            -42.0405,
            -11.2585
          ],
          [
            -42.0395,
            -11.2575
          ],
          [
            -42.0395,
            -11.2565
          ],
          [
            -42.0385,
            -11.2555
          ],
          [
            -42.0375,
            -11.2545
          ],
          [
            -42.0375,
            -11.2535
          ],
          [
            -42.0365,
            -11.2525
          ],
          [
            -42.0355,
            -11.2515
          ],
          [
            -42.0355,
            -11.2505
          ],
          [
            -42.0355,
            -11.2495
          ],
          [
            -42.0355,
            -11.2485
          ],
          [
            -42.0355,
            -11.2475
          ],
          [
            -42.0365,
            -11.2465
          ],
          [
            -42.0375,
            -11.2455
          ],
          [
            -42.0385,
            -11.2455
          ],
          [
            -42.0395,
            -11.2445
          ],
          [
            -42.0405,
            -11.2435
          ],
          [
            -42.0415,
            -11.2435
          ],
          [
            -42.0425,
            -11.2425
          ],
          [
            -42.0435,
            -11.2415
          ],
          [
            -42.0445,
            -11.2415
          ],
          [
            -42.0455,
            -11.2415
          ],
          [
            -42.0465,
            -11.2405
          ]
        ]
      },
      "properties": {
        "id": "hidro_9241",
        "tipo": "Drenagem Regional",
        "bacia": "Bacia Hidrogr\u00e1fica do Rio S\u00e3o Francisco"
      }
    },
    {
      "type": "Feature",
      "geometry": {
        "type": "LineString",
        "coordinates": [
          [
            -41.2645,
            -11.2605
          ],
          [
            -41.2635,
            -11.2615
          ],
          [
            -41.2625,
            -11.2615
          ],
          [
            -41.2615,
            -11.2615
          ],
          [
            -41.2605,
            -11.2615
          ],
          [
            -41.2595,
            -11.2615
          ],
          [
            -41.2585,
            -11.2615
          ],
          [
            -41.2575,
            -11.2615
          ],
          [
            -41.2565,
            -11.2615
          ],
          [
            -41.2555,
            -11.2625
          ],
          [
            -41.2545,
            -11.2615
          ],
          [
            -41.2535,
            -11.2625
          ],
          [
            -41.2525,
            -11.2635
          ],
          [
            -41.2515,
            -11.2635
          ],
          [
            -41.2505,
            -11.2635
          ],
          [
            -41.2495,
            -11.2635
          ],
          [
            -41.2485,
            -11.2645
          ]
        ]
      },
      "properties": {
        "id": "hidro_9271",
        "tipo": "Drenagem Regional",
        "bacia": "Bacia Hidrogr\u00e1fica do Rio S\u00e3o Francisco"
      }
    },
    {
      "type": "Feature",
      "geometry": {
        "type": "LineString",
        "coordinates": [
          [
            -40.1145,
            -11.2605
          ],
          [
            -40.1135,
            -11.2615
          ],
          [
            -40.1125,
            -11.2625
          ],
          [
            -40.1115,
            -11.2635
          ],
          [
            -40.1105,
            -11.2635
          ],
          [
            -40.1095,
            -11.2645
          ]
        ]
      },
      "properties": {
        "id": "hidro_9301",
        "tipo": "Talvegue",
        "bacia": "Bacia Hidrogr\u00e1fica do Rio S\u00e3o Francisco"
      }
    },
    {
      "type": "Feature",
      "geometry": {
        "type": "LineString",
        "coordinates": [
          [
            -42.3395,
            -11.2855
          ],
          [
            -42.3385,
            -11.2845
          ],
          [
            -42.3375,
            -11.2835
          ],
          [
            -42.3365,
            -11.2825
          ],
          [
            -42.3355,
            -11.2815
          ],
          [
            -42.3345,
            -11.2805
          ],
          [
            -42.3345,
            -11.2795
          ],
          [
            -42.3335,
            -11.2805
          ],
          [
            -42.3325,
            -11.2795
          ],
          [
            -42.3315,
            -11.2785
          ],
          [
            -42.3305,
            -11.2775
          ],
          [
            -42.3295,
            -11.2765
          ],
          [
            -42.3285,
            -11.2775
          ]
        ]
      },
      "properties": {
        "id": "hidro_9331",
        "tipo": "Talvegue",
        "bacia": "Bacia Hidrogr\u00e1fica do Rio S\u00e3o Francisco"
      }
    },
    {
      "type": "Feature",
      "geometry": {
        "type": "LineString",
        "coordinates": [
          [
            -41.5395,
            -11.2855
          ],
          [
            -41.5385,
            -11.2865
          ],
          [
            -41.5375,
            -11.2875
          ],
          [
            -41.5365,
            -11.2875
          ],
          [
            -41.5355,
            -11.2885
          ],
          [
            -41.5345,
            -11.2895
          ],
          [
            -41.5345,
            -11.2905
          ],
          [
            -41.5355,
            -11.2915
          ],
          [
            -41.5365,
            -11.2925
          ],
          [
            -41.5375,
            -11.2935
          ],
          [
            -41.5385,
            -11.2935
          ],
          [
            -41.5395,
            -11.2935
          ],
          [
            -41.5385,
            -11.2945
          ],
          [
            -41.5375,
            -11.2955
          ],
          [
            -41.5375,
            -11.2965
          ],
          [
            -41.5375,
            -11.2975
          ],
          [
            -41.5385,
            -11.2985
          ],
          [
            -41.5385,
            -11.2995
          ],
          [
            -41.5385,
            -11.3005
          ],
          [
            -41.5375,
            -11.3015
          ],
          [
            -41.5375,
            -11.3025
          ],
          [
            -41.5375,
            -11.3035
          ],
          [
            -41.5365,
            -11.3045
          ]
        ]
      },
      "properties": {
        "id": "hidro_9361",
        "tipo": "Drenagem Regional",
        "bacia": "Bacia Hidrogr\u00e1fica do Rio S\u00e3o Francisco"
      }
    },
    {
      "type": "Feature",
      "geometry": {
        "type": "LineString",
        "coordinates": [
          [
            -40.6145,
            -11.2855
          ],
          [
            -40.6135,
            -11.2845
          ],
          [
            -40.6135,
            -11.2835
          ],
          [
            -40.6125,
            -11.2825
          ],
          [
            -40.6115,
            -11.2825
          ],
          [
            -40.6105,
            -11.2815
          ],
          [
            -40.6095,
            -11.2805
          ],
          [
            -40.6085,
            -11.2815
          ]
        ]
      },
      "properties": {
        "id": "hidro_9391",
        "tipo": "Talvegue",
        "bacia": "Bacia Hidrogr\u00e1fica do Rio S\u00e3o Francisco"
      }
    },
    {
      "type": "Feature",
      "geometry": {
        "type": "LineString",
        "coordinates": [
          [
            -42.6895,
            -11.3105
          ],
          [
            -42.6905,
            -11.3095
          ],
          [
            -42.6915,
            -11.3095
          ],
          [
            -42.6925,
            -11.3095
          ],
          [
            -42.6935,
            -11.3095
          ],
          [
            -42.6945,
            -11.3095
          ],
          [
            -42.6955,
            -11.3095
          ],
          [
            -42.6965,
            -11.3105
          ],
          [
            -42.6975,
            -11.3105
          ],
          [
            -42.6985,
            -11.3105
          ],
          [
            -42.6995,
            -11.3095
          ],
          [
            -42.7005,
            -11.3085
          ]
        ]
      },
      "properties": {
        "id": "hidro_9421",
        "tipo": "Talvegue",
        "bacia": "Bacia Hidrogr\u00e1fica do Rio S\u00e3o Francisco"
      }
    },
    {
      "type": "Feature",
      "geometry": {
        "type": "LineString",
        "coordinates": [
          [
            -41.8395,
            -11.3105
          ],
          [
            -41.8395,
            -11.3095
          ],
          [
            -41.8395,
            -11.3085
          ],
          [
            -41.8405,
            -11.3075
          ],
          [
            -41.8415,
            -11.3065
          ],
          [
            -41.8425,
            -11.3055
          ],
          [
            -41.8435,
            -11.3045
          ],
          [
            -41.8445,
            -11.3035
          ],
          [
            -41.8455,
            -11.3025
          ],
          [
            -41.8445,
            -11.3015
          ],
          [
            -41.8445,
            -11.3005
          ],
          [
            -41.8435,
            -11.2995
          ],
          [
            -41.8425,
            -11.2985
          ],
          [
            -41.8425,
            -11.2975
          ],
          [
            -41.8435,
            -11.2965
          ],
          [
            -41.8425,
            -11.2955
          ],
          [
            -41.8435,
            -11.2945
          ],
          [
            -41.8445,
            -11.2935
          ],
          [
            -41.8445,
            -11.2925
          ],
          [
            -41.8445,
            -11.2915
          ],
          [
            -41.8445,
            -11.2905
          ],
          [
            -41.8455,
            -11.2895
          ],
          [
            -41.8465,
            -11.2885
          ],
          [
            -41.8465,
            -11.2875
          ],
          [
            -41.8465,
            -11.2865
          ]
        ]
      },
      "properties": {
        "id": "hidro_9451",
        "tipo": "Drenagem Regional",
        "bacia": "Bacia Hidrogr\u00e1fica do Rio S\u00e3o Francisco"
      }
    },
    {
      "type": "Feature",
      "geometry": {
        "type": "LineString",
        "coordinates": [
          [
            -40.7395,
            -11.3105
          ],
          [
            -40.7385,
            -11.3115
          ],
          [
            -40.7375,
            -11.3125
          ],
          [
            -40.7365,
            -11.3135
          ],
          [
            -40.7355,
            -11.3145
          ],
          [
            -40.7345,
            -11.3155
          ],
          [
            -40.7335,
            -11.3165
          ],
          [
            -40.7325,
            -11.3175
          ],
          [
            -40.7315,
            -11.3185
          ],
          [
            -40.7315,
            -11.3195
          ],
          [
            -40.7315,
            -11.3205
          ],
          [
            -40.7325,
            -11.3215
          ],
          [
            -40.7325,
            -11.3225
          ],
          [
            -40.7325,
            -11.3235
          ],
          [
            -40.7315,
            -11.3245
          ]
        ]
      },
      "properties": {
        "id": "hidro_9481",
        "tipo": "Talvegue",
        "bacia": "Bacia Hidrogr\u00e1fica do Rio S\u00e3o Francisco"
      }
    },
    {
      "type": "Feature",
      "geometry": {
        "type": "LineString",
        "coordinates": [
          [
            -39.7895,
            -11.3105
          ],
          [
            -39.7885,
            -11.3115
          ],
          [
            -39.7895,
            -11.3125
          ],
          [
            -39.7895,
            -11.3135
          ],
          [
            -39.7885,
            -11.3145
          ],
          [
            -39.7895,
            -11.3155
          ],
          [
            -39.7885,
            -11.3165
          ],
          [
            -39.7885,
            -11.3175
          ],
          [
            -39.7875,
            -11.3185
          ],
          [
            -39.7875,
            -11.3195
          ],
          [
            -39.7875,
            -11.3205
          ],
          [
            -39.7875,
            -11.3215
          ],
          [
            -39.7865,
            -11.3225
          ],
          [
            -39.7865,
            -11.3235
          ],
          [
            -39.7855,
            -11.3245
          ],
          [
            -39.7855,
            -11.3255
          ],
          [
            -39.7855,
            -11.3265
          ],
          [
            -39.7845,
            -11.3275
          ],
          [
            -39.7835,
            -11.3275
          ],
          [
            -39.7825,
            -11.3285
          ],
          [
            -39.7815,
            -11.3295
          ],
          [
            -39.7805,
            -11.3305
          ],
          [
            -39.7795,
            -11.3315
          ],
          [
            -39.7785,
            -11.3325
          ],
          [
            -39.7775,
            -11.3325
          ]
        ]
      },
      "properties": {
        "id": "hidro_9511",
        "tipo": "Drenagem Regional",
        "bacia": "Bacia Hidrogr\u00e1fica do Rio S\u00e3o Francisco"
      }
    },
    {
      "type": "Feature",
      "geometry": {
        "type": "LineString",
        "coordinates": [
          [
            -42.2395,
            -11.3355
          ],
          [
            -42.2395,
            -11.3365
          ],
          [
            -42.2395,
            -11.3375
          ],
          [
            -42.2385,
            -11.3385
          ],
          [
            -42.2385,
            -11.3395
          ],
          [
            -42.2395,
            -11.3405
          ],
          [
            -42.2405,
            -11.3415
          ],
          [
            -42.2415,
            -11.3425
          ],
          [
            -42.2425,
            -11.3435
          ],
          [
            -42.2435,
            -11.3435
          ],
          [
            -42.2425,
            -11.3445
          ],
          [
            -42.2435,
            -11.3455
          ],
          [
            -42.2445,
            -11.3465
          ],
          [
            -42.2455,
            -11.3475
          ],
          [
            -42.2465,
            -11.3485
          ],
          [
            -42.2475,
            -11.3495
          ],
          [
            -42.2485,
            -11.3505
          ],
          [
            -42.2495,
            -11.3505
          ],
          [
            -42.2505,
            -11.3495
          ]
        ]
      },
      "properties": {
        "id": "hidro_9541",
        "tipo": "Drenagem Regional",
        "bacia": "Bacia Hidrogr\u00e1fica do Rio S\u00e3o Francisco"
      }
    },
    {
      "type": "Feature",
      "geometry": {
        "type": "LineString",
        "coordinates": [
          [
            -41.2395,
            -11.3355
          ],
          [
            -41.2385,
            -11.3365
          ],
          [
            -41.2375,
            -11.3375
          ],
          [
            -41.2365,
            -11.3385
          ],
          [
            -41.2365,
            -11.3395
          ],
          [
            -41.2355,
            -11.3405
          ],
          [
            -41.2345,
            -11.3395
          ],
          [
            -41.2335,
            -11.3385
          ],
          [
            -41.2325,
            -11.3385
          ],
          [
            -41.2315,
            -11.3375
          ],
          [
            -41.2305,
            -11.3375
          ],
          [
            -41.2295,
            -11.3375
          ],
          [
            -41.2285,
            -11.3365
          ],
          [
            -41.2275,
            -11.3365
          ],
          [
            -41.2265,
            -11.3355
          ],
          [
            -41.2255,
            -11.3365
          ],
          [
            -41.2245,
            -11.3355
          ],
          [
            -41.2235,
            -11.3345
          ],
          [
            -41.2225,
            -11.3335
          ],
          [
            -41.2215,
            -11.3325
          ],
          [
            -41.2205,
            -11.3315
          ],
          [
            -41.2195,
            -11.3315
          ],
          [
            -41.2185,
            -11.3315
          ],
          [
            -41.2175,
            -11.3315
          ],
          [
            -41.2165,
            -11.3305
          ]
        ]
      },
      "properties": {
        "id": "hidro_9571",
        "tipo": "Drenagem Regional",
        "bacia": "Bacia Hidrogr\u00e1fica do Rio S\u00e3o Francisco"
      }
    },
    {
      "type": "Feature",
      "geometry": {
        "type": "LineString",
        "coordinates": [
          [
            -40.3645,
            -11.3355
          ],
          [
            -40.3635,
            -11.3355
          ],
          [
            -40.3625,
            -11.3355
          ],
          [
            -40.3615,
            -11.3365
          ],
          [
            -40.3605,
            -11.3375
          ],
          [
            -40.3595,
            -11.3375
          ],
          [
            -40.3585,
            -11.3385
          ],
          [
            -40.3575,
            -11.3385
          ],
          [
            -40.3565,
            -11.3375
          ],
          [
            -40.3565,
            -11.3365
          ],
          [
            -40.3565,
            -11.3355
          ],
          [
            -40.3555,
            -11.3365
          ],
          [
            -40.3545,
            -11.3365
          ],
          [
            -40.3535,
            -11.3365
          ],
          [
            -40.3525,
            -11.3375
          ],
          [
            -40.3515,
            -11.3385
          ],
          [
            -40.3505,
            -11.3395
          ],
          [
            -40.3515,
            -11.3405
          ],
          [
            -40.3525,
            -11.3415
          ],
          [
            -40.3515,
            -11.3425
          ],
          [
            -40.3505,
            -11.3435
          ],
          [
            -40.3495,
            -11.3445
          ]
        ]
      },
      "properties": {
        "id": "hidro_9601",
        "tipo": "Drenagem Regional",
        "bacia": "Bacia Hidrogr\u00e1fica do Rio S\u00e3o Francisco"
      }
    },
    {
      "type": "Feature",
      "geometry": {
        "type": "LineString",
        "coordinates": [
          [
            -42.6395,
            -11.3605
          ],
          [
            -42.6385,
            -11.3615
          ],
          [
            -42.6395,
            -11.3625
          ],
          [
            -42.6405,
            -11.3635
          ],
          [
            -42.6395,
            -11.3645
          ],
          [
            -42.6405,
            -11.3655
          ],
          [
            -42.6415,
            -11.3665
          ],
          [
            -42.6425,
            -11.3675
          ],
          [
            -42.6425,
            -11.3685
          ],
          [
            -42.6425,
            -11.3695
          ],
          [
            -42.6435,
            -11.3705
          ],
          [
            -42.6445,
            -11.3715
          ],
          [
            -42.6455,
            -11.3725
          ],
          [
            -42.6465,
            -11.3735
          ],
          [
            -42.6455,
            -11.3745
          ],
          [
            -42.6465,
            -11.3755
          ],
          [
            -42.6475,
            -11.3765
          ],
          [
            -42.6475,
            -11.3775
          ],
          [
            -42.6485,
            -11.3785
          ],
          [
            -42.6485,
            -11.3795
          ],
          [
            -42.6495,
            -11.3805
          ],
          [
            -42.6485,
            -11.3815
          ]
        ]
      },
      "properties": {
        "id": "hidro_9631",
        "tipo": "Drenagem Regional",
        "bacia": "Bacia Hidrogr\u00e1fica do Rio S\u00e3o Francisco"
      }
    },
    {
      "type": "Feature",
      "geometry": {
        "type": "LineString",
        "coordinates": [
          [
            -41.5645,
            -11.3605
          ],
          [
            -41.5635,
            -11.3605
          ],
          [
            -41.5625,
            -11.3605
          ],
          [
            -41.5615,
            -11.3595
          ],
          [
            -41.5605,
            -11.3585
          ],
          [
            -41.5595,
            -11.3595
          ]
        ]
      },
      "properties": {
        "id": "hidro_9661",
        "tipo": "Talvegue",
        "bacia": "Bacia Hidrogr\u00e1fica do Rio S\u00e3o Francisco"
      }
    },
    {
      "type": "Feature",
      "geometry": {
        "type": "LineString",
        "coordinates": [
          [
            -40.5895,
            -11.3605
          ],
          [
            -40.5885,
            -11.3595
          ],
          [
            -40.5875,
            -11.3585
          ],
          [
            -40.5865,
            -11.3575
          ],
          [
            -40.5865,
            -11.3565
          ],
          [
            -40.5865,
            -11.3555
          ],
          [
            -40.5875,
            -11.3545
          ],
          [
            -40.5875,
            -11.3535
          ],
          [
            -40.5875,
            -11.3525
          ],
          [
            -40.5875,
            -11.3515
          ],
          [
            -40.5865,
            -11.3505
          ],
          [
            -40.5865,
            -11.3495
          ],
          [
            -40.5855,
            -11.3505
          ]
        ]
      },
      "properties": {
        "id": "hidro_9691",
        "tipo": "Talvegue",
        "bacia": "Bacia Hidrogr\u00e1fica do Rio S\u00e3o Francisco"
      }
    },
    {
      "type": "Feature",
      "geometry": {
        "type": "LineString",
        "coordinates": [
          [
            -42.7645,
            -11.3855
          ],
          [
            -42.7655,
            -11.3845
          ],
          [
            -42.7665,
            -11.3835
          ],
          [
            -42.7675,
            -11.3825
          ],
          [
            -42.7685,
            -11.3815
          ],
          [
            -42.7695,
            -11.3805
          ],
          [
            -42.7685,
            -11.3795
          ],
          [
            -42.7675,
            -11.3785
          ],
          [
            -42.7665,
            -11.3775
          ],
          [
            -42.7675,
            -11.3765
          ],
          [
            -42.7685,
            -11.3765
          ],
          [
            -42.7695,
            -11.3755
          ],
          [
            -42.7705,
            -11.3755
          ],
          [
            -42.7715,
            -11.3745
          ],
          [
            -42.7715,
            -11.3735
          ],
          [
            -42.7725,
            -11.3725
          ],
          [
            -42.7735,
            -11.3715
          ],
          [
            -42.7745,
            -11.3715
          ],
          [
            -42.7755,
            -11.3705
          ],
          [
            -42.7765,
            -11.3695
          ],
          [
            -42.7775,
            -11.3695
          ],
          [
            -42.7785,
            -11.3685
          ],
          [
            -42.7785,
            -11.3675
          ],
          [
            -42.7785,
            -11.3665
          ],
          [
            -42.7785,
            -11.3655
          ]
        ]
      },
      "properties": {
        "id": "hidro_9721",
        "tipo": "Drenagem Regional",
        "bacia": "Bacia Hidrogr\u00e1fica do Rio S\u00e3o Francisco"
      }
    },
    {
      "type": "Feature",
      "geometry": {
        "type": "LineString",
        "coordinates": [
          [
            -41.9145,
            -11.3855
          ],
          [
            -41.9155,
            -11.3865
          ],
          [
            -41.9165,
            -11.3875
          ],
          [
            -41.9155,
            -11.3885
          ],
          [
            -41.9145,
            -11.3895
          ],
          [
            -41.9145,
            -11.3905
          ],
          [
            -41.9145,
            -11.3915
          ],
          [
            -41.9155,
            -11.3925
          ],
          [
            -41.9145,
            -11.3935
          ],
          [
            -41.9135,
            -11.3935
          ],
          [
            -41.9125,
            -11.3945
          ],
          [
            -41.9135,
            -11.3955
          ],
          [
            -41.9145,
            -11.3965
          ],
          [
            -41.9135,
            -11.3975
          ],
          [
            -41.9145,
            -11.3985
          ],
          [
            -41.9155,
            -11.3995
          ],
          [
            -41.9165,
            -11.4005
          ],
          [
            -41.9175,
            -11.4015
          ],
          [
            -41.9165,
            -11.4025
          ],
          [
            -41.9175,
            -11.4035
          ],
          [
            -41.9185,
            -11.4035
          ],
          [
            -41.9175,
            -11.4045
          ],
          [
            -41.9185,
            -11.4055
          ],
          [
            -41.9185,
            -11.4065
          ],
          [
            -41.9195,
            -11.4075
          ]
        ]
      },
      "properties": {
        "id": "hidro_9751",
        "tipo": "Drenagem Regional",
        "bacia": "Bacia Hidrogr\u00e1fica do Rio S\u00e3o Francisco"
      }
    },
    {
      "type": "Feature",
      "geometry": {
        "type": "LineString",
        "coordinates": [
          [
            -40.9645,
            -11.3855
          ],
          [
            -40.9655,
            -11.3845
          ],
          [
            -40.9665,
            -11.3835
          ],
          [
            -40.9675,
            -11.3825
          ],
          [
            -40.9685,
            -11.3815
          ],
          [
            -40.9695,
            -11.3805
          ],
          [
            -40.9705,
            -11.3795
          ],
          [
            -40.9715,
            -11.3785
          ],
          [
            -40.9725,
            -11.3775
          ],
          [
            -40.9735,
            -11.3765
          ],
          [
            -40.9745,
            -11.3755
          ],
          [
            -40.9755,
            -11.3745
          ],
          [
            -40.9765,
            -11.3735
          ],
          [
            -40.9775,
            -11.3725
          ],
          [
            -40.9775,
            -11.3715
          ],
          [
            -40.9775,
            -11.3705
          ],
          [
            -40.9775,
            -11.3695
          ],
          [
            -40.9765,
            -11.3705
          ]
        ]
      },
      "properties": {
        "id": "hidro_9781",
        "tipo": "Drenagem Regional",
        "bacia": "Bacia Hidrogr\u00e1fica do Rio S\u00e3o Francisco"
      }
    },
    {
      "type": "Feature",
      "geometry": {
        "type": "LineString",
        "coordinates": [
          [
            -39.9895,
            -11.3855
          ],
          [
            -39.9905,
            -11.3865
          ],
          [
            -39.9905,
            -11.3875
          ],
          [
            -39.9895,
            -11.3885
          ],
          [
            -39.9885,
            -11.3895
          ],
          [
            -39.9885,
            -11.3905
          ],
          [
            -39.9885,
            -11.3915
          ],
          [
            -39.9875,
            -11.3925
          ]
        ]
      },
      "properties": {
        "id": "hidro_9811",
        "tipo": "Talvegue",
        "bacia": "Bacia Hidrogr\u00e1fica do Rio S\u00e3o Francisco"
      }
    },
    {
      "type": "Feature",
      "geometry": {
        "type": "LineString",
        "coordinates": [
          [
            -42.4395,
            -11.4105
          ],
          [
            -42.4385,
            -11.4095
          ],
          [
            -42.4375,
            -11.4085
          ],
          [
            -42.4365,
            -11.4075
          ],
          [
            -42.4355,
            -11.4075
          ],
          [
            -42.4345,
            -11.4075
          ],
          [
            -42.4335,
            -11.4085
          ],
          [
            -42.4325,
            -11.4075
          ],
          [
            -42.4315,
            -11.4065
          ],
          [
            -42.4305,
            -11.4065
          ],
          [
            -42.4295,
            -11.4055
          ],
          [
            -42.4285,
            -11.4055
          ],
          [
            -42.4275,
            -11.4045
          ],
          [
            -42.4265,
            -11.4035
          ],
          [
            -42.4255,
            -11.4035
          ],
          [
            -42.4245,
            -11.4035
          ],
          [
            -42.4235,
            -11.4045
          ],
          [
            -42.4225,
            -11.4035
          ],
          [
            -42.4215,
            -11.4035
          ],
          [
            -42.4205,
            -11.4025
          ],
          [
            -42.4195,
            -11.4025
          ],
          [
            -42.4185,
            -11.4025
          ],
          [
            -42.4175,
            -11.4035
          ],
          [
            -42.4165,
            -11.4035
          ],
          [
            -42.4155,
            -11.4025
          ]
        ]
      },
      "properties": {
        "id": "hidro_9841",
        "tipo": "Drenagem Regional",
        "bacia": "Bacia Hidrogr\u00e1fica do Rio S\u00e3o Francisco"
      }
    },
    {
      "type": "Feature",
      "geometry": {
        "type": "LineString",
        "coordinates": [
          [
            -41.4895,
            -11.4105
          ],
          [
            -41.4885,
            -11.4115
          ],
          [
            -41.4885,
            -11.4125
          ],
          [
            -41.4885,
            -11.4135
          ],
          [
            -41.4875,
            -11.4145
          ],
          [
            -41.4875,
            -11.4155
          ],
          [
            -41.4875,
            -11.4165
          ],
          [
            -41.4885,
            -11.4175
          ],
          [
            -41.4885,
            -11.4185
          ],
          [
            -41.4895,
            -11.4195
          ],
          [
            -41.4885,
            -11.4205
          ],
          [
            -41.4875,
            -11.4205
          ],
          [
            -41.4865,
            -11.4215
          ],
          [
            -41.4855,
            -11.4225
          ],
          [
            -41.4845,
            -11.4215
          ],
          [
            -41.4835,
            -11.4225
          ]
        ]
      },
      "properties": {
        "id": "hidro_9871",
        "tipo": "Drenagem Regional",
        "bacia": "Bacia Hidrogr\u00e1fica do Rio S\u00e3o Francisco"
      }
    },
    {
      "type": "Feature",
      "geometry": {
        "type": "LineString",
        "coordinates": [
          [
            -40.4395,
            -11.4105
          ],
          [
            -40.4385,
            -11.4115
          ],
          [
            -40.4375,
            -11.4115
          ],
          [
            -40.4365,
            -11.4125
          ],
          [
            -40.4355,
            -11.4135
          ],
          [
            -40.4345,
            -11.4135
          ],
          [
            -40.4335,
            -11.4145
          ],
          [
            -40.4325,
            -11.4155
          ],
          [
            -40.4315,
            -11.4165
          ],
          [
            -40.4305,
            -11.4165
          ],
          [
            -40.4295,
            -11.4165
          ],
          [
            -40.4285,
            -11.4175
          ]
        ]
      },
      "properties": {
        "id": "hidro_9901",
        "tipo": "Talvegue",
        "bacia": "Bacia Hidrogr\u00e1fica do Rio S\u00e3o Francisco"
      }
    },
    {
      "type": "Feature",
      "geometry": {
        "type": "LineString",
        "coordinates": [
          [
            -42.5395,
            -11.4355
          ],
          [
            -42.5385,
            -11.4365
          ],
          [
            -42.5395,
            -11.4375
          ],
          [
            -42.5405,
            -11.4385
          ],
          [
            -42.5415,
            -11.4395
          ],
          [
            -42.5425,
            -11.4395
          ],
          [
            -42.5435,
            -11.4395
          ],
          [
            -42.5445,
            -11.4395
          ],
          [
            -42.5455,
            -11.4395
          ],
          [
            -42.5465,
            -11.4395
          ],
          [
            -42.5475,
            -11.4395
          ],
          [
            -42.5485,
            -11.4395
          ],
          [
            -42.5495,
            -11.4385
          ],
          [
            -42.5505,
            -11.4385
          ],
          [
            -42.5515,
            -11.4375
          ],
          [
            -42.5525,
            -11.4375
          ],
          [
            -42.5535,
            -11.4365
          ],
          [
            -42.5545,
            -11.4365
          ],
          [
            -42.5555,
            -11.4355
          ],
          [
            -42.5565,
            -11.4345
          ],
          [
            -42.5575,
            -11.4335
          ],
          [
            -42.5585,
            -11.4325
          ],
          [
            -42.5595,
            -11.4325
          ],
          [
            -42.5605,
            -11.4315
          ],
          [
            -42.5615,
            -11.4305
          ]
        ]
      },
      "properties": {
        "id": "hidro_9931",
        "tipo": "Drenagem Regional",
        "bacia": "Bacia Hidrogr\u00e1fica do Rio S\u00e3o Francisco"
      }
    },
    {
      "type": "Feature",
      "geometry": {
        "type": "LineString",
        "coordinates": [
          [
            -41.7145,
            -11.4355
          ],
          [
            -41.7155,
            -11.4365
          ],
          [
            -41.7145,
            -11.4375
          ],
          [
            -41.7135,
            -11.4385
          ],
          [
            -41.7145,
            -11.4395
          ],
          [
            -41.7155,
            -11.4395
          ],
          [
            -41.7165,
            -11.4395
          ],
          [
            -41.7155,
            -11.4405
          ]
        ]
      },
      "properties": {
        "id": "hidro_9961",
        "tipo": "Talvegue",
        "bacia": "Bacia Hidrogr\u00e1fica do Rio S\u00e3o Francisco"
      }
    },
    {
      "type": "Feature",
      "geometry": {
        "type": "LineString",
        "coordinates": [
          [
            -40.7395,
            -11.4355
          ],
          [
            -40.7405,
            -11.4345
          ],
          [
            -40.7415,
            -11.4335
          ],
          [
            -40.7425,
            -11.4335
          ],
          [
            -40.7415,
            -11.4345
          ],
          [
            -40.7425,
            -11.4355
          ],
          [
            -40.7425,
            -11.4365
          ],
          [
            -40.7435,
            -11.4375
          ],
          [
            -40.7445,
            -11.4385
          ],
          [
            -40.7455,
            -11.4395
          ],
          [
            -40.7465,
            -11.4405
          ],
          [
            -40.7475,
            -11.4415
          ],
          [
            -40.7485,
            -11.4425
          ],
          [
            -40.7485,
            -11.4435
          ],
          [
            -40.7475,
            -11.4445
          ]
        ]
      },
      "properties": {
        "id": "hidro_9991",
        "tipo": "Talvegue",
        "bacia": "Bacia Hidrogr\u00e1fica do Rio S\u00e3o Francisco"
      }
    },
    {
      "type": "Feature",
      "geometry": {
        "type": "LineString",
        "coordinates": [
          [
            -39.7145,
            -11.4355
          ],
          [
            -39.7155,
            -11.4345
          ],
          [
            -39.7165,
            -11.4335
          ],
          [
            -39.7165,
            -11.4325
          ],
          [
            -39.7155,
            -11.4315
          ],
          [
            -39.7145,
            -11.4325
          ],
          [
            -39.7135,
            -11.4315
          ],
          [
            -39.7125,
            -11.4315
          ],
          [
            -39.7115,
            -11.4315
          ],
          [
            -39.7105,
            -11.4325
          ],
          [
            -39.7105,
            -11.4335
          ],
          [
            -39.7095,
            -11.4345
          ],
          [
            -39.7085,
            -11.4355
          ],
          [
            -39.7075,
            -11.4365
          ],
          [
            -39.7065,
            -11.4375
          ],
          [
            -39.7055,
            -11.4385
          ],
          [
            -39.7045,
            -11.4395
          ],
          [
            -39.7035,
            -11.4385
          ],
          [
            -39.7025,
            -11.4385
          ],
          [
            -39.7015,
            -11.4385
          ],
          [
            -39.7005,
            -11.4385
          ],
          [
            -39.6995,
            -11.4385
          ],
          [
            -39.6985,
            -11.4385
          ],
          [
            -39.6975,
            -11.4395
          ],
          [
            -39.6965,
            -11.4405
          ]
        ]
      },
      "properties": {
        "id": "hidro_10021",
        "tipo": "Drenagem Regional",
        "bacia": "Bacia Hidrogr\u00e1fica do Rio S\u00e3o Francisco"
      }
    },
    {
      "type": "Feature",
      "geometry": {
        "type": "LineString",
        "coordinates": [
          [
            -42.1895,
            -11.4605
          ],
          [
            -42.1905,
            -11.4615
          ],
          [
            -42.1915,
            -11.4625
          ],
          [
            -42.1925,
            -11.4635
          ],
          [
            -42.1935,
            -11.4635
          ],
          [
            -42.1945,
            -11.4635
          ],
          [
            -42.1955,
            -11.4635
          ],
          [
            -42.1965,
            -11.4635
          ],
          [
            -42.1955,
            -11.4645
          ],
          [
            -42.1965,
            -11.4655
          ],
          [
            -42.1975,
            -11.4665
          ],
          [
            -42.1975,
            -11.4675
          ],
          [
            -42.1975,
            -11.4685
          ],
          [
            -42.1985,
            -11.4695
          ],
          [
            -42.1985,
            -11.4705
          ],
          [
            -42.1985,
            -11.4715
          ],
          [
            -42.1995,
            -11.4725
          ],
          [
            -42.1995,
            -11.4735
          ],
          [
            -42.1985,
            -11.4745
          ]
        ]
      },
      "properties": {
        "id": "hidro_10051",
        "tipo": "Drenagem Regional",
        "bacia": "Bacia Hidrogr\u00e1fica do Rio S\u00e3o Francisco"
      }
    },
    {
      "type": "Feature",
      "geometry": {
        "type": "LineString",
        "coordinates": [
          [
            -41.1395,
            -11.4605
          ],
          [
            -41.1385,
            -11.4605
          ],
          [
            -41.1375,
            -11.4595
          ],
          [
            -41.1365,
            -11.4605
          ],
          [
            -41.1355,
            -11.4615
          ],
          [
            -41.1345,
            -11.4615
          ],
          [
            -41.1335,
            -11.4625
          ],
          [
            -41.1325,
            -11.4625
          ],
          [
            -41.1315,
            -11.4635
          ],
          [
            -41.1305,
            -11.4645
          ],
          [
            -41.1315,
            -11.4655
          ],
          [
            -41.1305,
            -11.4665
          ],
          [
            -41.1305,
            -11.4675
          ],
          [
            -41.1295,
            -11.4685
          ],
          [
            -41.1285,
            -11.4695
          ],
          [
            -41.1275,
            -11.4705
          ],
          [
            -41.1265,
            -11.4715
          ],
          [
            -41.1255,
            -11.4725
          ]
        ]
      },
      "properties": {
        "id": "hidro_10081",
        "tipo": "Drenagem Regional",
        "bacia": "Bacia Hidrogr\u00e1fica do Rio S\u00e3o Francisco"
      }
    },
    {
      "type": "Feature",
      "geometry": {
        "type": "LineString",
        "coordinates": [
          [
            -40.1895,
            -11.4605
          ],
          [
            -40.1905,
            -11.4595
          ],
          [
            -40.1915,
            -11.4585
          ],
          [
            -40.1925,
            -11.4575
          ],
          [
            -40.1935,
            -11.4565
          ],
          [
            -40.1925,
            -11.4555
          ],
          [
            -40.1925,
            -11.4545
          ],
          [
            -40.1925,
            -11.4535
          ],
          [
            -40.1915,
            -11.4525
          ],
          [
            -40.1905,
            -11.4535
          ]
        ]
      },
      "properties": {
        "id": "hidro_10111",
        "tipo": "Talvegue",
        "bacia": "Bacia Hidrogr\u00e1fica do Rio S\u00e3o Francisco"
      }
    },
    {
      "type": "Feature",
      "geometry": {
        "type": "LineString",
        "coordinates": [
          [
            -42.6395,
            -11.4855
          ],
          [
            -42.6385,
            -11.4865
          ],
          [
            -42.6375,
            -11.4875
          ],
          [
            -42.6375,
            -11.4885
          ],
          [
            -42.6385,
            -11.4895
          ],
          [
            -42.6395,
            -11.4905
          ],
          [
            -42.6405,
            -11.4915
          ],
          [
            -42.6415,
            -11.4925
          ],
          [
            -42.6425,
            -11.4935
          ],
          [
            -42.6415,
            -11.4945
          ]
        ]
      },
      "properties": {
        "id": "hidro_10141",
        "tipo": "Talvegue",
        "bacia": "Bacia Hidrogr\u00e1fica do Rio S\u00e3o Francisco"
      }
    },
    {
      "type": "Feature",
      "geometry": {
        "type": "LineString",
        "coordinates": [
          [
            -41.6645,
            -11.4855
          ],
          [
            -41.6635,
            -11.4865
          ],
          [
            -41.6625,
            -11.4865
          ],
          [
            -41.6615,
            -11.4875
          ],
          [
            -41.6605,
            -11.4885
          ],
          [
            -41.6595,
            -11.4895
          ],
          [
            -41.6605,
            -11.4905
          ],
          [
            -41.6615,
            -11.4915
          ],
          [
            -41.6625,
            -11.4925
          ],
          [
            -41.6625,
            -11.4935
          ],
          [
            -41.6615,
            -11.4945
          ],
          [
            -41.6625,
            -11.4955
          ],
          [
            -41.6615,
            -11.4965
          ],
          [
            -41.6605,
            -11.4975
          ],
          [
            -41.6595,
            -11.4985
          ],
          [
            -41.6605,
            -11.4995
          ],
          [
            -41.6615,
            -11.5005
          ],
          [
            -41.6625,
            -11.5005
          ],
          [
            -41.6615,
            -11.5015
          ]
        ]
      },
      "properties": {
        "id": "hidro_10171",
        "tipo": "Drenagem Regional",
        "bacia": "Bacia Hidrogr\u00e1fica do Rio S\u00e3o Francisco"
      }
    },
    {
      "type": "Feature",
      "geometry": {
        "type": "LineString",
        "coordinates": [
          [
            -40.6395,
            -11.4855
          ],
          [
            -40.6385,
            -11.4845
          ],
          [
            -40.6385,
            -11.4835
          ],
          [
            -40.6375,
            -11.4845
          ],
          [
            -40.6365,
            -11.4835
          ],
          [
            -40.6355,
            -11.4845
          ],
          [
            -40.6345,
            -11.4855
          ],
          [
            -40.6335,
            -11.4865
          ],
          [
            -40.6325,
            -11.4875
          ],
          [
            -40.6315,
            -11.4885
          ],
          [
            -40.6305,
            -11.4875
          ],
          [
            -40.6295,
            -11.4875
          ],
          [
            -40.6285,
            -11.4885
          ],
          [
            -40.6275,
            -11.4895
          ],
          [
            -40.6265,
            -11.4895
          ],
          [
            -40.6255,
            -11.4905
          ]
        ]
      },
      "properties": {
        "id": "hidro_10201",
        "tipo": "Drenagem Regional",
        "bacia": "Bacia Hidrogr\u00e1fica do Rio S\u00e3o Francisco"
      }
    },
    {
      "type": "Feature",
      "geometry": {
        "type": "LineString",
        "coordinates": [
          [
            -39.6645,
            -11.4855
          ],
          [
            -39.6635,
            -11.4845
          ],
          [
            -39.6625,
            -11.4835
          ],
          [
            -39.6615,
            -11.4835
          ],
          [
            -39.6605,
            -11.4835
          ],
          [
            -39.6595,
            -11.4825
          ],
          [
            -39.6585,
            -11.4825
          ],
          [
            -39.6575,
            -11.4835
          ]
        ]
      },
      "properties": {
        "id": "hidro_10231",
        "tipo": "Talvegue",
        "bacia": "Bacia Hidrogr\u00e1fica do Rio S\u00e3o Francisco"
      }
    },
    {
      "type": "Feature",
      "geometry": {
        "type": "LineString",
        "coordinates": [
          [
            -42.1395,
            -11.5105
          ],
          [
            -42.1385,
            -11.5115
          ],
          [
            -42.1375,
            -11.5125
          ],
          [
            -42.1365,
            -11.5135
          ],
          [
            -42.1355,
            -11.5135
          ],
          [
            -42.1345,
            -11.5145
          ],
          [
            -42.1335,
            -11.5155
          ],
          [
            -42.1325,
            -11.5165
          ],
          [
            -42.1315,
            -11.5175
          ],
          [
            -42.1305,
            -11.5185
          ],
          [
            -42.1295,
            -11.5195
          ],
          [
            -42.1305,
            -11.5205
          ],
          [
            -42.1295,
            -11.5215
          ],
          [
            -42.1295,
            -11.5225
          ],
          [
            -42.1305,
            -11.5235
          ],
          [
            -42.1295,
            -11.5245
          ],
          [
            -42.1295,
            -11.5255
          ],
          [
            -42.1295,
            -11.5265
          ],
          [
            -42.1295,
            -11.5275
          ],
          [
            -42.1295,
            -11.5285
          ],
          [
            -42.1295,
            -11.5295
          ],
          [
            -42.1295,
            -11.5305
          ],
          [
            -42.1295,
            -11.5315
          ],
          [
            -42.1295,
            -11.5325
          ],
          [
            -42.1295,
            -11.5335
          ]
        ]
      },
      "properties": {
        "id": "hidro_10261",
        "tipo": "Drenagem Regional",
        "bacia": "Bacia Hidrogr\u00e1fica do Rio S\u00e3o Francisco"
      }
    },
    {
      "type": "Feature",
      "geometry": {
        "type": "LineString",
        "coordinates": [
          [
            -41.1145,
            -11.5105
          ],
          [
            -41.1135,
            -11.5095
          ],
          [
            -41.1125,
            -11.5095
          ],
          [
            -41.1115,
            -11.5105
          ],
          [
            -41.1105,
            -11.5105
          ],
          [
            -41.1095,
            -11.5105
          ],
          [
            -41.1085,
            -11.5115
          ],
          [
            -41.1075,
            -11.5105
          ],
          [
            -41.1065,
            -11.5095
          ],
          [
            -41.1065,
            -11.5085
          ],
          [
            -41.1065,
            -11.5075
          ],
          [
            -41.1055,
            -11.5085
          ]
        ]
      },
      "properties": {
        "id": "hidro_10291",
        "tipo": "Talvegue",
        "bacia": "Bacia Hidrogr\u00e1fica do Rio S\u00e3o Francisco"
      }
    },
    {
      "type": "Feature",
      "geometry": {
        "type": "LineString",
        "coordinates": [
          [
            -40.0395,
            -11.5105
          ],
          [
            -40.0385,
            -11.5095
          ],
          [
            -40.0375,
            -11.5105
          ],
          [
            -40.0365,
            -11.5105
          ],
          [
            -40.0355,
            -11.5115
          ],
          [
            -40.0345,
            -11.5115
          ],
          [
            -40.0335,
            -11.5115
          ],
          [
            -40.0325,
            -11.5125
          ],
          [
            -40.0315,
            -11.5125
          ],
          [
            -40.0305,
            -11.5115
          ],
          [
            -40.0295,
            -11.5105
          ],
          [
            -40.0285,
            -11.5095
          ],
          [
            -40.0275,
            -11.5095
          ],
          [
            -40.0265,
            -11.5085
          ],
          [
            -40.0255,
            -11.5095
          ]
        ]
      },
      "properties": {
        "id": "hidro_10321",
        "tipo": "Talvegue",
        "bacia": "Bacia Hidrogr\u00e1fica do Rio S\u00e3o Francisco"
      }
    },
    {
      "type": "Feature",
      "geometry": {
        "type": "LineString",
        "coordinates": [
          [
            -42.4895,
            -11.5355
          ],
          [
            -42.4885,
            -11.5345
          ],
          [
            -42.4875,
            -11.5335
          ],
          [
            -42.4865,
            -11.5325
          ],
          [
            -42.4855,
            -11.5325
          ],
          [
            -42.4845,
            -11.5325
          ],
          [
            -42.4835,
            -11.5335
          ]
        ]
      },
      "properties": {
        "id": "hidro_10351",
        "tipo": "Talvegue",
        "bacia": "Bacia Hidrogr\u00e1fica do Rio S\u00e3o Francisco"
      }
    },
    {
      "type": "Feature",
      "geometry": {
        "type": "LineString",
        "coordinates": [
          [
            -41.4645,
            -11.5355
          ],
          [
            -41.4655,
            -11.5345
          ],
          [
            -41.4665,
            -11.5335
          ],
          [
            -41.4675,
            -11.5325
          ],
          [
            -41.4685,
            -11.5315
          ],
          [
            -41.4695,
            -11.5305
          ],
          [
            -41.4705,
            -11.5295
          ],
          [
            -41.4715,
            -11.5285
          ],
          [
            -41.4725,
            -11.5275
          ],
          [
            -41.4735,
            -11.5265
          ],
          [
            -41.4725,
            -11.5255
          ],
          [
            -41.4735,
            -11.5245
          ],
          [
            -41.4735,
            -11.5235
          ],
          [
            -41.4745,
            -11.5225
          ],
          [
            -41.4755,
            -11.5215
          ],
          [
            -41.4765,
            -11.5215
          ],
          [
            -41.4775,
            -11.5205
          ]
        ]
      },
      "properties": {
        "id": "hidro_10381",
        "tipo": "Drenagem Regional",
        "bacia": "Bacia Hidrogr\u00e1fica do Rio S\u00e3o Francisco"
      }
    },
    {
      "type": "Feature",
      "geometry": {
        "type": "LineString",
        "coordinates": [
          [
            -40.5895,
            -11.5355
          ],
          [
            -40.5905,
            -11.5365
          ],
          [
            -40.5915,
            -11.5365
          ],
          [
            -40.5925,
            -11.5365
          ],
          [
            -40.5935,
            -11.5365
          ],
          [
            -40.5945,
            -11.5375
          ],
          [
            -40.5945,
            -11.5385
          ],
          [
            -40.5935,
            -11.5395
          ]
        ]
      },
      "properties": {
        "id": "hidro_10411",
        "tipo": "Talvegue",
        "bacia": "Bacia Hidrogr\u00e1fica do Rio S\u00e3o Francisco"
      }
    },
    {
      "type": "Feature",
      "geometry": {
        "type": "LineString",
        "coordinates": [
          [
            -39.5895,
            -11.5355
          ],
          [
            -39.5905,
            -11.5355
          ],
          [
            -39.5915,
            -11.5345
          ],
          [
            -39.5915,
            -11.5335
          ],
          [
            -39.5915,
            -11.5325
          ],
          [
            -39.5905,
            -11.5335
          ]
        ]
      },
      "properties": {
        "id": "hidro_10441",
        "tipo": "Talvegue",
        "bacia": "Bacia Hidrogr\u00e1fica do Rio S\u00e3o Francisco"
      }
    },
    {
      "type": "Feature",
      "geometry": {
        "type": "LineString",
        "coordinates": [
          [
            -42.0895,
            -11.5605
          ],
          [
            -42.0905,
            -11.5595
          ],
          [
            -42.0915,
            -11.5605
          ],
          [
            -42.0925,
            -11.5615
          ],
          [
            -42.0935,
            -11.5625
          ],
          [
            -42.0945,
            -11.5635
          ],
          [
            -42.0955,
            -11.5635
          ],
          [
            -42.0965,
            -11.5635
          ],
          [
            -42.0955,
            -11.5645
          ],
          [
            -42.0965,
            -11.5655
          ],
          [
            -42.0975,
            -11.5665
          ],
          [
            -42.0975,
            -11.5675
          ],
          [
            -42.0975,
            -11.5685
          ],
          [
            -42.0965,
            -11.5695
          ],
          [
            -42.0975,
            -11.5705
          ],
          [
            -42.0975,
            -11.5715
          ],
          [
            -42.0975,
            -11.5725
          ],
          [
            -42.0975,
            -11.5735
          ],
          [
            -42.0965,
            -11.5745
          ],
          [
            -42.0975,
            -11.5755
          ],
          [
            -42.0975,
            -11.5765
          ],
          [
            -42.0975,
            -11.5775
          ],
          [
            -42.0975,
            -11.5785
          ],
          [
            -42.0965,
            -11.5795
          ],
          [
            -42.0965,
            -11.5805
          ]
        ]
      },
      "properties": {
        "id": "hidro_10471",
        "tipo": "Drenagem Regional",
        "bacia": "Bacia Hidrogr\u00e1fica do Rio S\u00e3o Francisco"
      }
    },
    {
      "type": "Feature",
      "geometry": {
        "type": "LineString",
        "coordinates": [
          [
            -41.1645,
            -11.5605
          ],
          [
            -41.1635,
            -11.5595
          ],
          [
            -41.1625,
            -11.5585
          ],
          [
            -41.1615,
            -11.5575
          ],
          [
            -41.1605,
            -11.5565
          ],
          [
            -41.1595,
            -11.5555
          ],
          [
            -41.1585,
            -11.5545
          ],
          [
            -41.1575,
            -11.5535
          ],
          [
            -41.1565,
            -11.5535
          ],
          [
            -41.1555,
            -11.5545
          ],
          [
            -41.1545,
            -11.5535
          ],
          [
            -41.1535,
            -11.5545
          ],
          [
            -41.1525,
            -11.5535
          ],
          [
            -41.1515,
            -11.5525
          ],
          [
            -41.1505,
            -11.5525
          ],
          [
            -41.1495,
            -11.5525
          ],
          [
            -41.1485,
            -11.5525
          ],
          [
            -41.1475,
            -11.5525
          ],
          [
            -41.1465,
            -11.5535
          ],
          [
            -41.1455,
            -11.5545
          ],
          [
            -41.1445,
            -11.5535
          ],
          [
            -41.1435,
            -11.5535
          ],
          [
            -41.1425,
            -11.5535
          ],
          [
            -41.1415,
            -11.5535
          ],
          [
            -41.1405,
            -11.5525
          ]
        ]
      },
      "properties": {
        "id": "hidro_10501",
        "tipo": "Drenagem Regional",
        "bacia": "Bacia Hidrogr\u00e1fica do Rio S\u00e3o Francisco"
      }
    },
    {
      "type": "Feature",
      "geometry": {
        "type": "LineString",
        "coordinates": [
          [
            -40.0145,
            -11.5605
          ],
          [
            -40.0155,
            -11.5595
          ],
          [
            -40.0165,
            -11.5585
          ],
          [
            -40.0165,
            -11.5575
          ],
          [
            -40.0175,
            -11.5565
          ],
          [
            -40.0185,
            -11.5555
          ],
          [
            -40.0185,
            -11.5545
          ],
          [
            -40.0185,
            -11.5535
          ],
          [
            -40.0195,
            -11.5525
          ],
          [
            -40.0195,
            -11.5515
          ],
          [
            -40.0205,
            -11.5505
          ],
          [
            -40.0205,
            -11.5495
          ],
          [
            -40.0195,
            -11.5485
          ],
          [
            -40.0185,
            -11.5495
          ]
        ]
      },
      "properties": {
        "id": "hidro_10531",
        "tipo": "Talvegue",
        "bacia": "Bacia Hidrogr\u00e1fica do Rio S\u00e3o Francisco"
      }
    },
    {
      "type": "Feature",
      "geometry": {
        "type": "LineString",
        "coordinates": [
          [
            -42.3895,
            -11.5855
          ],
          [
            -42.3885,
            -11.5865
          ],
          [
            -42.3885,
            -11.5875
          ],
          [
            -42.3895,
            -11.5885
          ],
          [
            -42.3905,
            -11.5895
          ],
          [
            -42.3915,
            -11.5905
          ],
          [
            -42.3925,
            -11.5915
          ],
          [
            -42.3935,
            -11.5925
          ],
          [
            -42.3945,
            -11.5935
          ],
          [
            -42.3955,
            -11.5935
          ],
          [
            -42.3965,
            -11.5935
          ],
          [
            -42.3975,
            -11.5935
          ],
          [
            -42.3985,
            -11.5935
          ],
          [
            -42.3975,
            -11.5945
          ],
          [
            -42.3985,
            -11.5955
          ],
          [
            -42.3985,
            -11.5965
          ],
          [
            -42.3975,
            -11.5975
          ],
          [
            -42.3965,
            -11.5985
          ],
          [
            -42.3955,
            -11.5985
          ],
          [
            -42.3945,
            -11.5995
          ],
          [
            -42.3945,
            -11.6005
          ],
          [
            -42.3935,
            -11.6015
          ],
          [
            -42.3925,
            -11.6005
          ],
          [
            -42.3915,
            -11.6015
          ],
          [
            -42.3905,
            -11.6025
          ]
        ]
      },
      "properties": {
        "id": "hidro_10561",
        "tipo": "Drenagem Regional",
        "bacia": "Bacia Hidrogr\u00e1fica do Rio S\u00e3o Francisco"
      }
    },
    {
      "type": "Feature",
      "geometry": {
        "type": "LineString",
        "coordinates": [
          [
            -41.5645,
            -11.5855
          ],
          [
            -41.5655,
            -11.5845
          ],
          [
            -41.5665,
            -11.5835
          ],
          [
            -41.5675,
            -11.5825
          ],
          [
            -41.5675,
            -11.5815
          ],
          [
            -41.5665,
            -11.5825
          ]
        ]
      },
      "properties": {
        "id": "hidro_10591",
        "tipo": "Talvegue",
        "bacia": "Bacia Hidrogr\u00e1fica do Rio S\u00e3o Francisco"
      }
    },
    {
      "type": "Feature",
      "geometry": {
        "type": "LineString",
        "coordinates": [
          [
            -40.5645,
            -11.5855
          ],
          [
            -40.5655,
            -11.5865
          ],
          [
            -40.5665,
            -11.5875
          ],
          [
            -40.5675,
            -11.5865
          ],
          [
            -40.5685,
            -11.5855
          ],
          [
            -40.5695,
            -11.5845
          ],
          [
            -40.5705,
            -11.5855
          ],
          [
            -40.5715,
            -11.5845
          ],
          [
            -40.5725,
            -11.5835
          ],
          [
            -40.5735,
            -11.5825
          ],
          [
            -40.5745,
            -11.5815
          ],
          [
            -40.5755,
            -11.5805
          ],
          [
            -40.5765,
            -11.5805
          ],
          [
            -40.5775,
            -11.5795
          ],
          [
            -40.5785,
            -11.5785
          ]
        ]
      },
      "properties": {
        "id": "hidro_10621",
        "tipo": "Talvegue",
        "bacia": "Bacia Hidrogr\u00e1fica do Rio S\u00e3o Francisco"
      }
    },
    {
      "type": "Feature",
      "geometry": {
        "type": "LineString",
        "coordinates": [
          [
            -39.6395,
            -11.5855
          ],
          [
            -39.6405,
            -11.5865
          ],
          [
            -39.6405,
            -11.5875
          ],
          [
            -39.6395,
            -11.5885
          ],
          [
            -39.6395,
            -11.5895
          ],
          [
            -39.6385,
            -11.5905
          ]
        ]
      },
      "properties": {
        "id": "hidro_10651",
        "tipo": "Talvegue",
        "bacia": "Bacia Hidrogr\u00e1fica do Rio S\u00e3o Francisco"
      }
    },
    {
      "type": "Feature",
      "geometry": {
        "type": "LineString",
        "coordinates": [
          [
            -41.9895,
            -11.6105
          ],
          [
            -41.9905,
            -11.6115
          ],
          [
            -41.9915,
            -11.6125
          ],
          [
            -41.9925,
            -11.6125
          ],
          [
            -41.9935,
            -11.6135
          ],
          [
            -41.9945,
            -11.6135
          ],
          [
            -41.9955,
            -11.6125
          ],
          [
            -41.9965,
            -11.6125
          ],
          [
            -41.9975,
            -11.6135
          ],
          [
            -41.9985,
            -11.6125
          ],
          [
            -41.9995,
            -11.6125
          ],
          [
            -42.0005,
            -11.6125
          ],
          [
            -42.0015,
            -11.6125
          ],
          [
            -42.0025,
            -11.6125
          ],
          [
            -42.0035,
            -11.6125
          ],
          [
            -42.0045,
            -11.6125
          ],
          [
            -42.0055,
            -11.6125
          ],
          [
            -42.0065,
            -11.6125
          ],
          [
            -42.0075,
            -11.6135
          ],
          [
            -42.0085,
            -11.6135
          ],
          [
            -42.0095,
            -11.6135
          ],
          [
            -42.0105,
            -11.6135
          ],
          [
            -42.0115,
            -11.6135
          ],
          [
            -42.0125,
            -11.6135
          ],
          [
            -42.0135,
            -11.6135
          ]
        ]
      },
      "properties": {
        "id": "hidro_10681",
        "tipo": "Drenagem Regional",
        "bacia": "Bacia Hidrogr\u00e1fica do Rio S\u00e3o Francisco"
      }
    },
    {
      "type": "Feature",
      "geometry": {
        "type": "LineString",
        "coordinates": [
          [
            -40.9395,
            -11.6105
          ],
          [
            -40.9385,
            -11.6115
          ],
          [
            -40.9375,
            -11.6115
          ],
          [
            -40.9365,
            -11.6115
          ],
          [
            -40.9355,
            -11.6125
          ],
          [
            -40.9345,
            -11.6125
          ],
          [
            -40.9335,
            -11.6115
          ],
          [
            -40.9325,
            -11.6125
          ],
          [
            -40.9315,
            -11.6135
          ]
        ]
      },
      "properties": {
        "id": "hidro_10711",
        "tipo": "Talvegue",
        "bacia": "Bacia Hidrogr\u00e1fica do Rio S\u00e3o Francisco"
      }
    },
    {
      "type": "Feature",
      "geometry": {
        "type": "LineString",
        "coordinates": [
          [
            -39.7145,
            -11.6105
          ],
          [
            -39.7135,
            -11.6095
          ],
          [
            -39.7125,
            -11.6085
          ],
          [
            -39.7115,
            -11.6095
          ],
          [
            -39.7105,
            -11.6105
          ],
          [
            -39.7095,
            -11.6105
          ],
          [
            -39.7085,
            -11.6115
          ],
          [
            -39.7075,
            -11.6125
          ],
          [
            -39.7065,
            -11.6135
          ],
          [
            -39.7055,
            -11.6135
          ],
          [
            -39.7045,
            -11.6145
          ],
          [
            -39.7055,
            -11.6155
          ],
          [
            -39.7045,
            -11.6165
          ],
          [
            -39.7055,
            -11.6175
          ],
          [
            -39.7045,
            -11.6185
          ],
          [
            -39.7035,
            -11.6195
          ],
          [
            -39.7025,
            -11.6205
          ],
          [
            -39.7015,
            -11.6215
          ],
          [
            -39.7005,
            -11.6225
          ]
        ]
      },
      "properties": {
        "id": "hidro_10741",
        "tipo": "Drenagem Regional",
        "bacia": "Bacia Hidrogr\u00e1fica do Rio S\u00e3o Francisco"
      }
    },
    {
      "type": "Feature",
      "geometry": {
        "type": "LineString",
        "coordinates": [
          [
            -42.1895,
            -11.6355
          ],
          [
            -42.1905,
            -11.6345
          ],
          [
            -42.1915,
            -11.6355
          ],
          [
            -42.1925,
            -11.6365
          ],
          [
            -42.1935,
            -11.6365
          ],
          [
            -42.1945,
            -11.6355
          ],
          [
            -42.1955,
            -11.6355
          ],
          [
            -42.1965,
            -11.6345
          ],
          [
            -42.1975,
            -11.6335
          ],
          [
            -42.1975,
            -11.6325
          ],
          [
            -42.1985,
            -11.6315
          ],
          [
            -42.1995,
            -11.6315
          ],
          [
            -42.1985,
            -11.6325
          ]
        ]
      },
      "properties": {
        "id": "hidro_10771",
        "tipo": "Talvegue",
        "bacia": "Bacia Hidrogr\u00e1fica do Rio S\u00e3o Francisco"
      }
    },
    {
      "type": "Feature",
      "geometry": {
        "type": "LineString",
        "coordinates": [
          [
            -41.1895,
            -11.6355
          ],
          [
            -41.1905,
            -11.6365
          ],
          [
            -41.1905,
            -11.6375
          ],
          [
            -41.1905,
            -11.6385
          ],
          [
            -41.1915,
            -11.6395
          ],
          [
            -41.1925,
            -11.6405
          ],
          [
            -41.1935,
            -11.6415
          ],
          [
            -41.1945,
            -11.6425
          ],
          [
            -41.1945,
            -11.6435
          ],
          [
            -41.1935,
            -11.6445
          ],
          [
            -41.1945,
            -11.6455
          ],
          [
            -41.1955,
            -11.6465
          ],
          [
            -41.1965,
            -11.6475
          ],
          [
            -41.1965,
            -11.6485
          ],
          [
            -41.1965,
            -11.6495
          ],
          [
            -41.1975,
            -11.6505
          ],
          [
            -41.1985,
            -11.6515
          ],
          [
            -41.1995,
            -11.6525
          ],
          [
            -41.2005,
            -11.6535
          ],
          [
            -41.2015,
            -11.6535
          ],
          [
            -41.2005,
            -11.6545
          ]
        ]
      },
      "properties": {
        "id": "hidro_10801",
        "tipo": "Drenagem Regional",
        "bacia": "Bacia Hidrogr\u00e1fica do Rio S\u00e3o Francisco"
      }
    },
    {
      "type": "Feature",
      "geometry": {
        "type": "LineString",
        "coordinates": [
          [
            -40.2395,
            -11.6355
          ],
          [
            -40.2395,
            -11.6345
          ],
          [
            -40.2395,
            -11.6335
          ],
          [
            -40.2405,
            -11.6325
          ],
          [
            -40.2405,
            -11.6315
          ],
          [
            -40.2395,
            -11.6325
          ]
        ]
      },
      "properties": {
        "id": "hidro_10831",
        "tipo": "Talvegue",
        "bacia": "Bacia Hidrogr\u00e1fica do Rio S\u00e3o Francisco"
      }
    },
    {
      "type": "Feature",
      "geometry": {
        "type": "LineString",
        "coordinates": [
          [
            -42.5145,
            -11.6605
          ],
          [
            -42.5145,
            -11.6595
          ],
          [
            -42.5145,
            -11.6585
          ],
          [
            -42.5145,
            -11.6575
          ],
          [
            -42.5135,
            -11.6585
          ],
          [
            -42.5125,
            -11.6585
          ],
          [
            -42.5115,
            -11.6585
          ],
          [
            -42.5105,
            -11.6585
          ],
          [
            -42.5095,
            -11.6595
          ]
        ]
      },
      "properties": {
        "id": "hidro_10861",
        "tipo": "Talvegue",
        "bacia": "Bacia Hidrogr\u00e1fica do Rio S\u00e3o Francisco"
      }
    },
    {
      "type": "Feature",
      "geometry": {
        "type": "LineString",
        "coordinates": [
          [
            -41.3145,
            -11.6605
          ],
          [
            -41.3155,
            -11.6615
          ],
          [
            -41.3165,
            -11.6625
          ],
          [
            -41.3175,
            -11.6635
          ],
          [
            -41.3165,
            -11.6645
          ],
          [
            -41.3175,
            -11.6655
          ],
          [
            -41.3185,
            -11.6665
          ],
          [
            -41.3185,
            -11.6675
          ],
          [
            -41.3175,
            -11.6685
          ],
          [
            -41.3165,
            -11.6695
          ],
          [
            -41.3155,
            -11.6705
          ],
          [
            -41.3145,
            -11.6715
          ],
          [
            -41.3145,
            -11.6725
          ],
          [
            -41.3145,
            -11.6735
          ],
          [
            -41.3135,
            -11.6745
          ],
          [
            -41.3145,
            -11.6755
          ],
          [
            -41.3145,
            -11.6765
          ],
          [
            -41.3155,
            -11.6775
          ],
          [
            -41.3145,
            -11.6785
          ],
          [
            -41.3135,
            -11.6795
          ],
          [
            -41.3145,
            -11.6805
          ],
          [
            -41.3155,
            -11.6815
          ],
          [
            -41.3165,
            -11.6815
          ],
          [
            -41.3175,
            -11.6815
          ],
          [
            -41.3185,
            -11.6815
          ]
        ]
      },
      "properties": {
        "id": "hidro_10891",
        "tipo": "Drenagem Regional",
        "bacia": "Bacia Hidrogr\u00e1fica do Rio S\u00e3o Francisco"
      }
    },
    {
      "type": "Feature",
      "geometry": {
        "type": "LineString",
        "coordinates": [
          [
            -40.3645,
            -11.6605
          ],
          [
            -40.3635,
            -11.6615
          ],
          [
            -40.3645,
            -11.6625
          ],
          [
            -40.3645,
            -11.6635
          ],
          [
            -40.3635,
            -11.6645
          ],
          [
            -40.3645,
            -11.6655
          ],
          [
            -40.3655,
            -11.6655
          ],
          [
            -40.3665,
            -11.6655
          ],
          [
            -40.3655,
            -11.6665
          ],
          [
            -40.3645,
            -11.6675
          ],
          [
            -40.3655,
            -11.6685
          ],
          [
            -40.3665,
            -11.6685
          ],
          [
            -40.3655,
            -11.6695
          ]
        ]
      },
      "properties": {
        "id": "hidro_10921",
        "tipo": "Talvegue",
        "bacia": "Bacia Hidrogr\u00e1fica do Rio S\u00e3o Francisco"
      }
    },
    {
      "type": "Feature",
      "geometry": {
        "type": "LineString",
        "coordinates": [
          [
            -42.6145,
            -11.6855
          ],
          [
            -42.6155,
            -11.6845
          ],
          [
            -42.6165,
            -11.6835
          ],
          [
            -42.6175,
            -11.6825
          ],
          [
            -42.6185,
            -11.6815
          ],
          [
            -42.6195,
            -11.6805
          ],
          [
            -42.6205,
            -11.6795
          ],
          [
            -42.6215,
            -11.6795
          ],
          [
            -42.6225,
            -11.6805
          ],
          [
            -42.6235,
            -11.6815
          ],
          [
            -42.6245,
            -11.6815
          ],
          [
            -42.6255,
            -11.6825
          ],
          [
            -42.6255,
            -11.6835
          ],
          [
            -42.6245,
            -11.6845
          ]
        ]
      },
      "properties": {
        "id": "hidro_10951",
        "tipo": "Talvegue",
        "bacia": "Bacia Hidrogr\u00e1fica do Rio S\u00e3o Francisco"
      }
    },
    {
      "type": "Feature",
      "geometry": {
        "type": "LineString",
        "coordinates": [
          [
            -41.6895,
            -11.6855
          ],
          [
            -41.6885,
            -11.6865
          ],
          [
            -41.6875,
            -11.6875
          ],
          [
            -41.6865,
            -11.6885
          ],
          [
            -41.6855,
            -11.6895
          ],
          [
            -41.6845,
            -11.6885
          ],
          [
            -41.6835,
            -11.6885
          ],
          [
            -41.6825,
            -11.6885
          ],
          [
            -41.6815,
            -11.6885
          ],
          [
            -41.6805,
            -11.6875
          ],
          [
            -41.6795,
            -11.6875
          ],
          [
            -41.6785,
            -11.6865
          ],
          [
            -41.6775,
            -11.6865
          ],
          [
            -41.6765,
            -11.6865
          ],
          [
            -41.6755,
            -11.6875
          ],
          [
            -41.6745,
            -11.6865
          ],
          [
            -41.6735,
            -11.6875
          ]
        ]
      },
      "properties": {
        "id": "hidro_10981",
        "tipo": "Drenagem Regional",
        "bacia": "Bacia Hidrogr\u00e1fica do Rio S\u00e3o Francisco"
      }
    },
    {
      "type": "Feature",
      "geometry": {
        "type": "LineString",
        "coordinates": [
          [
            -40.5895,
            -11.6855
          ],
          [
            -40.5905,
            -11.6865
          ],
          [
            -40.5915,
            -11.6875
          ],
          [
            -40.5905,
            -11.6885
          ],
          [
            -40.5905,
            -11.6895
          ],
          [
            -40.5905,
            -11.6905
          ],
          [
            -40.5895,
            -11.6915
          ]
        ]
      },
      "properties": {
        "id": "hidro_11011",
        "tipo": "Talvegue",
        "bacia": "Bacia Hidrogr\u00e1fica do Rio S\u00e3o Francisco"
      }
    },
    {
      "type": "Feature",
      "geometry": {
        "type": "LineString",
        "coordinates": [
          [
            -42.7895,
            -11.7105
          ],
          [
            -42.7905,
            -11.7115
          ],
          [
            -42.7905,
            -11.7125
          ],
          [
            -42.7905,
            -11.7135
          ],
          [
            -42.7895,
            -11.7145
          ],
          [
            -42.7905,
            -11.7155
          ],
          [
            -42.7915,
            -11.7165
          ],
          [
            -42.7925,
            -11.7175
          ],
          [
            -42.7935,
            -11.7185
          ],
          [
            -42.7925,
            -11.7195
          ],
          [
            -42.7935,
            -11.7205
          ],
          [
            -42.7945,
            -11.7215
          ],
          [
            -42.7955,
            -11.7225
          ],
          [
            -42.7945,
            -11.7235
          ],
          [
            -42.7935,
            -11.7245
          ],
          [
            -42.7945,
            -11.7255
          ],
          [
            -42.7945,
            -11.7265
          ],
          [
            -42.7945,
            -11.7275
          ],
          [
            -42.7935,
            -11.7285
          ],
          [
            -42.7925,
            -11.7275
          ],
          [
            -42.7915,
            -11.7285
          ],
          [
            -42.7905,
            -11.7295
          ],
          [
            -42.7905,
            -11.7305
          ],
          [
            -42.7905,
            -11.7315
          ],
          [
            -42.7895,
            -11.7325
          ]
        ]
      },
      "properties": {
        "id": "hidro_11041",
        "tipo": "Drenagem Regional",
        "bacia": "Bacia Hidrogr\u00e1fica do Rio S\u00e3o Francisco"
      }
    },
    {
      "type": "Feature",
      "geometry": {
        "type": "LineString",
        "coordinates": [
          [
            -41.8145,
            -11.7105
          ],
          [
            -41.8155,
            -11.7115
          ],
          [
            -41.8165,
            -11.7125
          ],
          [
            -41.8175,
            -11.7135
          ],
          [
            -41.8185,
            -11.7135
          ],
          [
            -41.8195,
            -11.7135
          ],
          [
            -41.8205,
            -11.7135
          ],
          [
            -41.8215,
            -11.7135
          ],
          [
            -41.8225,
            -11.7135
          ],
          [
            -41.8235,
            -11.7135
          ],
          [
            -41.8245,
            -11.7125
          ],
          [
            -41.8255,
            -11.7115
          ],
          [
            -41.8265,
            -11.7115
          ],
          [
            -41.8275,
            -11.7105
          ]
        ]
      },
      "properties": {
        "id": "hidro_11071",
        "tipo": "Talvegue",
        "bacia": "Bacia Hidrogr\u00e1fica do Rio S\u00e3o Francisco"
      }
    },
    {
      "type": "Feature",
      "geometry": {
        "type": "LineString",
        "coordinates": [
          [
            -40.8395,
            -11.7105
          ],
          [
            -40.8385,
            -11.7095
          ],
          [
            -40.8385,
            -11.7085
          ],
          [
            -40.8385,
            -11.7075
          ],
          [
            -40.8375,
            -11.7065
          ],
          [
            -40.8365,
            -11.7065
          ],
          [
            -40.8355,
            -11.7075
          ]
        ]
      },
      "properties": {
        "id": "hidro_11101",
        "tipo": "Talvegue",
        "bacia": "Bacia Hidrogr\u00e1fica do Rio S\u00e3o Francisco"
      }
    },
    {
      "type": "Feature",
      "geometry": {
        "type": "LineString",
        "coordinates": [
          [
            -39.7895,
            -11.7105
          ],
          [
            -39.7885,
            -11.7115
          ],
          [
            -39.7875,
            -11.7125
          ],
          [
            -39.7875,
            -11.7135
          ],
          [
            -39.7865,
            -11.7145
          ],
          [
            -39.7865,
            -11.7155
          ],
          [
            -39.7865,
            -11.7165
          ],
          [
            -39.7865,
            -11.7175
          ],
          [
            -39.7865,
            -11.7185
          ],
          [
            -39.7855,
            -11.7195
          ],
          [
            -39.7845,
            -11.7205
          ],
          [
            -39.7835,
            -11.7205
          ],
          [
            -39.7825,
            -11.7215
          ],
          [
            -39.7835,
            -11.7225
          ],
          [
            -39.7825,
            -11.7235
          ],
          [
            -39.7815,
            -11.7245
          ],
          [
            -39.7815,
            -11.7255
          ],
          [
            -39.7805,
            -11.7265
          ],
          [
            -39.7795,
            -11.7275
          ],
          [
            -39.7785,
            -11.7275
          ],
          [
            -39.7775,
            -11.7285
          ],
          [
            -39.7765,
            -11.7285
          ],
          [
            -39.7755,
            -11.7285
          ],
          [
            -39.7745,
            -11.7295
          ],
          [
            -39.7735,
            -11.7285
          ]
        ]
      },
      "properties": {
        "id": "hidro_11131",
        "tipo": "Drenagem Regional",
        "bacia": "Bacia Hidrogr\u00e1fica do Rio S\u00e3o Francisco"
      }
    },
    {
      "type": "Feature",
      "geometry": {
        "type": "LineString",
        "coordinates": [
          [
            -42.1895,
            -11.7355
          ],
          [
            -42.1905,
            -11.7365
          ],
          [
            -42.1915,
            -11.7375
          ],
          [
            -42.1925,
            -11.7385
          ],
          [
            -42.1935,
            -11.7395
          ],
          [
            -42.1945,
            -11.7405
          ],
          [
            -42.1955,
            -11.7415
          ],
          [
            -42.1965,
            -11.7425
          ],
          [
            -42.1975,
            -11.7435
          ],
          [
            -42.1985,
            -11.7435
          ],
          [
            -42.1995,
            -11.7435
          ],
          [
            -42.2005,
            -11.7435
          ],
          [
            -42.2015,
            -11.7435
          ],
          [
            -42.2025,
            -11.7435
          ],
          [
            -42.2015,
            -11.7445
          ],
          [
            -42.2015,
            -11.7455
          ],
          [
            -42.2025,
            -11.7465
          ],
          [
            -42.2025,
            -11.7475
          ],
          [
            -42.2025,
            -11.7485
          ],
          [
            -42.2025,
            -11.7495
          ],
          [
            -42.2035,
            -11.7505
          ],
          [
            -42.2035,
            -11.7515
          ],
          [
            -42.2045,
            -11.7525
          ],
          [
            -42.2055,
            -11.7535
          ],
          [
            -42.2065,
            -11.7535
          ]
        ]
      },
      "properties": {
        "id": "hidro_11161",
        "tipo": "Drenagem Regional",
        "bacia": "Bacia Hidrogr\u00e1fica do Rio S\u00e3o Francisco"
      }
    },
    {
      "type": "Feature",
      "geometry": {
        "type": "LineString",
        "coordinates": [
          [
            -41.0145,
            -11.7355
          ],
          [
            -41.0135,
            -11.7365
          ],
          [
            -41.0125,
            -11.7375
          ],
          [
            -41.0115,
            -11.7375
          ],
          [
            -41.0105,
            -11.7385
          ],
          [
            -41.0095,
            -11.7385
          ],
          [
            -41.0085,
            -11.7375
          ],
          [
            -41.0085,
            -11.7365
          ],
          [
            -41.0075,
            -11.7355
          ],
          [
            -41.0065,
            -11.7355
          ],
          [
            -41.0055,
            -11.7365
          ],
          [
            -41.0045,
            -11.7355
          ],
          [
            -41.0035,
            -11.7355
          ],
          [
            -41.0025,
            -11.7365
          ],
          [
            -41.0015,
            -11.7355
          ],
          [
            -41.0005,
            -11.7355
          ],
          [
            -40.9995,
            -11.7345
          ],
          [
            -40.9995,
            -11.7335
          ],
          [
            -40.9985,
            -11.7325
          ],
          [
            -40.9975,
            -11.7315
          ],
          [
            -40.9965,
            -11.7305
          ],
          [
            -40.9955,
            -11.7315
          ]
        ]
      },
      "properties": {
        "id": "hidro_11191",
        "tipo": "Drenagem Regional",
        "bacia": "Bacia Hidrogr\u00e1fica do Rio S\u00e3o Francisco"
      }
    },
    {
      "type": "Feature",
      "geometry": {
        "type": "LineString",
        "coordinates": [
          [
            -39.9395,
            -11.7355
          ],
          [
            -39.9395,
            -11.7345
          ],
          [
            -39.9395,
            -11.7335
          ],
          [
            -39.9395,
            -11.7325
          ],
          [
            -39.9385,
            -11.7335
          ],
          [
            -39.9375,
            -11.7335
          ],
          [
            -39.9365,
            -11.7335
          ],
          [
            -39.9355,
            -11.7345
          ],
          [
            -39.9345,
            -11.7355
          ],
          [
            -39.9335,
            -11.7365
          ]
        ]
      },
      "properties": {
        "id": "hidro_11221",
        "tipo": "Talvegue",
        "bacia": "Bacia Hidrogr\u00e1fica do Rio S\u00e3o Francisco"
      }
    },
    {
      "type": "Feature",
      "geometry": {
        "type": "LineString",
        "coordinates": [
          [
            -42.3895,
            -11.7605
          ],
          [
            -42.3905,
            -11.7615
          ],
          [
            -42.3915,
            -11.7615
          ],
          [
            -42.3925,
            -11.7615
          ],
          [
            -42.3935,
            -11.7615
          ],
          [
            -42.3945,
            -11.7615
          ],
          [
            -42.3955,
            -11.7605
          ]
        ]
      },
      "properties": {
        "id": "hidro_11251",
        "tipo": "Talvegue",
        "bacia": "Bacia Hidrogr\u00e1fica do Rio S\u00e3o Francisco"
      }
    },
    {
      "type": "Feature",
      "geometry": {
        "type": "LineString",
        "coordinates": [
          [
            -41.2395,
            -11.7605
          ],
          [
            -41.2385,
            -11.7595
          ],
          [
            -41.2375,
            -11.7585
          ],
          [
            -41.2365,
            -11.7575
          ],
          [
            -41.2365,
            -11.7565
          ],
          [
            -41.2365,
            -11.7555
          ],
          [
            -41.2365,
            -11.7545
          ],
          [
            -41.2365,
            -11.7535
          ],
          [
            -41.2365,
            -11.7525
          ],
          [
            -41.2355,
            -11.7535
          ],
          [
            -41.2345,
            -11.7535
          ],
          [
            -41.2335,
            -11.7525
          ],
          [
            -41.2325,
            -11.7515
          ],
          [
            -41.2315,
            -11.7515
          ],
          [
            -41.2305,
            -11.7505
          ],
          [
            -41.2295,
            -11.7495
          ],
          [
            -41.2285,
            -11.7505
          ],
          [
            -41.2275,
            -11.7505
          ],
          [
            -41.2265,
            -11.7495
          ],
          [
            -41.2265,
            -11.7485
          ],
          [
            -41.2255,
            -11.7495
          ]
        ]
      },
      "properties": {
        "id": "hidro_11281",
        "tipo": "Drenagem Regional",
        "bacia": "Bacia Hidrogr\u00e1fica do Rio S\u00e3o Francisco"
      }
    },
    {
      "type": "Feature",
      "geometry": {
        "type": "LineString",
        "coordinates": [
          [
            -39.7645,
            -11.7605
          ],
          [
            -39.7635,
            -11.7605
          ],
          [
            -39.7625,
            -11.7615
          ],
          [
            -39.7615,
            -11.7625
          ],
          [
            -39.7605,
            -11.7635
          ],
          [
            -39.7595,
            -11.7635
          ],
          [
            -39.7585,
            -11.7645
          ],
          [
            -39.7575,
            -11.7655
          ],
          [
            -39.7565,
            -11.7655
          ],
          [
            -39.7555,
            -11.7655
          ],
          [
            -39.7545,
            -11.7665
          ],
          [
            -39.7535,
            -11.7655
          ],
          [
            -39.7525,
            -11.7655
          ],
          [
            -39.7515,
            -11.7645
          ],
          [
            -39.7505,
            -11.7635
          ],
          [
            -39.7495,
            -11.7625
          ],
          [
            -39.7485,
            -11.7635
          ]
        ]
      },
      "properties": {
        "id": "hidro_11311",
        "tipo": "Drenagem Regional",
        "bacia": "Bacia Hidrogr\u00e1fica do Rio S\u00e3o Francisco"
      }
    },
    {
      "type": "Feature",
      "geometry": {
        "type": "LineString",
        "coordinates": [
          [
            -42.2895,
            -11.7855
          ],
          [
            -42.2905,
            -11.7855
          ],
          [
            -42.2915,
            -11.7855
          ],
          [
            -42.2925,
            -11.7855
          ],
          [
            -42.2935,
            -11.7865
          ],
          [
            -42.2945,
            -11.7875
          ],
          [
            -42.2955,
            -11.7885
          ],
          [
            -42.2965,
            -11.7885
          ],
          [
            -42.2975,
            -11.7885
          ],
          [
            -42.2985,
            -11.7885
          ],
          [
            -42.2995,
            -11.7885
          ],
          [
            -42.2985,
            -11.7895
          ]
        ]
      },
      "properties": {
        "id": "hidro_11341",
        "tipo": "Talvegue",
        "bacia": "Bacia Hidrogr\u00e1fica do Rio S\u00e3o Francisco"
      }
    },
    {
      "type": "Feature",
      "geometry": {
        "type": "LineString",
        "coordinates": [
          [
            -41.1895,
            -11.7855
          ],
          [
            -41.1885,
            -11.7845
          ],
          [
            -41.1875,
            -11.7835
          ],
          [
            -41.1875,
            -11.7825
          ],
          [
            -41.1865,
            -11.7815
          ],
          [
            -41.1865,
            -11.7805
          ],
          [
            -41.1875,
            -11.7795
          ],
          [
            -41.1875,
            -11.7785
          ],
          [
            -41.1875,
            -11.7775
          ],
          [
            -41.1875,
            -11.7765
          ],
          [
            -41.1875,
            -11.7755
          ],
          [
            -41.1865,
            -11.7765
          ]
        ]
      },
      "properties": {
        "id": "hidro_11371",
        "tipo": "Talvegue",
        "bacia": "Bacia Hidrogr\u00e1fica do Rio S\u00e3o Francisco"
      }
    },
    {
      "type": "Feature",
      "geometry": {
        "type": "LineString",
        "coordinates": [
          [
            -40.1145,
            -11.7855
          ],
          [
            -40.1135,
            -11.7855
          ],
          [
            -40.1125,
            -11.7865
          ],
          [
            -40.1115,
            -11.7875
          ],
          [
            -40.1105,
            -11.7875
          ],
          [
            -40.1095,
            -11.7875
          ],
          [
            -40.1085,
            -11.7885
          ]
        ]
      },
      "properties": {
        "id": "hidro_11401",
        "tipo": "Talvegue",
        "bacia": "Bacia Hidrogr\u00e1fica do Rio S\u00e3o Francisco"
      }
    },
    {
      "type": "Feature",
      "geometry": {
        "type": "LineString",
        "coordinates": [
          [
            -42.4895,
            -11.8105
          ],
          [
            -42.4905,
            -11.8115
          ],
          [
            -42.4915,
            -11.8115
          ],
          [
            -42.4925,
            -11.8125
          ],
          [
            -42.4935,
            -11.8135
          ],
          [
            -42.4945,
            -11.8135
          ],
          [
            -42.4955,
            -11.8135
          ],
          [
            -42.4965,
            -11.8135
          ],
          [
            -42.4975,
            -11.8135
          ],
          [
            -42.4985,
            -11.8135
          ],
          [
            -42.4995,
            -11.8135
          ],
          [
            -42.5005,
            -11.8125
          ],
          [
            -42.5015,
            -11.8115
          ],
          [
            -42.5025,
            -11.8105
          ],
          [
            -42.5035,
            -11.8095
          ],
          [
            -42.5045,
            -11.8095
          ],
          [
            -42.5055,
            -11.8085
          ],
          [
            -42.5065,
            -11.8075
          ],
          [
            -42.5065,
            -11.8065
          ],
          [
            -42.5075,
            -11.8055
          ],
          [
            -42.5085,
            -11.8045
          ],
          [
            -42.5085,
            -11.8035
          ],
          [
            -42.5075,
            -11.8045
          ]
        ]
      },
      "properties": {
        "id": "hidro_11431",
        "tipo": "Drenagem Regional",
        "bacia": "Bacia Hidrogr\u00e1fica do Rio S\u00e3o Francisco"
      }
    },
    {
      "type": "Feature",
      "geometry": {
        "type": "LineString",
        "coordinates": [
          [
            -41.3895,
            -11.8105
          ],
          [
            -41.3885,
            -11.8095
          ],
          [
            -41.3875,
            -11.8105
          ],
          [
            -41.3865,
            -11.8105
          ],
          [
            -41.3855,
            -11.8115
          ],
          [
            -41.3845,
            -11.8125
          ],
          [
            -41.3835,
            -11.8115
          ],
          [
            -41.3825,
            -11.8105
          ],
          [
            -41.3825,
            -11.8095
          ],
          [
            -41.3815,
            -11.8105
          ]
        ]
      },
      "properties": {
        "id": "hidro_11461",
        "tipo": "Talvegue",
        "bacia": "Bacia Hidrogr\u00e1fica do Rio S\u00e3o Francisco"
      }
    },
    {
      "type": "Feature",
      "geometry": {
        "type": "LineString",
        "coordinates": [
          [
            -40.2895,
            -11.8105
          ],
          [
            -40.2885,
            -11.8095
          ],
          [
            -40.2875,
            -11.8105
          ],
          [
            -40.2865,
            -11.8115
          ],
          [
            -40.2865,
            -11.8125
          ],
          [
            -40.2855,
            -11.8135
          ]
        ]
      },
      "properties": {
        "id": "hidro_11491",
        "tipo": "Talvegue",
        "bacia": "Bacia Hidrogr\u00e1fica do Rio S\u00e3o Francisco"
      }
    },
    {
      "type": "Feature",
      "geometry": {
        "type": "LineString",
        "coordinates": [
          [
            -42.6895,
            -11.8355
          ],
          [
            -42.6895,
            -11.8345
          ],
          [
            -42.6895,
            -11.8335
          ],
          [
            -42.6905,
            -11.8325
          ],
          [
            -42.6915,
            -11.8315
          ],
          [
            -42.6925,
            -11.8305
          ],
          [
            -42.6925,
            -11.8295
          ],
          [
            -42.6915,
            -11.8305
          ]
        ]
      },
      "properties": {
        "id": "hidro_11521",
        "tipo": "Talvegue",
        "bacia": "Bacia Hidrogr\u00e1fica do Rio S\u00e3o Francisco"
      }
    },
    {
      "type": "Feature",
      "geometry": {
        "type": "LineString",
        "coordinates": [
          [
            -41.6895,
            -11.8355
          ],
          [
            -41.6905,
            -11.8345
          ],
          [
            -41.6915,
            -11.8335
          ],
          [
            -41.6915,
            -11.8325
          ],
          [
            -41.6915,
            -11.8315
          ],
          [
            -41.6915,
            -11.8305
          ],
          [
            -41.6915,
            -11.8295
          ],
          [
            -41.6905,
            -11.8305
          ]
        ]
      },
      "properties": {
        "id": "hidro_11551",
        "tipo": "Talvegue",
        "bacia": "Bacia Hidrogr\u00e1fica do Rio S\u00e3o Francisco"
      }
    },
    {
      "type": "Feature",
      "geometry": {
        "type": "LineString",
        "coordinates": [
          [
            -40.5895,
            -11.8355
          ],
          [
            -40.5895,
            -11.8345
          ],
          [
            -40.5895,
            -11.8335
          ],
          [
            -40.5905,
            -11.8325
          ],
          [
            -40.5905,
            -11.8315
          ],
          [
            -40.5905,
            -11.8305
          ],
          [
            -40.5915,
            -11.8295
          ],
          [
            -40.5925,
            -11.8285
          ],
          [
            -40.5935,
            -11.8275
          ],
          [
            -40.5935,
            -11.8265
          ],
          [
            -40.5945,
            -11.8255
          ]
        ]
      },
      "properties": {
        "id": "hidro_11581",
        "tipo": "Talvegue",
        "bacia": "Bacia Hidrogr\u00e1fica do Rio S\u00e3o Francisco"
      }
    },
    {
      "type": "Feature",
      "geometry": {
        "type": "LineString",
        "coordinates": [
          [
            -39.6895,
            -11.8355
          ],
          [
            -39.6905,
            -11.8365
          ],
          [
            -39.6915,
            -11.8365
          ],
          [
            -39.6925,
            -11.8365
          ],
          [
            -39.6935,
            -11.8365
          ],
          [
            -39.6945,
            -11.8355
          ],
          [
            -39.6955,
            -11.8355
          ],
          [
            -39.6965,
            -11.8355
          ],
          [
            -39.6975,
            -11.8355
          ],
          [
            -39.6965,
            -11.8365
          ]
        ]
      },
      "properties": {
        "id": "hidro_11611",
        "tipo": "Talvegue",
        "bacia": "Bacia Hidrogr\u00e1fica do Rio S\u00e3o Francisco"
      }
    },
    {
      "type": "Feature",
      "geometry": {
        "type": "LineString",
        "coordinates": [
          [
            -42.1145,
            -11.8605
          ],
          [
            -42.1135,
            -11.8595
          ],
          [
            -42.1125,
            -11.8585
          ],
          [
            -42.1115,
            -11.8575
          ],
          [
            -42.1105,
            -11.8565
          ],
          [
            -42.1095,
            -11.8565
          ],
          [
            -42.1085,
            -11.8555
          ],
          [
            -42.1075,
            -11.8545
          ],
          [
            -42.1065,
            -11.8535
          ],
          [
            -42.1055,
            -11.8525
          ],
          [
            -42.1055,
            -11.8515
          ],
          [
            -42.1055,
            -11.8505
          ],
          [
            -42.1055,
            -11.8495
          ],
          [
            -42.1065,
            -11.8485
          ],
          [
            -42.1065,
            -11.8475
          ],
          [
            -42.1065,
            -11.8465
          ],
          [
            -42.1065,
            -11.8455
          ],
          [
            -42.1065,
            -11.8445
          ],
          [
            -42.1065,
            -11.8435
          ],
          [
            -42.1055,
            -11.8445
          ]
        ]
      },
      "properties": {
        "id": "hidro_11641",
        "tipo": "Drenagem Regional",
        "bacia": "Bacia Hidrogr\u00e1fica do Rio S\u00e3o Francisco"
      }
    },
    {
      "type": "Feature",
      "geometry": {
        "type": "LineString",
        "coordinates": [
          [
            -41.1895,
            -11.8605
          ],
          [
            -41.1885,
            -11.8615
          ],
          [
            -41.1875,
            -11.8625
          ],
          [
            -41.1865,
            -11.8625
          ],
          [
            -41.1855,
            -11.8635
          ],
          [
            -41.1845,
            -11.8625
          ],
          [
            -41.1835,
            -11.8635
          ]
        ]
      },
      "properties": {
        "id": "hidro_11671",
        "tipo": "Talvegue",
        "bacia": "Bacia Hidrogr\u00e1fica do Rio S\u00e3o Francisco"
      }
    },
    {
      "type": "Feature",
      "geometry": {
        "type": "LineString",
        "coordinates": [
          [
            -40.0145,
            -11.8605
          ],
          [
            -40.0135,
            -11.8605
          ],
          [
            -40.0125,
            -11.8595
          ],
          [
            -40.0115,
            -11.8585
          ],
          [
            -40.0105,
            -11.8585
          ],
          [
            -40.0095,
            -11.8575
          ],
          [
            -40.0085,
            -11.8565
          ],
          [
            -40.0075,
            -11.8555
          ],
          [
            -40.0075,
            -11.8545
          ],
          [
            -40.0075,
            -11.8535
          ],
          [
            -40.0065,
            -11.8545
          ]
        ]
      },
      "properties": {
        "id": "hidro_11701",
        "tipo": "Talvegue",
        "bacia": "Bacia Hidrogr\u00e1fica do Rio S\u00e3o Francisco"
      }
    },
    {
      "type": "Feature",
      "geometry": {
        "type": "LineString",
        "coordinates": [
          [
            -42.4395,
            -11.8855
          ],
          [
            -42.4385,
            -11.8865
          ],
          [
            -42.4375,
            -11.8855
          ],
          [
            -42.4365,
            -11.8845
          ],
          [
            -42.4355,
            -11.8835
          ],
          [
            -42.4345,
            -11.8825
          ],
          [
            -42.4345,
            -11.8815
          ],
          [
            -42.4345,
            -11.8805
          ],
          [
            -42.4345,
            -11.8795
          ],
          [
            -42.4345,
            -11.8785
          ],
          [
            -42.4345,
            -11.8775
          ],
          [
            -42.4345,
            -11.8765
          ],
          [
            -42.4345,
            -11.8755
          ],
          [
            -42.4345,
            -11.8745
          ],
          [
            -42.4345,
            -11.8735
          ],
          [
            -42.4335,
            -11.8745
          ],
          [
            -42.4325,
            -11.8735
          ],
          [
            -42.4315,
            -11.8745
          ]
        ]
      },
      "properties": {
        "id": "hidro_11731",
        "tipo": "Drenagem Regional",
        "bacia": "Bacia Hidrogr\u00e1fica do Rio S\u00e3o Francisco"
      }
    },
    {
      "type": "Feature",
      "geometry": {
        "type": "LineString",
        "coordinates": [
          [
            -41.4895,
            -11.8855
          ],
          [
            -41.4905,
            -11.8845
          ],
          [
            -41.4915,
            -11.8835
          ],
          [
            -41.4925,
            -11.8825
          ],
          [
            -41.4935,
            -11.8825
          ],
          [
            -41.4945,
            -11.8835
          ],
          [
            -41.4955,
            -11.8835
          ],
          [
            -41.4965,
            -11.8835
          ],
          [
            -41.4975,
            -11.8835
          ],
          [
            -41.4985,
            -11.8835
          ],
          [
            -41.4995,
            -11.8835
          ],
          [
            -41.5005,
            -11.8835
          ],
          [
            -41.5015,
            -11.8835
          ],
          [
            -41.5025,
            -11.8835
          ],
          [
            -41.5035,
            -11.8835
          ],
          [
            -41.5045,
            -11.8835
          ],
          [
            -41.5055,
            -11.8835
          ],
          [
            -41.5065,
            -11.8835
          ],
          [
            -41.5075,
            -11.8835
          ],
          [
            -41.5085,
            -11.8835
          ],
          [
            -41.5095,
            -11.8835
          ],
          [
            -41.5085,
            -11.8845
          ]
        ]
      },
      "properties": {
        "id": "hidro_11761",
        "tipo": "Drenagem Regional",
        "bacia": "Bacia Hidrogr\u00e1fica do Rio S\u00e3o Francisco"
      }
    },
    {
      "type": "Feature",
      "geometry": {
        "type": "LineString",
        "coordinates": [
          [
            -40.3645,
            -11.8855
          ],
          [
            -40.3655,
            -11.8865
          ],
          [
            -40.3665,
            -11.8865
          ],
          [
            -40.3675,
            -11.8865
          ],
          [
            -40.3685,
            -11.8875
          ],
          [
            -40.3695,
            -11.8875
          ],
          [
            -40.3685,
            -11.8885
          ]
        ]
      },
      "properties": {
        "id": "hidro_11791",
        "tipo": "Talvegue",
        "bacia": "Bacia Hidrogr\u00e1fica do Rio S\u00e3o Francisco"
      }
    },
    {
      "type": "Feature",
      "geometry": {
        "type": "LineString",
        "coordinates": [
          [
            -42.7645,
            -11.9105
          ],
          [
            -42.7645,
            -11.9115
          ],
          [
            -42.7645,
            -11.9125
          ],
          [
            -42.7645,
            -11.9135
          ],
          [
            -42.7635,
            -11.9145
          ],
          [
            -42.7645,
            -11.9155
          ],
          [
            -42.7645,
            -11.9165
          ],
          [
            -42.7645,
            -11.9175
          ],
          [
            -42.7655,
            -11.9185
          ],
          [
            -42.7665,
            -11.9185
          ],
          [
            -42.7675,
            -11.9185
          ],
          [
            -42.7685,
            -11.9195
          ],
          [
            -42.7695,
            -11.9205
          ],
          [
            -42.7705,
            -11.9215
          ],
          [
            -42.7715,
            -11.9215
          ],
          [
            -42.7725,
            -11.9205
          ],
          [
            -42.7735,
            -11.9205
          ],
          [
            -42.7745,
            -11.9205
          ],
          [
            -42.7755,
            -11.9205
          ],
          [
            -42.7765,
            -11.9205
          ],
          [
            -42.7775,
            -11.9215
          ],
          [
            -42.7785,
            -11.9215
          ],
          [
            -42.7795,
            -11.9225
          ],
          [
            -42.7805,
            -11.9225
          ],
          [
            -42.7815,
            -11.9225
          ]
        ]
      },
      "properties": {
        "id": "hidro_11821",
        "tipo": "Drenagem Regional",
        "bacia": "Bacia Hidrogr\u00e1fica do Rio S\u00e3o Francisco"
      }
    },
    {
      "type": "Feature",
      "geometry": {
        "type": "LineString",
        "coordinates": [
          [
            -41.9395,
            -11.9105
          ],
          [
            -41.9405,
            -11.9095
          ],
          [
            -41.9395,
            -11.9085
          ],
          [
            -41.9385,
            -11.9075
          ],
          [
            -41.9375,
            -11.9065
          ],
          [
            -41.9365,
            -11.9055
          ],
          [
            -41.9365,
            -11.9045
          ],
          [
            -41.9365,
            -11.9035
          ],
          [
            -41.9375,
            -11.9025
          ],
          [
            -41.9375,
            -11.9015
          ],
          [
            -41.9375,
            -11.9005
          ],
          [
            -41.9385,
            -11.8995
          ],
          [
            -41.9375,
            -11.8985
          ],
          [
            -41.9375,
            -11.8975
          ],
          [
            -41.9375,
            -11.8965
          ],
          [
            -41.9375,
            -11.8955
          ],
          [
            -41.9365,
            -11.8945
          ],
          [
            -41.9365,
            -11.8935
          ],
          [
            -41.9365,
            -11.8925
          ],
          [
            -41.9355,
            -11.8935
          ],
          [
            -41.9345,
            -11.8925
          ],
          [
            -41.9335,
            -11.8915
          ],
          [
            -41.9325,
            -11.8905
          ],
          [
            -41.9315,
            -11.8895
          ],
          [
            -41.9305,
            -11.8885
          ]
        ]
      },
      "properties": {
        "id": "hidro_11851",
        "tipo": "Drenagem Regional",
        "bacia": "Bacia Hidrogr\u00e1fica do Rio S\u00e3o Francisco"
      }
    },
    {
      "type": "Feature",
      "geometry": {
        "type": "LineString",
        "coordinates": [
          [
            -40.7145,
            -11.9105
          ],
          [
            -40.7135,
            -11.9095
          ],
          [
            -40.7125,
            -11.9085
          ],
          [
            -40.7115,
            -11.9075
          ],
          [
            -40.7105,
            -11.9065
          ],
          [
            -40.7095,
            -11.9055
          ],
          [
            -40.7085,
            -11.9045
          ],
          [
            -40.7075,
            -11.9035
          ],
          [
            -40.7075,
            -11.9025
          ],
          [
            -40.7065,
            -11.9015
          ],
          [
            -40.7065,
            -11.9005
          ],
          [
            -40.7055,
            -11.9015
          ]
        ]
      },
      "properties": {
        "id": "hidro_11881",
        "tipo": "Talvegue",
        "bacia": "Bacia Hidrogr\u00e1fica do Rio S\u00e3o Francisco"
      }
    },
    {
      "type": "Feature",
      "geometry": {
        "type": "LineString",
        "coordinates": [
          [
            -39.5145,
            -11.9105
          ],
          [
            -39.5135,
            -11.9105
          ],
          [
            -39.5125,
            -11.9095
          ],
          [
            -39.5115,
            -11.9085
          ],
          [
            -39.5105,
            -11.9075
          ],
          [
            -39.5095,
            -11.9075
          ],
          [
            -39.5085,
            -11.9065
          ],
          [
            -39.5075,
            -11.9055
          ],
          [
            -39.5065,
            -11.9045
          ],
          [
            -39.5065,
            -11.9035
          ],
          [
            -39.5055,
            -11.9025
          ],
          [
            -39.5055,
            -11.9015
          ],
          [
            -39.5045,
            -11.9025
          ],
          [
            -39.5035,
            -11.9025
          ],
          [
            -39.5025,
            -11.9035
          ]
        ]
      },
      "properties": {
        "id": "hidro_11911",
        "tipo": "Talvegue",
        "bacia": "Bacia Hidrogr\u00e1fica do Rio S\u00e3o Francisco"
      }
    },
    {
      "type": "Feature",
      "geometry": {
        "type": "LineString",
        "coordinates": [
          [
            -42.0145,
            -11.9355
          ],
          [
            -42.0155,
            -11.9365
          ],
          [
            -42.0165,
            -11.9375
          ],
          [
            -42.0175,
            -11.9385
          ],
          [
            -42.0185,
            -11.9395
          ],
          [
            -42.0195,
            -11.9405
          ],
          [
            -42.0205,
            -11.9405
          ],
          [
            -42.0215,
            -11.9405
          ],
          [
            -42.0225,
            -11.9405
          ],
          [
            -42.0235,
            -11.9415
          ],
          [
            -42.0245,
            -11.9425
          ],
          [
            -42.0255,
            -11.9435
          ],
          [
            -42.0265,
            -11.9435
          ],
          [
            -42.0275,
            -11.9435
          ],
          [
            -42.0285,
            -11.9435
          ],
          [
            -42.0295,
            -11.9435
          ],
          [
            -42.0305,
            -11.9435
          ],
          [
            -42.0315,
            -11.9435
          ],
          [
            -42.0325,
            -11.9435
          ],
          [
            -42.0335,
            -11.9435
          ],
          [
            -42.0345,
            -11.9425
          ],
          [
            -42.0355,
            -11.9425
          ],
          [
            -42.0345,
            -11.9435
          ]
        ]
      },
      "properties": {
        "id": "hidro_11941",
        "tipo": "Drenagem Regional",
        "bacia": "Bacia Hidrogr\u00e1fica do Rio S\u00e3o Francisco"
      }
    },
    {
      "type": "Feature",
      "geometry": {
        "type": "LineString",
        "coordinates": [
          [
            -41.0395,
            -11.9355
          ],
          [
            -41.0385,
            -11.9365
          ],
          [
            -41.0375,
            -11.9365
          ],
          [
            -41.0365,
            -11.9365
          ],
          [
            -41.0355,
            -11.9375
          ],
          [
            -41.0345,
            -11.9365
          ],
          [
            -41.0335,
            -11.9355
          ],
          [
            -41.0325,
            -11.9355
          ],
          [
            -41.0315,
            -11.9365
          ]
        ]
      },
      "properties": {
        "id": "hidro_11971",
        "tipo": "Talvegue",
        "bacia": "Bacia Hidrogr\u00e1fica do Rio S\u00e3o Francisco"
      }
    },
    {
      "type": "Feature",
      "geometry": {
        "type": "LineString",
        "coordinates": [
          [
            -39.8145,
            -11.9355
          ],
          [
            -39.8145,
            -11.9365
          ],
          [
            -39.8135,
            -11.9375
          ],
          [
            -39.8135,
            -11.9385
          ],
          [
            -39.8145,
            -11.9395
          ],
          [
            -39.8135,
            -11.9405
          ],
          [
            -39.8145,
            -11.9415
          ],
          [
            -39.8145,
            -11.9425
          ],
          [
            -39.8135,
            -11.9435
          ]
        ]
      },
      "properties": {
        "id": "hidro_12001",
        "tipo": "Talvegue",
        "bacia": "Bacia Hidrogr\u00e1fica do Rio S\u00e3o Francisco"
      }
    },
    {
      "type": "Feature",
      "geometry": {
        "type": "LineString",
        "coordinates": [
          [
            -42.1895,
            -11.9605
          ],
          [
            -42.1885,
            -11.9595
          ],
          [
            -42.1895,
            -11.9585
          ],
          [
            -42.1895,
            -11.9575
          ],
          [
            -42.1905,
            -11.9565
          ],
          [
            -42.1905,
            -11.9555
          ],
          [
            -42.1915,
            -11.9545
          ],
          [
            -42.1915,
            -11.9535
          ],
          [
            -42.1915,
            -11.9525
          ],
          [
            -42.1925,
            -11.9515
          ],
          [
            -42.1925,
            -11.9505
          ],
          [
            -42.1935,
            -11.9495
          ],
          [
            -42.1945,
            -11.9485
          ],
          [
            -42.1955,
            -11.9485
          ],
          [
            -42.1965,
            -11.9485
          ],
          [
            -42.1975,
            -11.9475
          ],
          [
            -42.1985,
            -11.9475
          ],
          [
            -42.1995,
            -11.9465
          ],
          [
            -42.2005,
            -11.9455
          ],
          [
            -42.2015,
            -11.9445
          ],
          [
            -42.2025,
            -11.9435
          ],
          [
            -42.2035,
            -11.9425
          ],
          [
            -42.2045,
            -11.9415
          ],
          [
            -42.2055,
            -11.9405
          ],
          [
            -42.2065,
            -11.9405
          ]
        ]
      },
      "properties": {
        "id": "hidro_12031",
        "tipo": "Drenagem Regional",
        "bacia": "Bacia Hidrogr\u00e1fica do Rio S\u00e3o Francisco"
      }
    },
    {
      "type": "Feature",
      "geometry": {
        "type": "LineString",
        "coordinates": [
          [
            -41.1145,
            -11.9605
          ],
          [
            -41.1155,
            -11.9595
          ],
          [
            -41.1165,
            -11.9585
          ],
          [
            -41.1175,
            -11.9595
          ],
          [
            -41.1185,
            -11.9595
          ],
          [
            -41.1195,
            -11.9595
          ],
          [
            -41.1205,
            -11.9605
          ],
          [
            -41.1215,
            -11.9605
          ],
          [
            -41.1225,
            -11.9605
          ],
          [
            -41.1235,
            -11.9615
          ],
          [
            -41.1245,
            -11.9625
          ],
          [
            -41.1255,
            -11.9625
          ],
          [
            -41.1265,
            -11.9625
          ],
          [
            -41.1275,
            -11.9635
          ],
          [
            -41.1265,
            -11.9645
          ]
        ]
      },
      "properties": {
        "id": "hidro_12061",
        "tipo": "Talvegue",
        "bacia": "Bacia Hidrogr\u00e1fica do Rio S\u00e3o Francisco"
      }
    },
    {
      "type": "Feature",
      "geometry": {
        "type": "LineString",
        "coordinates": [
          [
            -39.7645,
            -11.9605
          ],
          [
            -39.7635,
            -11.9615
          ],
          [
            -39.7635,
            -11.9625
          ],
          [
            -39.7635,
            -11.9635
          ],
          [
            -39.7625,
            -11.9645
          ],
          [
            -39.7635,
            -11.9655
          ],
          [
            -39.7635,
            -11.9665
          ],
          [
            -39.7635,
            -11.9675
          ],
          [
            -39.7625,
            -11.9685
          ],
          [
            -39.7625,
            -11.9695
          ],
          [
            -39.7625,
            -11.9705
          ],
          [
            -39.7615,
            -11.9715
          ],
          [
            -39.7615,
            -11.9725
          ],
          [
            -39.7615,
            -11.9735
          ],
          [
            -39.7605,
            -11.9745
          ],
          [
            -39.7595,
            -11.9735
          ],
          [
            -39.7585,
            -11.9745
          ]
        ]
      },
      "properties": {
        "id": "hidro_12091",
        "tipo": "Drenagem Regional",
        "bacia": "Bacia Hidrogr\u00e1fica do Rio S\u00e3o Francisco"
      }
    },
    {
      "type": "Feature",
      "geometry": {
        "type": "LineString",
        "coordinates": [
          [
            -42.0895,
            -11.9855
          ],
          [
            -42.0905,
            -11.9865
          ],
          [
            -42.0915,
            -11.9865
          ],
          [
            -42.0925,
            -11.9865
          ],
          [
            -42.0935,
            -11.9865
          ],
          [
            -42.0945,
            -11.9865
          ],
          [
            -42.0955,
            -11.9865
          ],
          [
            -42.0965,
            -11.9865
          ],
          [
            -42.0975,
            -11.9855
          ],
          [
            -42.0985,
            -11.9845
          ],
          [
            -42.0995,
            -11.9835
          ]
        ]
      },
      "properties": {
        "id": "hidro_12121",
        "tipo": "Talvegue",
        "bacia": "Bacia Hidrogr\u00e1fica do Rio S\u00e3o Francisco"
      }
    },
    {
      "type": "Feature",
      "geometry": {
        "type": "LineString",
        "coordinates": [
          [
            -41.0895,
            -11.9855
          ],
          [
            -41.0885,
            -11.9865
          ],
          [
            -41.0875,
            -11.9875
          ],
          [
            -41.0865,
            -11.9875
          ],
          [
            -41.0855,
            -11.9885
          ],
          [
            -41.0845,
            -11.9885
          ],
          [
            -41.0835,
            -11.9895
          ],
          [
            -41.0825,
            -11.9885
          ],
          [
            -41.0815,
            -11.9885
          ],
          [
            -41.0805,
            -11.9885
          ],
          [
            -41.0795,
            -11.9895
          ],
          [
            -41.0785,
            -11.9905
          ],
          [
            -41.0775,
            -11.9915
          ],
          [
            -41.0765,
            -11.9915
          ],
          [
            -41.0755,
            -11.9925
          ],
          [
            -41.0745,
            -11.9915
          ],
          [
            -41.0735,
            -11.9925
          ]
        ]
      },
      "properties": {
        "id": "hidro_12151",
        "tipo": "Drenagem Regional",
        "bacia": "Bacia Hidrogr\u00e1fica do Rio S\u00e3o Francisco"
      }
    },
    {
      "type": "Feature",
      "geometry": {
        "type": "LineString",
        "coordinates": [
          [
            -39.9645,
            -11.9855
          ],
          [
            -39.9635,
            -11.9865
          ],
          [
            -39.9625,
            -11.9875
          ],
          [
            -39.9615,
            -11.9875
          ],
          [
            -39.9605,
            -11.9875
          ],
          [
            -39.9595,
            -11.9865
          ],
          [
            -39.9585,
            -11.9865
          ],
          [
            -39.9575,
            -11.9865
          ],
          [
            -39.9565,
            -11.9855
          ],
          [
            -39.9575,
            -11.9845
          ],
          [
            -39.9575,
            -11.9835
          ],
          [
            -39.9565,
            -11.9845
          ]
        ]
      },
      "properties": {
        "id": "hidro_12181",
        "tipo": "Talvegue",
        "bacia": "Bacia Hidrogr\u00e1fica do Rio S\u00e3o Francisco"
      }
    }
  ]
}