{
"type": "FeatureCollection",
"name": "acessos",
"crs": { "type": "name", "properties": { "name": "urn:ogc:def:crs:OGC:1.3:CRS84" } },
"features": [
{ "type": "Feature", "properties": { "NAME": "EIXO_ACESSO", "LAYER": "Unknown Line Type", "FID_1": 0, "ESTRUTURA": "EIXO_ACESSO", "COMP": 71.9084, "KML_STYLE": "track001", "Shape_Leng": 255.772291556 }, "geometry": { "type": "LineString", "coordinates": [ [ -41.472438000249689, -10.591778999947332 ], [ -41.472433000256189, -10.591776000287714 ], [ -41.472416000028396, -10.591766999845836 ], [ -41.472399000004231, -10.591756999981863 ], [ -41.472381999785448, -10.591748000441253 ], [ -41.472365999876097, -10.591737999950968 ], [ -41.472349999974924, -10.591728000363208 ], [ -41.472334000067434, -10.591717999870815 ], [ -41.472317999450638, -10.591706999963515 ], [ -41.47230199974819, -10.591696000047962 ], [ -41.472287000166872, -10.591685000411241 ], [ -41.472271999666006, -10.591673999877152 ], [ -41.470578999789581, -10.59038100041044 ] ] } },
{ "type": "Feature", "properties": { "NAME": "EIXO_ACESSO", "LAYER": "Unknown Line Type", "FID_1": 0, "ESTRUTURA": "EIXO_ACESSO", "COMP": 71.9084, "KML_STYLE": "track001", "Shape_Leng": 769.76144007799996 }, "geometry": { "type": "LineString", "coordinates": [ [ -41.478967999777183, -10.592960000312901 ], [ -41.47895899990845, -10.59297399972904 ], [ -41.478947999634052, -10.592988999852807 ], [ -41.478937000098639, -10.593005000288901 ], [ -41.478925999822245, -10.593020000412366 ], [ -41.478913999425245, -10.593035000277844 ], [ -41.478901999940419, -10.593050000135934 ], [ -41.478889999714646, -10.593063999681293 ], [ -41.478878000234907, -10.59307900044254 ], [ -41.478864999887158, -10.593092999729514 ], [ -41.478851999545519, -10.593106999919792 ], [ -41.478839000289575, -10.593119999782864 ], [ -41.478824999825648, -10.593133999714512 ], [ -41.478811999654141, -10.593146999584153 ], [ -41.478798000281991, -10.593160000091762 ], [ -41.478783999988067, -10.593172999702627 ], [ -41.478768999753768, -10.593184999638726 ], [ -41.478754999464705, -10.593198000152386 ], [ -41.478740000141237, -10.593210000080427 ], [ -41.47872499990325, -10.593222000015196 ], [ -41.478709999837932, -10.5932329996297 ], [ -41.478694999778746, -10.593244000147275 ], [ -41.478678999597911, -10.59325500040597 ], [ -41.478662999408556, -10.593265999760508 ], [ -41.478646999399295, -10.593275999698195 ], [ -41.478631000128075, -10.593286999947995 ], [ -41.478614999377342, -10.593295999571835 ], [ -41.47859800016446, -10.593306000145501 ], [ -41.47858199941151, -10.593314999768094 ], [ -41.478564999457241, -10.593324000027724 ], [ -41.478547999501842, -10.593333000286657 ], [ -41.478530999719688, -10.593341000224941 ], [ -41.478512999641097, -10.593350000223586 ], [ -41.478496000031271, -10.593356999840411 ], [ -41.478478000132185, -10.593365000421068 ], [ -41.47846099960708, -10.593372000043551 ], [ -41.4784429998805, -10.593379000302589 ], [ -41.478425000145627, -10.593385999657208 ], [ -41.478406999678484, -10.593391999601703 ], [ -41.478389000130981, -10.59339800044172 ], [ -41.478370999662005, -10.593404000384467 ], [ -41.478352000159099, -10.593408999739722 ], [ -41.478333999870571, -10.593414000264154 ], [ -41.478314999452671, -10.593418999624635 ], [ -41.478297000250897, -10.593422999819904 ], [ -41.478278000013788, -10.593426999761853 ], [ -41.478258999775917, -10.593430999702772 ], [ -41.478239999719854, -10.593434000226058 ], [ -41.478221999777332, -10.593437000104466 ], [ -41.478202999712757, -10.593439999722124 ], [ -41.478183999654824, -10.593443000242269 ], [ -41.478164999771778, -10.593445000441156 ], [ -41.478145999880958, -10.593446999735379 ], [ -41.478127000172528, -10.593447999611836 ], [ -41.478106999436122, -10.593449000137838 ], [ -41.478087999726895, -10.593450000011998 ], [ -41.478069000193102, -10.593449999564736 ], [ -41.478049999577138, -10.593451000347402 ], [ -41.478031000218692, -10.593449999577564 ], [ -41.478011999778083, -10.593450000037635 ], [ -41.477992999513269, -10.593449000176218 ], [ -41.477974000161602, -10.593448000306438 ], [ -41.477955000072704, -10.593446000122301 ], [ -41.477935999807528, -10.593445000257342 ], [ -41.477916999894852, -10.593441999750416 ], [ -41.477897999805911, -10.593439999562671 ], [ -41.475039000017965, -10.593038999597777 ], [ -41.475034999542586, -10.593039000324277 ], [ -41.475015999643709, -10.593035999629938 ], [ -41.474996999945581, -10.593032000418953 ], [ -41.474978000046988, -10.593028999722135 ], [ -41.47495999955121, -10.59302499988269 ], [ -41.474940999846481, -10.593020999764429 ], [ -41.474921999422328, -10.593016000233044 ], [ -41.47490400002706, -10.593011000060226 ], [ -41.474884999596391, -10.593005999622747 ], [ -41.474867000209116, -10.59300100035113 ], [ -41.474849000088284, -10.592994999859267 ], [ -41.474830999975204, -10.592989000269787 ], [ -41.474812999855359, -10.592982999775543 ], [ -41.474794999930076, -10.592975999860966 ], [ -41.474777000005396, -10.592968999945175 ], [ -41.474759999477421, -10.592960999983722 ], [ -41.474741999554041, -10.592954000065541 ], [ -41.474724999940754, -10.592946000094605 ], [ -41.474707999414889, -10.592938000129724 ], [ -41.474689999867863, -10.592928999562401 ], [ -41.472438000249689, -10.591778999947332 ] ] } },
{ "type": "Feature", "properties": { "NAME": "EIXO_ACESSO", "LAYER": "Unknown Line Type", "FID_1": 0, "ESTRUTURA": "EIXO_ACESSO", "COMP": 71.9084, "KML_STYLE": "track001", "Shape_Leng": 249.31597752100001 }, "geometry": { "type": "LineString", "coordinates": [ [ -41.480265999475215, -10.591116999584605 ], [ -41.480206999444164, -10.591164000311569 ], [ -41.480150999941081, -10.59121500035477 ], [ -41.480099000165843, -10.591269999978476 ], [ -41.480051000126799, -10.591329000088205 ], [ -41.480007000167454, -10.591390000047666 ], [ -41.478967999777183, -10.592960000312901 ] ] } },
{ "type": "Feature", "properties": { "NAME": "EIXO_ACESSO", "LAYER": "Unknown Line Type", "FID_1": 0, "ESTRUTURA": "EIXO_ACESSO", "COMP": 71.9084, "KML_STYLE": "track001", "Shape_Leng": 238.32533051499999 }, "geometry": { "type": "LineString", "coordinates": [ [ -41.482024999890392, -10.589852999742591 ], [ -41.481961999521822, -10.589881000004411 ], [ -41.481900999588632, -10.589913000213771 ], [ -41.481842000255824, -10.589948000054511 ], [ -41.481785999471199, -10.589988000428793 ], [ -41.480265999475215, -10.591116999584605 ] ] } },
{ "type": "Feature", "properties": { "NAME": "EIXO_ACESSO", "LAYER": "Unknown Line Type", "FID_1": 0, "ESTRUTURA": "EIXO_ACESSO", "COMP": 71.9084, "KML_STYLE": "track001", "Shape_Leng": 377.40457060199998 }, "geometry": { "type": "LineString", "coordinates": [ [ -41.485075999489432, -10.588360999555654 ], [ -41.485068999796816, -10.588372000408352 ], [ -41.485059999853746, -10.588388999952251 ], [ -41.485048999873925, -10.588404999600787 ], [ -41.485039000000477, -10.588421000394501 ], [ -41.485028000175603, -10.588435999727327 ], [ -41.485017000200024, -10.588452000279021 ], [ -41.485005999459872, -10.588466999618749 ], [ -41.484994999639291, -10.5884819998547 ], [ -41.484982999717296, -10.588496999848603 ], [ -41.4849709997942, -10.588511999842305 ], [ -41.484957999933883, -10.588526000181952 ], [ -41.484946000008541, -10.588541000175205 ], [ -41.48493300013866, -10.588554999610764 ], [ -41.484919999518837, -10.588567999641286 ], [ -41.484906999653937, -10.588581999979828 ], [ -41.484892999844377, -10.58859499976047 ], [ -41.484879000040891, -10.588608000444319 ], [ -41.484865000228922, -10.588621000224229 ], [ -41.484850999502484, -10.588634000010986 ], [ -41.484836999852845, -10.588646000378153 ], [ -41.484821999936258, -10.588658999914699 ], [ -41.484806999427398, -10.588669999730371 ], [ -41.484791999673121, -10.588681999853973 ], [ -41.484777000075212, -10.588692999661506 ], [ -41.484761000217276, -10.588704999541756 ], [ -41.484745999868672, -10.588714999943413 ], [ -41.484730000173208, -10.588726000410528 ], [ -41.484713999713712, -10.588735999665037 ], [ -41.484697000072195, -10.588745999572739 ], [ -41.484680999617652, -10.588755999729599 ], [ -41.484664000138878, -10.588765000223868 ], [ -41.484647999682025, -10.588775000379524 ], [ -41.484630999438409, -10.588782999660364 ], [ -41.484613999956245, -10.588792000152582 ], [ -41.484596999717766, -10.588800000335539 ], [ -41.484579000289791, -10.588808000267662 ], [ -41.484562000041898, -10.588815999545577 ], [ -41.484543999863966, -10.5888230000711 ], [ -41.482024999890392, -10.589852999742591 ] ] } },
{ "type": "Feature", "properties": { "NAME": "EIXO_ACESSO", "LAYER": "Unknown Line Type", "FID_1": 0, "ESTRUTURA": "EIXO_ACESSO", "COMP": 71.9084, "KML_STYLE": "track001", "Shape_Leng": 727.19235104400002 }, "geometry": { "type": "LineString", "coordinates": [ [ -41.489586999830301, -10.585869000259871 ], [ -41.489557999924259, -10.585789000328358 ], [ -41.489522999989404, -10.585711999943131 ], [ -41.489482000180111, -10.585636999692676 ], [ -41.489435000057355, -10.585566999607384 ], [ -41.489383000006306, -10.585500000193099 ], [ -41.489324999780564, -10.585436999721933 ], [ -41.489262999416248, -10.585378999867531 ], [ -41.489195999737632, -10.585326000389701 ], [ -41.489124999901776, -10.585277999716634 ], [ -41.489050999860986, -10.58523600019716 ], [ -41.488973999743138, -10.58519899971005 ], [ -41.488894000171427, -10.585168999775689 ], [ -41.4888119995476, -10.585145000326589 ], [ -41.488727999685899, -10.585127000444229 ], [ -41.488642999599598, -10.585115999777393 ], [ -41.488557000210477, -10.585112000126498 ], [ -41.487618999877185, -10.585098999560612 ], [ -41.487534999693558, -10.585101000173953 ], [ -41.487452999501677, -10.585109999813691 ], [ -41.487370999446803, -10.585124000091939 ], [ -41.487290000207388, -10.585145000060233 ], [ -41.487210999438794, -10.585171000254894 ], [ -41.487134999806386, -10.585203000304508 ], [ -41.48706099939276, -10.585240999988788 ], [ -41.486990000117501, -10.585285000436894 ], [ -41.486922999466316, -10.585333999789784 ], [ -41.486859999440689, -10.585387000432274 ], [ -41.486800999865949, -10.585444999970443 ], [ -41.486746999926098, -10.585507999555862 ], [ -41.486696999855205, -10.585574000130743 ], [ -41.486652999659427, -10.585643999777771 ], [ -41.485075999489432, -10.588360999555654 ] ] } },
{ "type": "Feature", "properties": { "NAME": "EIXO_ACESSO", "LAYER": "Unknown Line Type", "FID_1": 0, "ESTRUTURA": "EIXO_ACESSO", "COMP": 71.9084, "KML_STYLE": "track001", "Shape_Leng": 5.94314421278 }, "geometry": { "type": "LineString", "coordinates": [ [ -41.489604000221682, -10.585920000149939 ], [ -41.489586999830301, -10.585869000259871 ] ] } },
{ "type": "Feature", "properties": { "NAME": "EIXO_ACESSO", "LAYER": "Unknown Line Type", "FID_1": 0, "ESTRUTURA": "EIXO_ACESSO", "COMP": 71.9084, "KML_STYLE": "track001", "Shape_Leng": 156.26219853399999 }, "geometry": { "type": "LineString", "coordinates": [ [ -41.490009999605036, -10.58727200007737 ], [ -41.489999999756357, -10.587195000079079 ], [ -41.48998500023454, -10.587119000152313 ], [ -41.489964000037503, -10.587044000075661 ], [ -41.489604000221682, -10.585920000149939 ] ] } },
{ "type": "Feature", "properties": { "NAME": "EIXO_ACESSO", "LAYER": "Unknown Line Type", "FID_1": 0, "ESTRUTURA": "EIXO_ACESSO", "COMP": 71.9084, "KML_STYLE": "track001", "Shape_Leng": 229.48860903100001 }, "geometry": { "type": "LineString", "coordinates": [ [ -41.490354999694866, -10.589294999750882 ], [ -41.490344999935338, -10.589280000072144 ], [ -41.490334000077922, -10.589265000168579 ], [ -41.490323999546462, -10.589249000184411 ], [ -41.490312999830557, -10.58923299996807 ], [ -41.490303000214723, -10.5892169999755 ], [ -41.49029299968678, -10.589200999989602 ], [ -41.490284000172025, -10.589185000220409 ], [ -41.490274999884427, -10.58916800014641 ], [ -41.49026599959798, -10.58915100007191 ], [ -41.490257000225967, -10.589133999989688 ], [ -41.490249000040365, -10.58911700013887 ], [ -41.490240999855835, -10.589100000287612 ], [ -41.490232999672351, -10.589083000435949 ], [ -41.490225999720636, -10.589064999593505 ], [ -41.490218999637598, -10.589047999965853 ], [ -41.490211999695198, -10.589030000026236 ], [ -41.490204999753836, -10.58901200008628 ], [ -41.490198999911669, -10.588994000370889 ], [ -41.49019300006313, -10.588975999751625 ], [ -41.490187999407624, -10.58895800026786 ], [ -41.490182999658884, -10.588939999873059 ], [ -41.490177999918266, -10.588922000381594 ], [ -41.490172999397785, -10.588902999681919 ], [ -41.490168999756669, -10.588885000415107 ], [ -41.490165000248915, -10.588865999932898 ], [ -41.490160999688655, -10.588847999769367 ], [ -41.490158000287359, -10.588829000415535 ], [ -41.490154999966123, -10.588810000165225 ], [ -41.490152999595743, -10.588791999548102 ], [ -41.490150000196266, -10.588773000193893 ], [ -41.490149000071739, -10.588754000393724 ], [ -41.490009999605036, -10.58727200007737 ] ] } },
{ "type": "Feature", "properties": { "NAME": "EIXO_ACESSO", "LAYER": "Unknown Line Type", "FID_1": 0, "ESTRUTURA": "EIXO_ACESSO", "COMP": 71.9084, "KML_STYLE": "track001", "Shape_Leng": 91.612199823300003 }, "geometry": { "type": "LineString", "coordinates": [ [ -41.49069299996868, -10.590028999622112 ], [ -41.490692999860244, -10.589958000196356 ], [ -41.490687000071837, -10.589887000330423 ], [ -41.490673000131338, -10.58981800019987 ], [ -41.490652999468338, -10.589749999944321 ], [ -41.490625999674805, -10.589683999635524 ], [ -41.490592999802637, -10.589620999812533 ], [ -41.490552999608454, -10.589561999657253 ], [ -41.490354999694866, -10.589294999750882 ] ] } },
{ "type": "Feature", "properties": { "NAME": "EIXO_ACESSO", "LAYER": "Unknown Line Type", "FID_1": 0, "ESTRUTURA": "EIXO_ACESSO", "COMP": 71.9084, "KML_STYLE": "track001", "Shape_Leng": 277.10671353700002 }, "geometry": { "type": "LineString", "coordinates": [ [ -41.490904999803675, -10.592427999658762 ], [ -41.490902999870393, -10.592426000403803 ], [ -41.490892999755808, -10.592418999640106 ], [ -41.490881999682408, -10.592411000151973 ], [ -41.490871999576001, -10.592404000290928 ], [ -41.490861999605059, -10.59239600011855 ], [ -41.490851999634607, -10.592387999945714 ], [ -41.490842999773356, -10.592379999992838 ], [ -41.490832999946328, -10.592371000411793 ], [ -41.490824000078739, -10.592362999554558 ], [ -41.490814999448155, -10.592354000200341 ], [ -41.490805999724081, -10.592344999934975 ], [ -41.490797000000534, -10.592335999669206 ], [ -41.490788000284809, -10.592327000306637 ], [ -41.490778999649038, -10.592318000047332 ], [ -41.490771000170994, -10.592307999690098 ], [ -41.490762999787528, -10.592298000243311 ], [ -41.490755000175128, -10.592289000196415 ], [ -41.490746999785415, -10.592278999845432 ], [ -41.490738999403561, -10.592269000397668 ], [ -41.490730999928225, -10.592259000038784 ], [ -41.49072399978413, -10.592247999596617 ], [ -41.490716999512259, -10.5922380003688 ], [ -41.490710000282526, -10.592226999918861 ], [ -41.49070300000438, -10.592216999786928 ], [ -41.49069599986975, -10.592206000247231 ], [ -41.49068999983659, -10.592195000024697 ], [ -41.49068399980392, -10.592183999801943 ], [ -41.490677999771755, -10.592172999578972 ], [ -41.490671999747377, -10.592162000259345 ], [ -41.490665999852048, -10.59214999972485 ], [ -41.490660999929453, -10.59213899972235 ], [ -41.490655000042466, -10.592127000090994 ], [ -41.49065000012078, -10.592116000088131 ], [ -41.490644999422209, -10.592103999781225 ], [ -41.49064099974531, -10.592091999688153 ], [ -41.490635999824946, -10.592080999684782 ], [ -41.490632000148885, -10.592068999591431 ], [ -41.490627999567259, -10.592057000408738 ], [ -41.490623999892016, -10.592045000315107 ], [ -41.490620999411654, -10.592033000449931 ], [ -41.490616999873311, -10.592020000044949 ], [ -41.490613999393673, -10.592008000179554 ], [ -41.490610999827652, -10.591996000306866 ], [ -41.49060899944898, -10.591983999759139 ], [ -41.490606000019781, -10.59197099957513 ], [ -41.490603999648989, -10.591958999930856 ], [ -41.490601999414672, -10.591945999975364 ], [ -41.490599999957702, -10.591934000323734 ], [ -41.490597999723967, -10.591921000368144 ], [ -41.490596999454311, -10.591909000041568 ], [ -41.490596000241702, -10.591896000300155 ], [ -41.49059499997243, -10.59188399997352 ], [ -41.490593999846951, -10.591871000239266 ], [ -41.49059299971438, -10.591857999601418 ], [ -41.49059299956015, -10.591846000399826 ], [ -41.490592999535068, -10.591832999983504 ], [ -41.490592999373767, -10.591820999878331 ], [ -41.49059399945596, -10.591807999683587 ], [ -41.490593999438509, -10.591795000170812 ], [ -41.49069299996868, -10.590028999622112 ] ] } },
{ "type": "Feature", "properties": { "NAME": "EIXO_ACESSO", "LAYER": "Unknown Line Type", "FID_1": 0, "ESTRUTURA": "EIXO_ACESSO", "COMP": 71.9084, "KML_STYLE": "track001", "Shape_Leng": 208.631450898 }, "geometry": { "type": "LineString", "coordinates": [ [ -41.491942000196438, -10.593808000293313 ], [ -41.491963000201437, -10.593743000120039 ], [ -41.491977999803396, -10.593675999839437 ], [ -41.491985999546927, -10.593608999848506 ], [ -41.491987999809403, -10.593539999742561 ], [ -41.491984000196105, -10.593471999547324 ], [ -41.491972999693594, -10.593404999956451 ], [ -41.491956000236264, -10.593339000266313 ], [ -41.491931999751877, -10.593274999679839 ], [ -41.491902999392806, -10.593213000427257 ], [ -41.49186699956897, -10.593154999975891 ], [ -41.491826999838203, -10.593099999573587 ], [ -41.49178099985614, -10.593048999998611 ], [ -41.49173099982842, -10.593001999875153 ], [ -41.491675999519423, -10.592960000197909 ], [ -41.490904999803675, -10.592427999658762 ] ] } },
{ "type": "Feature", "properties": { "NAME": "EIXO_ACESSO", "LAYER": "Unknown Line Type", "FID_1": 0, "ESTRUTURA": "EIXO_ACESSO", "COMP": 71.9084, "KML_STYLE": "track001", "Shape_Leng": 179.90641364199999 }, "geometry": { "type": "LineString", "coordinates": [ [ -41.491880000055005, -10.595307000070383 ], [ -41.491874000019926, -10.59530199994148 ], [ -41.4918650000361, -10.595294000044579 ], [ -41.491855000064952, -10.59528499962229 ], [ -41.491846000219063, -10.595276000318137 ], [ -41.491836999453113, -10.595267000117289 ], [ -41.491827999600972, -10.595257999908812 ], [ -41.491819999866678, -10.595248999915105 ], [ -41.491811000015581, -10.595239999705916 ], [ -41.49180299950612, -10.59523000031227 ], [ -41.491794999903213, -10.595220000007505 ], [ -41.491786999387543, -10.59520999970966 ], [ -41.491778999655779, -10.595200999714329 ], [ -41.491771000191747, -10.595190000002052 ], [ -41.491763999794863, -10.595179999918608 ], [ -41.491756000194655, -10.595169999612237 ], [ -41.491748999936156, -10.595159000121662 ], [ -41.491741999540814, -10.595149000037367 ], [ -41.4917359993931, -10.595137999858185 ], [ -41.491729000049496, -10.595127000359588 ], [ -41.491722999902812, -10.59511600017994 ], [ -41.491716999756612, -10.595105 ], [ -41.491710999610916, -10.595093999819987 ], [ -41.491704999465696, -10.595082999639684 ], [ -41.491698999458599, -10.595071000052583 ], [ -41.491693999431192, -10.595060000087511 ], [ -41.491688999404218, -10.595049000122287 ], [ -41.491683999508055, -10.595036999846732 ], [ -41.491678999612368, -10.595024999570994 ], [ -41.491673999724469, -10.595013000198648 ], [ -41.4916699998086, -10.595001999544973 ], [ -41.491666000038187, -10.594990000388131 ], [ -41.491662000260874, -10.594978000327602 ], [ -41.491657999570677, -10.594966000274152 ], [ -41.491655000041185, -10.594953000119059 ], [ -41.491651999468232, -10.594941000281286 ], [ -41.491648999808909, -10.594929000436204 ], [ -41.491646000142609, -10.594916999687456 ], [ -41.491642999708567, -10.594904000442781 ], [ -41.491641000159248, -10.594891999909835 ], [ -41.491638999834834, -10.59487899997743 ], [ -41.49163699938007, -10.59486700035516 ], [ -41.491634999969527, -10.59485400041539 ], [ -41.491632999507999, -10.594841999889443 ], [ -41.491632000214103, -10.59482900016563 ], [ -41.491630999869123, -10.594816999855654 ], [ -41.491629999662351, -10.594804000138994 ], [ -41.491629000231043, -10.594791999821728 ], [ -41.491629000140613, -10.594779000321113 ], [ -41.491629000042998, -10.594765999916918 ], [ -41.491628999814751, -10.594753999822947 ], [ -41.491628999724696, -10.594741000322298 ], [ -41.491629999612442, -10.594729000444431 ], [ -41.491629999515283, -10.594716000040213 ], [ -41.491630999533925, -10.59470299985214 ], [ -41.491631999421813, -10.594690999974302 ], [ -41.491633999556129, -10.594678000002395 ], [ -41.491634999444038, -10.594666000124572 ], [ -41.491636999578311, -10.594653000152691 ], [ -41.49163899957442, -10.594640999587508 ], [ -41.491640999708594, -10.594627999615657 ], [ -41.491643999827289, -10.594616000170241 ], [ -41.491645999823199, -10.594603999605086 ], [ -41.491649000072506, -10.594590999849485 ], [ -41.49165200019084, -10.594579000404105 ], [ -41.491655999503678, -10.594567000278584 ], [ -41.491658999614415, -10.594554999929672 ], [ -41.491662999840145, -10.594542999796952 ], [ -41.491667000065661, -10.594530999664244 ], [ -41.491670999384986, -10.594519000442336 ], [ -41.491675999717778, -10.594506999622244 ], [ -41.491942000196438, -10.593808000293313 ] ] } },
{ "type": "Feature", "properties": { "NAME": "EIXO_ACESSO", "LAYER": "Unknown Line Type", "FID_1": 0, "ESTRUTURA": "EIXO_ACESSO", "COMP": 71.9084, "KML_STYLE": "track001", "Shape_Leng": 269.82509303099999 }, "geometry": { "type": "LineString", "coordinates": [ [ -41.493707999487924, -10.596936999789945 ], [ -41.493664000149209, -10.596875000434926 ], [ -41.493614999848788, -10.596816000050499 ], [ -41.493562999749635, -10.596759999947325 ], [ -41.493506999607135, -10.596708000223931 ], [ -41.491880000055005, -10.595307000070383 ] ] } },
{ "type": "Feature", "properties": { "NAME": "EIXO_ACESSO", "LAYER": "Unknown Line Type", "FID_1": 0, "ESTRUTURA": "EIXO_ACESSO", "COMP": 71.9084, "KML_STYLE": "track001", "Shape_Leng": 348.922162335 }, "geometry": { "type": "LineString", "coordinates": [ [ -41.495475999713157, -10.599552999583556 ], [ -41.495473999577911, -10.599551999779345 ], [ -41.495464000159132, -10.599543999829411 ], [ -41.495453999712844, -10.599537000193422 ], [ -41.495443999381706, -10.599529000249877 ], [ -41.495433999964384, -10.599521000298628 ], [ -41.495423999634248, -10.5995130003542 ], [ -41.495414999547975, -10.59950400030273 ], [ -41.495406000253297, -10.599495999647235 ], [ -41.495396000046917, -10.599487000297941 ], [ -41.495386999962207, -10.599478000245313 ], [ -41.495377999878023, -10.599469000192281 ], [ -41.495369999922751, -10.599460000339615 ], [ -41.495360999839612, -10.599451000285871 ], [ -41.495351999872113, -10.599440999924523 ], [ -41.495344000033526, -10.599430999763641 ], [ -41.4953360000803, -10.599421999909639 ], [ -41.495328000242758, -10.599411999748094 ], [ -41.495319999492494, -10.599401999593463 ], [ -41.495312999784261, -10.599391999632255 ], [ -41.495306000199164, -10.599381000267078 ], [ -41.495297999450514, -10.599371000111523 ], [ -41.495290999859201, -10.599359999842212 ], [ -41.493707999487924, -10.596936999789945 ] ] } },
{ "type": "Feature", "properties": { "NAME": "EIXO_ACESSO", "LAYER": "Unknown Line Type", "FID_1": 0, "ESTRUTURA": "EIXO_ACESSO", "COMP": 71.9084, "KML_STYLE": "track001", "Shape_Leng": 185.65921752700001 }, "geometry": { "type": "LineString", "coordinates": [ [ -41.49659999962978, -10.600739999910065 ], [ -41.496582000135369, -10.600658000238106 ], [ -41.496557999647941, -10.600577999998292 ], [ -41.496528000115447, -10.600498999771144 ], [ -41.496491999375706, -10.600423999583803 ], [ -41.496449999486188, -10.600350999709947 ], [ -41.49640200021998, -10.60028199985565 ], [ -41.496350000122909, -10.600216000119879 ], [ -41.496291999618165, -10.600154999808014 ], [ -41.496229999997041, -10.600097999901482 ], [ -41.496163000095933, -10.600045999610453 ], [ -41.495475999713157, -10.599552999583556 ] ] } },
{ "type": "Feature", "properties": { "NAME": "EIXO_ACESSO", "LAYER": "Unknown Line Type", "FID_1": 0, "ESTRUTURA": "EIXO_ACESSO", "COMP": 71.9084, "KML_STYLE": "track001", "Shape_Leng": 176.797476703 }, "geometry": { "type": "LineString", "coordinates": [ [ -41.497099999747164, -10.602221000186224 ], [ -41.497092999575393, -10.602214000307754 ], [ -41.497077999787926, -10.602202000057567 ], [ -41.497064999467746, -10.60218899989453 ], [ -41.497051000040862, -10.602175000127831 ], [ -41.497037999722977, -10.602161999963123 ], [ -41.497024999521145, -10.602148000395374 ], [ -41.497012000226505, -10.602133999915987 ], [ -41.496999000027095, -10.602120000346604 ], [ -41.496987000065133, -10.602104999760638 ], [ -41.496975000003914, -10.60209100038333 ], [ -41.496963000044374, -10.602075999795881 ], [ -41.496951000093397, -10.602061000111274 ], [ -41.496939999473973, -10.602045000321105 ], [ -41.496928999653733, -10.60202999992538 ], [ -41.496917999950064, -10.602014000126655 ], [ -41.496908000267688, -10.601998999923586 ], [ -41.496896999653117, -10.601983000130843 ], [ -41.496887000196722, -10.601966000218344 ], [ -41.49687799984806, -10.601949999908946 ], [ -41.496868000285772, -10.601934000301268 ], [ -41.496859000047635, -10.60191699968493 ], [ -41.496850999953203, -10.601900000165852 ], [ -41.496841999717333, -10.601882999548554 ], [ -41.496833999625061, -10.601866000028613 ], [ -41.496825999526521, -10.601848999604693 ], [ -41.496817999544909, -10.601830999777926 ], [ -41.496810999583481, -10.601813999547574 ], [ -41.496803999738958, -10.601795999914412 ], [ -41.496798000023006, -10.601777999571834 ], [ -41.496791000071802, -10.601761000243995 ], [ -41.496784999444408, -10.601742999908051 ], [ -41.496779999865943, -10.60172499975913 ], [ -41.496774000269745, -10.601706000012918 ], [ -41.49676899977969, -10.601687999870748 ], [ -41.496764000203747, -10.601669999721096 ], [ -41.496759999965974, -10.601651000370698 ], [ -41.496755999612752, -10.601633000422582 ], [ -41.496752000282456, -10.601614000160994 ], [ -41.496749000064966, -10.601596000407296 ], [ -41.49659999962978, -10.600739999910065 ] ] } },
{ "type": "Feature", "properties": { "NAME": "EIXO_ACESSO", "LAYER": "Unknown Line Type", "FID_1": 0, "ESTRUTURA": "EIXO_ACESSO", "COMP": 71.9084, "KML_STYLE": "track001", "Shape_Leng": 352.80288817500002 }, "geometry": { "type": "LineString", "coordinates": [ [ -41.499491000027994, -10.604356000351173 ], [ -41.499445000240407, -10.604298999854299 ], [ -41.499394999619277, -10.604245000424477 ], [ -41.499340999976368, -10.604194000238053 ], [ -41.497099999747164, -10.602221000186224 ] ] } },
{ "type": "Feature", "properties": { "NAME": "EIXO_ACESSO", "LAYER": "Unknown Line Type", "FID_1": 0, "ESTRUTURA": "EIXO_ACESSO", "COMP": 71.9084, "KML_STYLE": "track001", "Shape_Leng": 94.545131198199996 }, "geometry": { "type": "LineString", "coordinates": [ [ -41.500007000032682, -10.605041000082444 ], [ -41.499491000027994, -10.604356000351173 ] ] } },
{ "type": "Feature", "properties": { "NAME": "EIXO_ACESSO", "LAYER": "Unknown Line Type", "FID_1": 0, "ESTRUTURA": "EIXO_ACESSO", "COMP": 71.9084, "KML_STYLE": "track001", "Shape_Leng": 901.62350266500005 }, "geometry": { "type": "LineString", "coordinates": [ [ -41.501718000165077, -10.611940999953388 ], [ -41.501830000055051, -10.61185799970089 ], [ -41.501937999846, -10.6117680002419 ], [ -41.502041000012248, -10.611673999597613 ], [ -41.502138999832781, -10.6115739998877 ], [ -41.502232000124216, -10.611468999603986 ], [ -41.50231899973798, -10.611359999793095 ], [ -41.502399999585208, -10.611246999548417 ], [ -41.502475999923, -10.611128999645501 ], [ -41.502545000268398, -10.6110080003512 ], [ -41.502607999861702, -10.610884000037986 ], [ -41.502663999561086, -10.610756000037762 ], [ -41.502714000274992, -10.610626000213173 ], [ -41.502757000108517, -10.610493000109926 ], [ -41.502791999660744, -10.610359000154896 ], [ -41.502821000254485, -10.61022300037817 ], [ -41.50284299990674, -10.610084999721611 ], [ -41.502857999382655, -10.609946999682938 ], [ -41.502864999531546, -10.609807999783515 ], [ -41.502864999517072, -10.609668999595458 ], [ -41.50285800026942, -10.609530000012901 ], [ -41.502843999963964, -10.609391000144164 ], [ -41.502822000115138, -10.609254000404103 ], [ -41.502794000203735, -10.609117999931218 ], [ -41.502757999943668, -10.60898300018895 ], [ -41.502715999552436, -10.608850000007127 ], [ -41.502666999719096, -10.608720000408733 ], [ -41.502610999613353, -10.608592000191269 ], [ -41.502547999984976, -10.6084679999447 ], [ -41.502479000161784, -10.608346999540931 ], [ -41.502404000154428, -10.608228999878461 ], [ -41.502322999872604, -10.608115000349972 ], [ -41.500007000032682, -10.605041000082444 ] ] } },
{ "type": "Feature", "properties": { "NAME": "EIXO_ACESSO", "LAYER": "Unknown Line Type", "FID_1": 0, "ESTRUTURA": "EIXO_ACESSO", "COMP": 71.9084, "KML_STYLE": "track001", "Shape_Leng": 820.32971923699995 }, "geometry": { "type": "LineString", "coordinates": [ [ -41.495619999859166, -10.616247999995711 ], [ -41.501718000165077, -10.611940999953388 ] ] } },
{ "type": "Feature", "properties": { "NAME": "EIXO_ACESSO", "LAYER": "Unknown Line Type", "FID_1": 0, "ESTRUTURA": "EIXO_ACESSO", "COMP": 71.9084, "KML_STYLE": "track001", "Shape_Leng": 129.295946972 }, "geometry": { "type": "LineString", "coordinates": [ [ -41.494823999977584, -10.615143999775352 ], [ -41.494821999835231, -10.615141999683763 ], [ -41.494814999663234, -10.615131999798258 ], [ -41.494807999596773, -10.61512099960578 ], [ -41.494800999425792, -10.615110999719741 ], [ -41.494794000281097, -10.61510000042302 ], [ -41.494787999482611, -10.615089000428005 ], [ -41.494781999597954, -10.61507800042552 ], [ -41.494774999534194, -10.615067000231724 ], [ -41.494257999529005, -10.614119000270117 ] ] } },
{ "type": "Feature", "properties": { "NAME": "EIXO_ACESSO", "LAYER": "Unknown Line Type", "FID_1": 0, "ESTRUTURA": "EIXO_ACESSO", "COMP": 71.9084, "KML_STYLE": "track001", "Shape_Leng": 280.81015240300002 }, "geometry": { "type": "LineString", "coordinates": [ [ -41.496211000188246, -10.617260999689581 ], [ -41.496193999892078, -10.617178999543636 ], [ -41.496171000134559, -10.617098999783765 ], [ -41.496142000005904, -10.617021000414987 ], [ -41.496106999395259, -10.616945999933254 ], [ -41.496066999517211, -10.616873000015662 ], [ -41.496020999982449, -10.616804000181729 ], [ -41.494823999977584, -10.615143999775352 ] ] } },
{ "type": "Feature", "properties": { "NAME": "EIXO_ACESSO", "LAYER": "Unknown Line Type", "FID_1": 0, "ESTRUTURA": "EIXO_ACESSO", "COMP": 71.9084, "KML_STYLE": "track001", "Shape_Leng": 209.48236002100001 }, "geometry": { "type": "LineString", "coordinates": [ [ -41.496705000274837, -10.619054000039077 ], [ -41.496697999637412, -10.619047000243716 ], [ -41.49668699954767, -10.619036000299403 ], [ -41.49667500018095, -10.619025000165148 ], [ -41.496664000092807, -10.619014000219654 ], [ -41.496653000005459, -10.619003000273583 ], [ -41.496642000015029, -10.618991000021808 ], [ -41.496632000216465, -10.618978999951722 ], [ -41.496621000227769, -10.618966999698815 ], [ -41.496610999517515, -10.618954999634941 ], [ -41.496600999721437, -10.618942999563302 ], [ -41.496591000029866, -10.618930000089549 ], [ -41.496581999512927, -10.618918000206623 ], [ -41.496573000006528, -10.618905000010837 ], [ -41.4965639995876, -10.618891999821876 ], [ -41.496555000082857, -10.618878999625208 ], [ -41.496545999672932, -10.618866000338906 ], [ -41.496537999543726, -10.618852000026074 ], [ -41.496530000232077, -10.618839000010812 ], [ -41.496522000104498, -10.618824999697228 ], [ -41.496513999985076, -10.618811000286819 ], [ -41.49650700004964, -10.618797000155269 ], [ -41.496498999924505, -10.618782999840578 ], [ -41.496493000181005, -10.618768999891248 ], [ -41.496486000247813, -10.618754999758762 ], [ -41.49647999969654, -10.618740000414457 ], [ -41.496472999764833, -10.618726000281388 ], [ -41.496467999397915, -10.618711000215981 ], [ -41.496461999754814, -10.618695999960082 ], [ -41.496456999389217, -10.618680999894238 ], [ -41.496450999747537, -10.618665999637864 ], [ -41.496446999573315, -10.618650999754685 ], [ -41.496442000123004, -10.61863599968097 ], [ -41.496437999949933, -10.61862099979748 ], [ -41.496433999777402, -10.618605999913834 ], [ -41.496429999702563, -10.618589999724724 ], [ -41.496425999531162, -10.618574999840771 ], [ -41.496422999550084, -10.618560000139922 ], [ -41.496419999666664, -10.618544000133642 ], [ -41.496417999868854, -10.618528999712293 ], [ -41.496211000188246, -10.617260999689581 ] ] } },
{ "type": "Feature", "properties": { "NAME": "EIXO_ACESSO", "LAYER": "Unknown Line Type", "FID_1": 0, "ESTRUTURA": "EIXO_ACESSO", "COMP": 71.9084, "KML_STYLE": "track001", "Shape_Leng": 288.80102682 }, "geometry": { "type": "LineString", "coordinates": [ [ -41.498652000124487, -10.62081399970846 ], [ -41.498612000104153, -10.620768999818965 ], [ -41.498569000246455, -10.620725999997131 ], [ -41.496705000274837, -10.619054000039077 ] ] } },
{ "type": "Feature", "properties": { "NAME": "EIXO_ACESSO", "LAYER": "Unknown Line Type", "FID_1": 0, "ESTRUTURA": "EIXO_ACESSO", "COMP": 71.9084, "KML_STYLE": "track001", "Shape_Leng": 503.82407117399998 }, "geometry": { "type": "LineString", "coordinates": [ [ -41.501374999901415, -10.624458000049323 ], [ -41.501360000190289, -10.624380999721909 ], [ -41.501339000029041, -10.624305999910828 ], [ -41.501311999413666, -10.624232999710461 ], [ -41.501279999549496, -10.624160999876887 ], [ -41.501243999568146, -10.624092000278271 ], [ -41.501201999968401, -10.624025999674082 ], [ -41.501155000057089, -10.623963000039948 ], [ -41.498652000124487, -10.62081399970846 ] ] } },
{ "type": "Feature", "properties": { "NAME": "EIXO_ACESSO", "LAYER": "Unknown Line Type", "FID_1": 0, "ESTRUTURA": "EIXO_ACESSO", "COMP": 71.9084, "KML_STYLE": "track001", "Shape_Leng": 781.38736435600003 }, "geometry": { "type": "LineString", "coordinates": [ [ -41.502422999853373, -10.631425999810117 ], [ -41.502444000107985, -10.631347000207825 ], [ -41.502457999825637, -10.631265999820254 ], [ -41.502467000242618, -10.631184999549294 ], [ -41.502469000072587, -10.631102999695869 ], [ -41.50246499947184, -10.631020999810136 ], [ -41.502453999978108, -10.630940000021504 ], [ -41.501374999901415, -10.624458000049323 ] ] } },
{ "type": "Feature", "properties": { "NAME": "EIXO_ACESSO", "LAYER": "Unknown Line Type", "FID_1": 0, "ESTRUTURA": "EIXO_ACESSO", "COMP": 71.9084, "KML_STYLE": "track001", "Shape_Leng": 439.035340115 }, "geometry": { "type": "LineString", "coordinates": [ [ -41.502220000259136, -10.635077999648638 ], [ -41.502210000051107, -10.635073000222508 ], [ -41.502192999425638, -10.635063000027111 ], [ -41.502176999953825, -10.635052999975933 ], [ -41.50216099956954, -10.635042999930979 ], [ -41.502145000099596, -10.635032999877678 ], [ -41.502128999790656, -10.635022000434008 ], [ -41.502112999409221, -10.635012000385862 ], [ -41.502097999400384, -10.634999999889263 ], [ -41.502082000007974, -10.634989000435107 ], [ -41.502067000001325, -10.634976999936494 ], [ -41.502053000234888, -10.63496499959003 ], [ -41.50203800023781, -10.634952999993022 ], [ -41.502023999560123, -10.63494099965202 ], [ -41.50200899963184, -10.634927999752858 ], [ -41.501994999943754, -10.634915000006044 ], [ -41.501981999582384, -10.634902000419004 ], [ -41.501967999963362, -10.634888000370156 ], [ -41.501954999596919, -10.634874999877903 ], [ -41.501942000219202, -10.634860999980837 ], [ -41.501928999929291, -10.634847000090222 ], [ -41.501916999879349, -10.634833000352478 ], [ -41.501903999658836, -10.634818000159946 ], [ -41.501891999678321, -10.634803000120364 ], [ -41.501880999937683, -10.634788000233847 ], [ -41.501868999959598, -10.634773000192821 ], [ -41.501858000221318, -10.634758000304988 ], [ -41.501846999638047, -10.634742000123408 ], [ -41.501835999902127, -10.63472700023426 ], [ -41.501825999559742, -10.634711000205421 ], [ -41.501816000131917, -10.634695000168721 ], [ -41.501805999859293, -10.634677999838333 ], [ -41.501795999520439, -10.634661999807767 ], [ -41.501786999421007, -10.634645999930857 ], [ -41.501777999390207, -10.634628999753033 ], [ -41.501769999598707, -10.634611999729014 ], [ -41.501760999570173, -10.634594999550226 ], [ -41.501752999788209, -10.634578000428876 ], [ -41.501745000067658, -10.63456000010309 ], [ -41.50173799960502, -10.634543000239061 ], [ -41.501731000124558, -10.634525000066942 ], [ -41.501723999663881, -10.634508000202224 ], [ -41.501717999509829, -10.634490000191223 ], [ -41.501711000032365, -10.634472000018061 ], [ -41.501704999880204, -10.634454000006437 ], [ -41.501699999966597, -10.634436000149181 ], [ -41.5016950000538, -10.63441800029171 ], [ -41.501690000209848, -10.634399000133479 ], [ -41.501684999385311, -10.634381000282806 ], [ -41.50168099970503, -10.63436299967584 ], [ -41.501677000100926, -10.634343999671744 ], [ -41.501672999584173, -10.634324999674732 ], [ -41.501670000150639, -10.634307000125633 ], [ -41.501666999872491, -10.634288000283156 ], [ -41.501663999594982, -10.634269000440549 ], [ -41.501661999479552, -10.634251000149696 ], [ -41.50165999943286, -10.634231999558232 ], [ -41.501658999630976, -10.634213000025172 ], [ -41.501656999592619, -10.6341940003371 ], [ -41.501655999784226, -10.634174999900381 ], [ -41.501656000212982, -10.634155999618601 ], [ -41.50165499949928, -10.634137000092636 ], [ -41.501654999928633, -10.634117999810799 ], [ -41.501655999681418, -10.634098999691279 ], [ -41.50165700027938, -10.634080999865031 ], [ -41.501658000032457, -10.634061999745537 ], [ -41.501658999785683, -10.634042999626029 ], [ -41.501660999775375, -10.634023999661617 ], [ -41.501662999765074, -10.634004999697227 ], [ -41.501664999754801, -10.633985999732859 ], [ -41.501667999912257, -10.633968000224158 ], [ -41.501671000138018, -10.633949000414958 ], [ -41.501673999442914, -10.633929999709528 ], [ -41.501677999835955, -10.633912000356041 ], [ -41.50168199937643, -10.633892999805802 ], [ -41.501685999761641, -10.633874999548844 ], [ -41.501690999544763, -10.633856000057358 ], [ -41.501696000165104, -10.63383799995559 ], [ -41.501700999871709, -10.63381999986116 ], [ -41.502422999853373, -10.631425999810117 ] ] } },
{ "type": "Feature", "properties": { "NAME": "EIXO_ACESSO", "LAYER": "Unknown Line Type", "FID_1": 0, "ESTRUTURA": "EIXO_ACESSO", "COMP": 71.9084, "KML_STYLE": "track001", "Shape_Leng": 345.86509016999997 }, "geometry": { "type": "LineString", "coordinates": [ [ -41.505091999590022, -10.63622100010744 ], [ -41.505024999515264, -10.636166000267478 ], [ -41.504953999976408, -10.636116999801711 ], [ -41.504879000127616, -10.636073000224339 ], [ -41.504801000134925, -10.636035000167539 ], [ -41.504719999936889, -10.636003999928064 ], [ -41.504636999832933, -10.63597900025413 ], [ -41.504551999810573, -10.635960000241608 ], [ -41.504465999982088, -10.635948999727853 ], [ -41.504378999557979, -10.635943999931071 ], [ -41.50429199967958, -10.635945000086018 ], [ -41.504166999400177, -10.635953000315602 ], [ -41.504156999740246, -10.635952999740594 ], [ -41.504137999696063, -10.635953999944798 ], [ -41.504118999651482, -10.635955000147899 ], [ -41.504099999665492, -10.635955000051224 ], [ -41.504080999679239, -10.635954999953414 ], [ -41.504061999751819, -10.635953999555792 ], [ -41.504042999831633, -10.635953000060537 ], [ -41.504023999903936, -10.635951999660536 ], [ -41.504003999742608, -10.635951000016746 ], [ -41.503984999881325, -10.635949000219174 ], [ -41.50396600002005, -10.635947000420392 ], [ -41.503947000218233, -10.635944000321654 ], [ -41.503928999744019, -10.635941000375395 ], [ -41.503909999942429, -10.635938000274248 ], [ -41.503891000140953, -10.635935000171862 ], [ -41.503871999485931, -10.635930999776711 ], [ -41.503852999751928, -10.635927000276567 ], [ -41.503835000251676, -10.635923000018344 ], [ -41.503815999664688, -10.635918000224185 ], [ -41.50379800022499, -10.635912999664745 ], [ -41.503779999939681, -10.635906999716111 ], [ -41.503761000267268, -10.635901999910883 ], [ -41.503742999982897, -10.635895999959807 ], [ -41.503724999759264, -10.635888999708623 ], [ -41.503706999475931, -10.635882999755136 ], [ -41.503689000174255, -10.635876000397772 ], [ -41.503672000253694, -10.635867999991277 ], [ -41.503654000032526, -10.635860999735256 ], [ -41.503637000120747, -10.635853000230004 ], [ -41.503620000202304, -10.635844999820069 ], [ -41.503602000111876, -10.635835999866009 ], [ -41.503585000202328, -10.635828000357302 ], [ -41.5035689996743, -10.635818999799817 ], [ -41.502220000259136, -10.635077999648638 ] ] } },
{ "type": "Feature", "properties": { "NAME": "EIXO_ACESSO", "LAYER": "Unknown Line Type", "FID_1": 0, "ESTRUTURA": "EIXO_ACESSO", "COMP": 71.9084, "KML_STYLE": "track001", "Shape_Leng": 161.25450316199999 }, "geometry": { "type": "LineString", "coordinates": [ [ -41.505986000198021, -10.637335999799987 ], [ -41.505968999501178, -10.63725599987661 ], [ -41.505947000236951, -10.637177999827147 ], [ -41.505918999432062, -10.637102000436045 ], [ -41.505884999815208, -10.637027999871831 ], [ -41.505844999524655, -10.636957000250723 ], [ -41.505800999946231, -10.636889000034845 ], [ -41.505750999689589, -10.636823999853206 ], [ -41.50569599985846, -10.63676300013271 ], [ -41.505636999720451, -10.636707000412176 ], [ -41.505091999590022, -10.63622100010744 ] ] } },
{ "type": "Feature", "properties": { "NAME": "EIXO_ACESSO", "LAYER": "Unknown Line Type", "FID_1": 0, "ESTRUTURA": "EIXO_ACESSO", "COMP": 71.9084, "KML_STYLE": "track001", "Shape_Leng": 216.183670186 }, "geometry": { "type": "LineString", "coordinates": [ [ -41.506398999573413, -10.639234999738617 ], [ -41.506389999833587, -10.639222000062757 ], [ -41.506379999999446, -10.639206000263583 ], [ -41.50637000021559, -10.639189000167075 ], [ -41.506359999470412, -10.639173000374051 ], [ -41.506350999882017, -10.639156999805902 ], [ -41.506341999437915, -10.639139999851338 ], [ -41.506332999908366, -10.639122999888965 ], [ -41.506324999716021, -10.639106000069816 ], [ -41.506316999524728, -10.639089000250248 ], [ -41.506308999383897, -10.639071000133438 ], [ -41.506301999444048, -10.639054000449534 ], [ -41.506294999547251, -10.639035999564921 ], [ -41.506287999609349, -10.639018999880308 ], [ -41.506280999721966, -10.639000999898524 ], [ -41.506275000084685, -10.638983000053042 ], [ -41.506268999534917, -10.638965000214574 ], [ -41.506264000141073, -10.638946999601686 ], [ -41.506258999842011, -10.638928999899418 ], [ -41.506253999593461, -10.638909999900068 ], [ -41.506249000209465, -10.638892000190028 ], [ -41.50624500015423, -10.63887399972036 ], [ -41.506241000156876, -10.638854999857186 ], [ -41.50623700011046, -10.63883700029071 ], [ -41.506233999442365, -10.638817999667854 ], [ -41.505986000198021, -10.637335999799987 ] ] } },
{ "type": "Feature", "properties": { "NAME": "EIXO_ACESSO", "LAYER": "Unknown Line Type", "FID_1": 0, "ESTRUTURA": "EIXO_ACESSO", "COMP": 71.9084, "KML_STYLE": "track001", "Shape_Leng": 319.262920087 }, "geometry": { "type": "LineString", "coordinates": [ [ -41.507814999586799, -10.641719999591224 ], [ -41.507814000232713, -10.641638999940206 ], [ -41.507807000266908, -10.641558000405803 ], [ -41.507792999430571, -10.64147699995303 ], [ -41.507772999733376, -10.641398000189902 ], [ -41.507747000258135, -10.641321000218074 ], [ -41.507715999436741, -10.641246000180153 ], [ -41.507678999756614, -10.641172999921515 ], [ -41.507636000263574, -10.641102999742264 ], [ -41.506398999573413, -10.639234999738617 ] ] } },
{ "type": "Feature", "properties": { "NAME": "EIXO_ACESSO", "LAYER": "Unknown Line Type", "FID_1": 0, "ESTRUTURA": "EIXO_ACESSO", "COMP": 71.9084, "KML_STYLE": "track001", "Shape_Leng": 277.35098187800003 }, "geometry": { "type": "LineString", "coordinates": [ [ -41.50832199965771, -10.643978999971079 ], [ -41.508309000059874, -10.643974999828629 ], [ -41.508296999773506, -10.643972000114413 ], [ -41.508284999526509, -10.643968000104637 ], [ -41.508273000193157, -10.643964000087017 ], [ -41.508260999946593, -10.643960000076159 ], [ -41.508248999739614, -10.643954999769695 ], [ -41.50823699954033, -10.643950000366228 ], [ -41.508225000207936, -10.643946000346444 ], [ -41.508213999391714, -10.643939999877329 ], [ -41.508202000099367, -10.643934999561374 ], [ -41.508191000165091, -10.643930000282626 ], [ -41.508178999999537, -10.643923999677794 ], [ -41.508168000105542, -10.643918000102889 ], [ -41.508157000204527, -10.643911999623962 ], [ -41.508145999397847, -10.643906000055392 ], [ -41.508134999544737, -10.643899000183861 ], [ -41.508123999644866, -10.643892999703452 ], [ -41.508112999792608, -10.643885999830921 ], [ -41.508101999940813, -10.643878999957888 ], [ -41.508091999439728, -10.643872000218883 ], [ -41.508081999892461, -10.643864000176935 ], [ -41.508071000042015, -10.643857000302447 ], [ -41.508060999582305, -10.643849000266894 ], [ -41.508051000036509, -10.643841000223574 ], [ -41.508041999841389, -10.643833000314542 ], [ -41.508031999383135, -10.643825000277706 ], [ -41.50802199983881, -10.643817000233096 ], [ -41.508012999685349, -10.643808000027635 ], [ -41.50800399953242, -10.643798999821767 ], [ -41.50799499938001, -10.643789999615519 ], [ -41.507986000148946, -10.643781000305141 ], [ -41.507976999997602, -10.643772000098128 ], [ -41.507967999846784, -10.643762999890745 ], [ -41.507960000007756, -10.643753000418938 ], [ -41.507952000121385, -10.643744000338575 ], [ -41.507944000276026, -10.643733999962569 ], [ -41.507935999517812, -10.643723999593558 ], [ -41.507927999680938, -10.643714000120442 ], [ -41.507919999837242, -10.643703999743449 ], [ -41.507913000264715, -10.643694000397613 ], [ -41.507905999812564, -10.643682999859911 ], [ -41.507899000233685, -10.64367299960999 ], [ -41.507891999790004, -10.643661999975285 ], [ -41.507885000260309, -10.64365100033301 ], [ -41.507879000073451, -10.643639999922291 ], [ -41.507872999894474, -10.643629000414903 ], [ -41.507866999708611, -10.643618000003725 ], [ -41.507860999523231, -10.643606999592347 ], [ -41.507855000259177, -10.643596000076986 ], [ -41.50784999947264, -10.64358400040884 ], [ -41.507844999551644, -10.643573000125068 ], [ -41.507839999672072, -10.643560999545713 ], [ -41.507834999759368, -10.643550000165131 ], [ -41.507829999880741, -10.643537999585426 ], [ -41.507826000272743, -10.643526000037435 ], [ -41.50782099948902, -10.643514000368258 ], [ -41.507816999874493, -10.64350199991642 ], [ -41.507813999609603, -10.643489999600177 ], [ -41.507810000003246, -10.643478000051646 ], [ -41.507806999739067, -10.643465999735215 ], [ -41.507803999482611, -10.643454000322214 ], [ -41.50780100017375, -10.643440999702836 ], [ -41.507797999917997, -10.643429000289656 ], [ -41.507794999655182, -10.643416999972853 ], [ -41.507792999703753, -10.64340400039257 ], [ -41.507790999703936, -10.643392000204141 ], [ -41.507788999745692, -10.64337899972019 ], [ -41.507788000008688, -10.643366999660225 ], [ -41.507786000058367, -10.643354000079736 ], [ -41.507784999408365, -10.643342000027008 ], [ -41.507783999713325, -10.643328999671473 ], [ -41.507783000025896, -10.643316000219452 ], [ -41.507782999638543, -10.643304000295281 ], [ -41.507783000206103, -10.643291000068318 ], [ -41.507781999557004, -10.643279000015465 ], [ -41.50778299947337, -10.643265999924452 ], [ -41.507814999586799, -10.641719999591224 ] ] } },
{ "type": "Feature", "properties": { "NAME": "EIXO_ACESSO", "LAYER": "Unknown Line Type", "FID_1": 0, "ESTRUTURA": "EIXO_ACESSO", "COMP": 71.9084, "KML_STYLE": "track001", "Shape_Leng": 226.499491401 }, "geometry": { "type": "LineString", "coordinates": [ [ -41.510196999492358, -10.64471500034702 ], [ -41.510165000276309, -10.644660000179574 ], [ -41.510128999916844, -10.644608000406361 ], [ -41.510086999671927, -10.644560000160602 ], [ -41.510041999461812, -10.644515000418394 ], [ -41.509991999589502, -10.644474999710138 ], [ -41.509938999683179, -10.644440000089835 ], [ -41.509881999461641, -10.644409999628127 ], [ -41.509822999465342, -10.644385000372973 ], [ -41.50976199963506, -10.644365999907093 ], [ -41.50832199965771, -10.643978999971079 ] ] } },
{ "type": "Feature", "properties": { "NAME": "EIXO_ACESSO", "LAYER": "Unknown Line Type", "FID_1": 0, "ESTRUTURA": "EIXO_ACESSO", "COMP": 71.9084, "KML_STYLE": "track001", "Shape_Leng": 166.19423478499999 }, "geometry": { "type": "LineString", "coordinates": [ [ -41.510640000097318, -10.646111999821818 ], [ -41.51065500024189, -10.646033999547631 ], [ -41.510664999998554, -10.645955000193485 ], [ -41.510667999733386, -10.645874999709536 ], [ -41.510664999704844, -10.64579500031261 ], [ -41.510655999865236, -10.645715999583997 ], [ -41.510639999973449, -10.645638000115046 ], [ -41.510617999373345, -10.64556100022161 ], [ -41.510589999827118, -10.645486999569838 ], [ -41.510556999861087, -10.64541400041422 ], [ -41.510196999492358, -10.64471500034702 ] ] } },
{ "type": "Feature", "properties": { "NAME": "EIXO_ACESSO", "LAYER": "Unknown Line Type", "FID_1": 0, "ESTRUTURA": "EIXO_ACESSO", "COMP": 71.9084, "KML_STYLE": "track001", "Shape_Leng": 480.64128995700003 }, "geometry": { "type": "LineString", "coordinates": [ [ -41.511402999832491, -10.649541000008123 ], [ -41.511389999782338, -10.649544000297809 ], [ -41.511370999879965, -10.649546999897272 ], [ -41.511351999984349, -10.649550000399193 ], [ -41.511333000105736, -10.649551999704038 ], [ -41.511314000208934, -10.649555000203804 ], [ -41.511294999423207, -10.649557000417344 ], [ -41.511275999575609, -10.649558000329925 ], [ -41.511256999694943, -10.64955999963038 ], [ -41.511237999853918, -10.649561000444269 ], [ -41.511219000030479, -10.649561000060942 ], [ -41.511198999901353, -10.649561999855969 ], [ -41.511180000110244, -10.649561000081231 ], [ -41.511160999372557, -10.649560999701707 ], [ -41.511141999581092, -10.649559999924632 ], [ -41.511122999789485, -10.649559000146356 ], [ -41.511103999997736, -10.64955800036692 ], [ -41.511085000231681, -10.649556000293643 ], [ -41.511065999552173, -10.649554000226475 ], [ -41.511046999786082, -10.649552000150756 ], [ -41.511028000046011, -10.649548999781141 ], [ -41.511008999366517, -10.649546999710328 ], [ -41.510989999660161, -10.649542999949066 ], [ -41.510970999920424, -10.649539999575735 ], [ -41.510952999581114, -10.64953599993313 ], [ -41.510933999901766, -10.649530999875367 ], [ -41.510915000196377, -10.649527000109096 ], [ -41.510896999884338, -10.649522000170146 ], [ -41.510878999572654, -10.64951700023002 ], [ -41.510859999921344, -10.649510999874385 ], [ -41.510841999637137, -10.649504999639001 ], [ -41.510824000274269, -10.649499000298643 ], [ -41.510805999991049, -10.649493000060845 ], [ -41.510787999742583, -10.649486000432528 ], [ -41.510769999487337, -10.649478999899438 ], [ -41.510752999547108, -10.649471000090321 ], [ -41.510735000206587, -10.649463999547505 ], [ -41.510717999388838, -10.64945500035401 ], [ -41.510700999443387, -10.649446999637895 ], [ -41.510683999506071, -10.649438999824202 ], [ -41.510666999596758, -10.64942999971638 ], [ -41.510649999723078, -10.649420000217976 ], [ -41.510634000095415, -10.649411000222836 ], [ -41.510617000216193, -10.649400999818594 ], [ -41.510600999711748, -10.649391000439149 ], [ -41.510585000114268, -10.649381000147775 ], [ -41.510568999631957, -10.649369999569586 ], [ -41.510553999437882, -10.649359000009161 ], [ -41.510537999878494, -10.649348000325102 ], [ -41.51052299967904, -10.649336999859127 ], [ -41.510507999515902, -10.649325000002612 ], [ -41.510493000267317, -10.649313000137797 ], [ -41.510478000106403, -10.649301000279307 ], [ -41.510464000218832, -10.649288999631885 ], [ -41.510449999454423, -10.649275999601306 ], [ -41.51043599960461, -10.649262999562492 ], [ -41.510421999763381, -10.64925000042633 ], [ -41.510407999915927, -10.649237000385716 ], [ -41.510394999464005, -10.649223000174196 ], [ -41.510381999926729, -10.649208999954556 ], [ -41.510368999477237, -10.649194999741393 ], [ -41.510357000221738, -10.649180999636135 ], [ -41.510343999810594, -10.649166000031713 ], [ -41.510331999672637, -10.649150999639032 ], [ -41.510320999786487, -10.64913699965506 ], [ -41.51030899968702, -10.649120999871256 ], [ -41.510297999831892, -10.649105999592694 ], [ -41.510286999985318, -10.649091000217034 ], [ -41.510276000161348, -10.649074999643886 ], [ -41.510265999711613, -10.649059000097395 ], [ -41.510256000169093, -10.649042999639445 ], [ -41.51024599972169, -10.64902700009179 ], [ -41.510236000217915, -10.649010000242919 ], [ -41.510227000044324, -10.648993999907166 ], [ -41.510217999908328, -10.648977000181134 ], [ -41.510208999766093, -10.648959999551035 ], [ -41.510200999911085, -10.64894299994072 ], [ -41.51019300005715, -10.648926000329977 ], [ -41.51018500019687, -10.648908999815269 ], [ -41.510177999739469, -10.648891000034448 ], [ -41.510171000159779, -10.648873999635793 ], [ -41.510163999704403, -10.648855999854252 ], [ -41.510157000163488, -10.648838000065046 ], [ -41.510150999988504, -10.648820000399773 ], [ -41.510144999807039, -10.648801999830642 ], [ -41.510139999912113, -10.648784000281793 ], [ -41.510133999732439, -10.648765999712124 ], [ -41.510128999839196, -10.648748000162781 ], [ -41.510125000254419, -10.648729000436914 ], [ -41.510119999441947, -10.648710999990909 ], [ -41.510115999858726, -10.648692000264646 ], [ -41.510112999603606, -10.648674000052615 ], [ -41.510109999378791, -10.648654999547013 ], [ -41.5101070000457, -10.648637000230949 ], [ -41.510103999822157, -10.648617999725085 ], [ -41.510101999884256, -10.648599000239924 ], [ -41.510099999939492, -10.648579999851117 ], [ -41.51009800000265, -10.648561000365783 ], [ -41.510096999422935, -10.648542000101482 ], [ -41.510095999727206, -10.648524000123244 ], [ -41.510095000061703, -10.648504999851525 ], [ -41.51009499976044, -10.648485999704455 ], [ -41.510094999459454, -10.648466999557366 ], [ -41.510095000079566, -10.648448000306496 ], [ -41.510096000056208, -10.648429000276805 ], [ -41.510097000033014, -10.648410000247116 ], [ -41.510098000009954, -10.648391000217433 ], [ -41.51010000026394, -10.648372000305226 ], [ -41.510101999567148, -10.64835399979027 ], [ -41.510103999821169, -10.648334999878109 ], [ -41.510106999438491, -10.648316000090778 ], [ -41.510109999969131, -10.648297000296164 ], [ -41.510112999548866, -10.6482789998988 ], [ -41.510116999442381, -10.648260000229072 ], [ -41.510121000211704, -10.648241999941954 ], [ -41.510125000104757, -10.648223000272312 ], [ -41.510640000097318, -10.646111999821818 ] ] } },
{ "type": "Feature", "properties": { "NAME": "EIXO_ACESSO", "LAYER": "Unknown Line Type", "FID_1": 0, "ESTRUTURA": "EIXO_ACESSO", "COMP": 71.9084, "KML_STYLE": "track001", "Shape_Leng": 2215.7612733699998 }, "geometry": { "type": "LineString", "coordinates": [ [ -41.531223000267254, -10.648130000070248 ], [ -41.53116099939551, -10.648071999682035 ], [ -41.531094000209713, -10.648019999764026 ], [ -41.531023000150519, -10.647971999830693 ], [ -41.530948999544009, -10.647929999582962 ], [ -41.53087200025783, -10.647895000186228 ], [ -41.530791999464405, -10.647865000201833 ], [ -41.530710000196805, -10.647840999936125 ], [ -41.530625999746412, -10.647823999688837 ], [ -41.530541999511236, -10.647813000182651 ], [ -41.530455999901115, -10.647808999776922 ], [ -41.530370999841779, -10.647811000174055 ], [ -41.530286000002526, -10.647819999786652 ], [ -41.530201999731879, -10.647835999580552 ], [ -41.522393999515266, -10.649587999594095 ], [ -41.522383000209857, -10.649590000186713 ], [ -41.522364999930154, -10.649593999895282 ], [ -41.522345999385422, -10.649598000429034 ], [ -41.522326999734993, -10.649600999766587 ], [ -41.522308000091364, -10.649604000006621 ], [ -41.522288999522857, -10.649605999968626 ], [ -41.522269999867277, -10.64960799992218 ], [ -41.52225100021117, -10.649609999874654 ], [ -41.522231999641129, -10.649611999833368 ], [ -41.522212999980859, -10.649613000402825 ], [ -41.522193999399335, -10.64961400007496 ], [ -41.522174999730851, -10.649614999738631 ], [ -41.522154999787055, -10.649614999942301 ], [ -41.522136000114941, -10.649615000222772 ], [ -41.522116999518886, -10.649614000225013 ], [ -41.522097999838863, -10.649613999599607 ], [ -41.522079000155877, -10.649612999592142 ], [ -41.522059999556681, -10.649611000209903 ], [ -41.522040999863471, -10.649608999915575 ], [ -41.522022000170239, -10.64960699962004 ], [ -41.522002999570987, -10.649605000234184 ], [ -41.518739999513571, -10.649164000002022 ], [ -41.518726000274022, -10.649163000235554 ], [ -41.515586999560014, -10.648779000048364 ], [ -41.51550099990353, -10.648772000095136 ], [ -41.515412999596144, -10.648772000136297 ], [ -41.515326999741326, -10.648778000283798 ], [ -41.515240999752649, -10.648792000014645 ], [ -41.511402999832491, -10.649541000008123 ] ] } },
{ "type": "Feature", "properties": { "NAME": "EIXO_ACESSO", "LAYER": "Unknown Line Type", "FID_1": 0, "ESTRUTURA": "EIXO_ACESSO", "COMP": 71.9084, "KML_STYLE": "track001", "Shape_Leng": 154.99615227499999 }, "geometry": { "type": "LineString", "coordinates": [ [ -41.532141000067661, -10.649178999618064 ], [ -41.532122000012961, -10.649120000407022 ], [ -41.532097999602826, -10.649062000325975 ], [ -41.532068999837492, -10.64900699991979 ], [ -41.532034999812147, -10.648955000097605 ], [ -41.531996999782422, -10.648906000000991 ], [ -41.531954999748429, -10.648859999628332 ], [ -41.531223000267254, -10.648130000070248 ] ] } },
{ "type": "Feature", "properties": { "NAME": "EIXO_ACESSO", "LAYER": "Unknown Line Type", "FID_1": 0, "ESTRUTURA": "EIXO_ACESSO", "COMP": 71.9084, "KML_STYLE": "track001", "Shape_Leng": 170.38954875799999 }, "geometry": { "type": "LineString", "coordinates": [ [ -41.532410000059727, -10.650677999556239 ], [ -41.532426000158033, -10.650600999753271 ], [ -41.532436999792665, -10.650523000348372 ], [ -41.532441999643787, -10.650444999758884 ], [ -41.53244099969389, -10.650366000418023 ], [ -41.532433999969882, -10.650286999890689 ], [ -41.532421999925347, -10.650209999684394 ], [ -41.532402999863699, -10.650133000050895 ], [ -41.532141000067661, -10.649178999618064 ] ] } },
{ "type": "Feature", "properties": { "NAME": "EIXO_ACESSO", "LAYER": "Unknown Line Type", "FID_1": 0, "ESTRUTURA": "EIXO_ACESSO", "COMP": 71.9084, "KML_STYLE": "track001", "Shape_Leng": 287.69287458999997 }, "geometry": { "type": "LineString", "coordinates": [ [ -41.532299999544875, -10.653259000112683 ], [ -41.532297999596445, -10.653251999890577 ], [ -41.53229300012071, -10.6532329998201 ], [ -41.532287999778667, -10.653215000033352 ], [ -41.532283999713535, -10.653197000289289 ], [ -41.532279999602899, -10.653178000268445 ], [ -41.53227699976901, -10.653159000290389 ], [ -41.532273999974443, -10.653140999685265 ], [ -41.532271000141805, -10.653121999706942 ], [ -41.532267999396389, -10.653102999735868 ], [ -41.532265999886867, -10.653085000076967 ], [ -41.532263999418319, -10.65306600014874 ], [ -41.532261999863735, -10.653047000213014 ], [ -41.532260999671784, -10.65302800032773 ], [ -41.532259999480253, -10.653009000442374 ], [ -41.532259999557077, -10.652989999696596 ], [ -41.532258999366285, -10.652970999811169 ], [ -41.532258999451187, -10.652951999968863 ], [ -41.532281999833472, -10.651266999553965 ], [ -41.532281999796204, -10.651266000180778 ], [ -41.532282999514265, -10.651253000241962 ], [ -41.532282999876109, -10.651240000251375 ], [ -41.532283999631552, -10.651227999685755 ], [ -41.532285000263208, -10.651214999739549 ], [ -41.53228600002619, -10.651203000077478 ], [ -41.532288000014034, -10.651190000183107 ], [ -41.532288999769577, -10.651177999617506 ], [ -41.532290999757365, -10.651164999723161 ], [ -41.53229299978981, -10.651153000105534 ], [ -41.53229600004687, -10.651140000255653 ], [ -41.532298000071719, -10.651127999734534 ], [ -41.532300999459814, -10.651116000168772 ], [ -41.53230399971654, -10.651103000318948 ], [ -41.532410000059727, -10.650677999556239 ] ] } },
{ "type": "Feature", "properties": { "NAME": "EIXO_ACESSO", "LAYER": "Unknown Line Type", "FID_1": 0, "ESTRUTURA": "EIXO_ACESSO", "COMP": 71.9084, "KML_STYLE": "track001", "Shape_Leng": 207.02923113599999 }, "geometry": { "type": "LineString", "coordinates": [ [ -41.532824000032917, -10.655055999748853 ], [ -41.532805999359105, -10.65499399992482 ], [ -41.532727999706779, -10.654766999802938 ], [ -41.532727000249047, -10.654765000106387 ], [ -41.532720999556069, -10.654747000299428 ], [ -41.532716000050783, -10.654728999621632 ], [ -41.532709999359611, -10.654710999814098 ], [ -41.532299999544875, -10.653259000112683 ] ] } },
{ "type": "Feature", "properties": { "NAME": "EIXO_ACESSO", "LAYER": "Unknown Line Type", "FID_1": 0, "ESTRUTURA": "EIXO_ACESSO", "COMP": 71.9084, "KML_STYLE": "track001", "Shape_Leng": 143.179953719 }, "geometry": { "type": "LineString", "coordinates": [ [ -41.533160000055865, -10.656303999698427 ], [ -41.533155000014098, -10.656294999723309 ], [ -41.533148000072856, -10.656281000093173 ], [ -41.533141000124907, -10.656266999559175 ], [ -41.533134000133828, -10.656251999652602 ], [ -41.533127999566851, -10.656238000066827 ], [ -41.533120999628622, -10.656224000435456 ], [ -41.533114999917736, -10.656208999662422 ], [ -41.533109999586898, -10.656193999838072 ], [ -41.533103999884908, -10.656178999968072 ], [ -41.533098999606572, -10.656165000419106 ], [ -41.533094000183645, -10.656149999683199 ], [ -41.533088999804285, -10.656133999582176 ], [ -41.533084999761755, -10.656118999794943 ], [ -41.533080999719772, -10.656104000007538 ], [ -41.53307699967835, -10.656089000219996 ], [ -41.532824000032917, -10.655055999748853 ] ] } },
{ "type": "Feature", "properties": { "NAME": "EIXO_ACESSO", "LAYER": "Unknown Line Type", "FID_1": 0, "ESTRUTURA": "EIXO_ACESSO", "COMP": 71.9084, "KML_STYLE": "track001", "Shape_Leng": 262.45542908900001 }, "geometry": { "type": "LineString", "coordinates": [ [ -41.534221999727436, -10.658429000333507 ], [ -41.534215999366339, -10.658420999730152 ], [ -41.53420899947271, -10.658410000068843 ], [ -41.534201999579643, -10.658399000407252 ], [ -41.534194999736116, -10.658389000116724 ], [ -41.534189000128258, -10.65837799958399 ], [ -41.534182999614927, -10.658366999961959 ], [ -41.534176999959172, -10.658355000057412 ], [ -41.534170999446864, -10.658344000434933 ], [ -41.534164999841032, -10.658332999901308 ], [ -41.533431000214897, -10.656804999616783 ], [ -41.533414999499414, -10.656773000108632 ], [ -41.533160000055865, -10.656303999698427 ] ] } },
{ "type": "Feature", "properties": { "NAME": "EIXO_ACESSO", "LAYER": "Unknown Line Type", "FID_1": 0, "ESTRUTURA": "EIXO_ACESSO", "COMP": 71.9084, "KML_STYLE": "track001", "Shape_Leng": 42.4868045288 }, "geometry": { "type": "LineString", "coordinates": [ [ -41.534430999865315, -10.658751999797701 ], [ -41.534402999610023, -10.658696999970335 ], [ -41.534369999953213, -10.658646000157814 ], [ -41.534221999727436, -10.658429000333507 ] ] } },
{ "type": "Feature", "properties": { "NAME": "EIXO_ACESSO", "LAYER": "Unknown Line Type", "FID_1": 0, "ESTRUTURA": "EIXO_ACESSO", "COMP": 71.9084, "KML_STYLE": "track001", "Shape_Leng": 98.003596911499997 }, "geometry": { "type": "LineString", "coordinates": [ [ -41.534804000187187, -10.659556999569773 ], [ -41.534430999865315, -10.658751999797701 ] ] } },
{ "type": "Feature", "properties": { "NAME": "EIXO_ACESSO", "LAYER": "Unknown Line Type", "FID_1": 0, "ESTRUTURA": "EIXO_ACESSO", "COMP": 71.9084, "KML_STYLE": "track001", "Shape_Leng": 51.4078710199 }, "geometry": { "type": "LineString", "coordinates": [ [ -41.497821999692796, -10.640031000213115 ], [ -41.497865000257043, -10.640002000336127 ], [ -41.497904999435484, -10.639968999665916 ], [ -41.497943000081925, -10.63993399985395 ], [ -41.498164000016956, -10.639714000398952 ] ] } },
{ "type": "Feature", "properties": { "NAME": "EIXO_ACESSO", "LAYER": "Unknown Line Type", "FID_1": 0, "ESTRUTURA": "EIXO_ACESSO", "COMP": 71.9084, "KML_STYLE": "track001", "Shape_Leng": 124.478666285 }, "geometry": { "type": "LineString", "coordinates": [ [ -41.496867999714766, -10.640642999780225 ], [ -41.497821999692796, -10.640031000213115 ] ] } },
{ "type": "Feature", "properties": { "NAME": "EIXO_ACESSO", "LAYER": "Unknown Line Type", "FID_1": 0, "ESTRUTURA": "EIXO_ACESSO", "COMP": 71.9084, "KML_STYLE": "track001", "Shape_Leng": 151.994412498 }, "geometry": { "type": "LineString", "coordinates": [ [ -41.497485000151485, -10.642733000346992 ], [ -41.497515999610947, -10.642669999932398 ], [ -41.497540999447978, -10.642604999732484 ], [ -41.497559000237494, -10.642538999881836 ], [ -41.497570999661605, -10.64246999995822 ], [ -41.497575999964717, -10.642400999783394 ], [ -41.497573999407592, -10.642330999971641 ], [ -41.497565999846927, -10.64226299977147 ], [ -41.497551000272686, -10.642195000227515 ], [ -41.497529999875454, -10.642129000306497 ], [ -41.497502000219342, -10.642064999829445 ], [ -41.497199999970498, -10.641455000232224 ] ] } },
{ "type": "Feature", "properties": { "NAME": "EIXO_ACESSO", "LAYER": "Unknown Line Type", "FID_1": 0, "ESTRUTURA": "EIXO_ACESSO", "COMP": 71.9084, "KML_STYLE": "track001", "Shape_Leng": 251.54941867900001 }, "geometry": { "type": "LineString", "coordinates": [ [ -41.497490999840799, -10.644902999888524 ], [ -41.497487000193246, -10.644895999829375 ], [ -41.49746800025877, -10.644863000313297 ], [ -41.497449999682871, -10.644830000059336 ], [ -41.497432000106265, -10.64479600039661 ], [ -41.497414999888022, -10.644761999996296 ], [ -41.497398999948608, -10.644727999754901 ], [ -41.497383000020811, -10.644694000415386 ], [ -41.497367999525025, -10.644659000035704 ], [ -41.497352999946855, -10.644623999647166 ], [ -41.497338999740812, -10.644589000328962 ], [ -41.497325999805284, -10.644554000266924 ], [ -41.497312999948186, -10.644517999900424 ], [ -41.497300999455241, -10.644481999701174 ], [ -41.497288999886777, -10.644446000397023 ], [ -41.497277999674687, -10.644410000356817 ], [ -41.497267999732067, -10.644373999573467 ], [ -41.497259000148254, -10.644336999551015 ], [ -41.497249999661534, -10.644300000438591 ], [ -41.49724100000158, -10.644263999814163 ], [ -41.497234000059535, -10.644227000119862 ], [ -41.497227000195359, -10.644189000121688 ], [ -41.497220999610612, -10.644151999691635 ], [ -41.497214999949108, -10.644115000157335 ], [ -41.497209999717029, -10.644076999584808 ], [ -41.497205999691552, -10.64404000038059 ], [ -41.49720199973612, -10.644001999969168 ], [ -41.49719900005482, -10.643963999719379 ], [ -41.497195999386435, -10.643926999779868 ], [ -41.497195000252397, -10.643888999853608 ], [ -41.497194000206264, -10.643850999934484 ], [ -41.497193000161481, -10.643813000015218 ], [ -41.497193999664532, -10.643775999827087 ], [ -41.497195000164801, -10.643738000231926 ], [ -41.497195999745117, -10.643699999740438 ], [ -41.497198999868431, -10.643661999573345 ], [ -41.497201999916399, -10.643624999709596 ], [ -41.497205000040381, -10.643586999542602 ], [ -41.497209999716937, -10.643550000010732 ], [ -41.497214999469051, -10.643512000175695 ], [ -41.497220000051307, -10.643474999733243 ], [ -41.497226999430289, -10.643437000230266 ], [ -41.497233000282122, -10.643399999950356 ], [ -41.497240999846795, -10.643363000009701 ], [ -41.49724899941053, -10.643326000069202 ], [ -41.497258000073437, -10.643289999683597 ], [ -41.497268000174529, -10.643253000067979 ], [ -41.497278000191052, -10.643216999852211 ], [ -41.497288999645242, -10.643180000406435 ], [ -41.497299999928046, -10.643144000353205 ], [ -41.497311999481845, -10.64310899986933 ], [ -41.497324999385846, -10.643073000148091 ], [ -41.497338000118006, -10.643037999819329 ], [ -41.497352000286426, -10.643002000260442 ], [ -41.497366999724633, -10.642967000270723 ], [ -41.497381999990601, -10.642932999673347 ], [ -41.497397999691927, -10.642897999845726 ], [ -41.497414000228176, -10.64286400031394 ], [ -41.497431999463721, -10.642830000217225 ], [ -41.497449000179181, -10.642797000246887 ], [ -41.49746700023875, -10.642763999542126 ], [ -41.497485000151485, -10.642733000346992 ] ] } },
{ "type": "Feature", "properties": { "NAME": "EIXO_ACESSO", "LAYER": "Unknown Line Type", "FID_1": 0, "ESTRUTURA": "EIXO_ACESSO", "COMP": 71.9084, "KML_STYLE": "track001", "Shape_Leng": 94.448034674499993 }, "geometry": { "type": "LineString", "coordinates": [ [ -41.497925999906599, -10.645640000162953 ], [ -41.497490999840799, -10.644902999888524 ] ] } },
{ "type": "Feature", "properties": { "NAME": "EIXO_ACESSO", "LAYER": "Unknown Line Type", "FID_1": 0, "ESTRUTURA": "EIXO_ACESSO", "COMP": 71.9084, "KML_STYLE": "track001", "Shape_Leng": 490.23646351899998 }, "geometry": { "type": "LineString", "coordinates": [ [ -41.503684999589275, -10.662447000035492 ], [ -41.504614999526908, -10.662544999646133 ], [ -41.504625999428875, -10.662546000437647 ], [ -41.504637999606267, -10.662547999842756 ], [ -41.504651000155441, -10.662548999978609 ], [ -41.504663999709749, -10.662551999811013 ], [ -41.504675999894701, -10.662554000118119 ], [ -41.50610599949789, -10.662827999898544 ], [ -41.506176999471052, -10.662837999767053 ], [ -41.506249000015394, -10.662841000379615 ], [ -41.506320999870496, -10.662836999818072 ], [ -41.506391999632847, -10.662825999764758 ], [ -41.506462000211499, -10.662808000214094 ], [ -41.506528999997343, -10.662784000330497 ], [ -41.506594000258445, -10.662752999932039 ], [ -41.506654999402606, -10.662715999991217 ], [ -41.506712999574475, -10.662672999710317 ], [ -41.506766000098281, -10.662625000055042 ], [ -41.506814000054064, -10.662572000131739 ], [ -41.506856000031121, -10.662513999817946 ], [ -41.506891999972531, -10.66245299970579 ], [ -41.506945999741667, -10.662350999604097 ], [ -41.506872999572778, -10.66250099983483 ], [ -41.50683200016104, -10.66258000013155 ], [ -41.506783000114545, -10.662653999804727 ], [ -41.506728999433527, -10.662724999801796 ], [ -41.506668999713426, -10.662790000006298 ], [ -41.506603999383962, -10.662851000234332 ], [ -41.506533999418025, -10.662905999885037 ], [ -41.506460000119418, -10.662956000271965 ], [ -41.50638199971624, -10.662998999912245 ], [ -41.506300999428063, -10.66303600011249 ] ] } },
{ "type": "Feature", "properties": { "NAME": "EIXO_ACESSO", "LAYER": "Unknown Line Type", "FID_1": 0, "ESTRUTURA": "EIXO_ACESSO", "COMP": 71.9084, "KML_STYLE": "track001", "Shape_Leng": 59.296640566000001 }, "geometry": { "type": "LineString", "coordinates": [ [ -41.505865999879894, -10.663345999768479 ], [ -41.505874000077917, -10.663336999894828 ], [ -41.505887000262454, -10.663323000059787 ], [ -41.505899000116976, -10.663309000104649 ], [ -41.505912999714553, -10.663295000396172 ], [ -41.505925999888191, -10.663280999656724 ], [ -41.505939000035809, -10.663268000116238 ], [ -41.505952999590086, -10.663254999798912 ], [ -41.505967000064039, -10.663242000377435 ], [ -41.505981999944431, -10.663229000178962 ], [ -41.505995999462932, -10.663217000156143 ], [ -41.506011000222216, -10.663205000245148 ], [ -41.506026000066775, -10.663193000341007 ], [ -41.506040999910098, -10.663181000436406 ], [ -41.506055999712856, -10.663169999923406 ], [ -41.506071999850086, -10.663159000432843 ], [ -41.506086999650478, -10.663147999918841 ], [ -41.506102999746048, -10.663137999819208 ], [ -41.506118999840453, -10.663127999719004 ], [ -41.506136000261762, -10.663117999737384 ], [ -41.506151999440327, -10.663107999643275 ], [ -41.50616899985917, -10.663097999660366 ], [ -41.506184999917274, -10.66308899985323 ], [ -41.506202000263244, -10.663080999556453 ], [ -41.506218999733562, -10.663071999874337 ], [ -41.506236999491705, -10.663063999702343 ], [ -41.506253999841817, -10.663056000306904 ], [ -41.506271000183489, -10.663048000007199 ], [ -41.506288999907021, -10.663041000128283 ], [ -41.506300999428063, -10.66303600011249 ] ] } },
{ "type": "Feature", "properties": { "NAME": "EIXO_ACESSO", "LAYER": "Unknown Line Type", "FID_1": 0, "ESTRUTURA": "EIXO_ACESSO", "COMP": 71.9084, "KML_STYLE": "track001", "Shape_Leng": 98.390799413600007 }, "geometry": { "type": "LineString", "coordinates": [ [ -41.505286999707593, -10.664026000278957 ], [ -41.505865999879894, -10.663345999768479 ] ] } },
{ "type": "Feature", "properties": { "NAME": "EIXO_ACESSO", "LAYER": "Unknown Line Type", "FID_1": 0, "ESTRUTURA": "EIXO_ACESSO", "COMP": 71.9084, "KML_STYLE": "track001", "Shape_Leng": 133.57764103 }, "geometry": { "type": "LineString", "coordinates": [ [ -41.508792999550138, -10.667142999838671 ], [ -41.508789999425879, -10.667143999801631 ], [ -41.50877699953022, -10.667147000148304 ], [ -41.508764999966075, -10.66714999969872 ], [ -41.508752999495506, -10.667153000159606 ], [ -41.508739999591349, -10.667155999601359 ], [ -41.508728000053758, -10.667157999760661 ], [ -41.508715000176544, -10.667159999811631 ], [ -41.508702000278774, -10.667163000155503 ], [ -41.508689999847114, -10.667164000027364 ], [ -41.50867699996904, -10.667166000076863 ], [ -41.508664000111025, -10.667166999832402 ], [ -41.508651999658355, -10.667168999996326 ], [ -41.508638999799899, -10.667169999750882 ], [ -41.508625999969126, -10.667170000114973 ], [ -41.508613999536294, -10.667170999984036 ], [ -41.508600999705244, -10.667171000347116 ], [ -41.508587999866663, -10.667170999806089 ], [ -41.508575000035357, -10.667171000168088 ], [ -41.508562999622548, -10.667170999741714 ], [ -41.508549999811756, -10.667169999809136 ], [ -41.508537000000914, -10.667168999875985 ], [ -41.508524000190036, -10.667167999942288 ], [ -41.508511999805172, -10.667167000123914 ], [ -41.508499000015135, -10.66716499989557 ], [ -41.508486000204186, -10.667163999960211 ], [ -41.508473999840263, -10.667161999846744 ], [ -41.508461000050325, -10.667159999616697 ], [ -41.508448999715, -10.667157000112132 ], [ -41.508435999925197, -10.66715499988096 ], [ -41.5084239995901, -10.667152000375333 ], [ -41.50841099982167, -10.667148999849415 ], [ -41.508398999486843, -10.667146000342703 ], [ -41.508387000058235, -10.667142999924618 ], [ -41.508373999405471, -10.667139000014183 ], [ -41.50836200000596, -10.667135000204894 ], [ -41.508349999693188, -10.66713100040238 ], [ -41.508337999373218, -10.667126999695805 ], [ -41.508325999995897, -10.667121999591217 ], [ -41.508313999683814, -10.667117999787093 ], [ -41.508302999733083, -10.66711299979802 ], [ -41.508290999443126, -10.667107999699137 ], [ -41.508279000066956, -10.667102999592394 ], [ -41.508268000146231, -10.667097000211614 ], [ -41.508257000218478, -10.667090999926822 ], [ -41.508244999929808, -10.66708599982581 ], [ -41.508234000032004, -10.667079000149769 ], [ -41.508223000105367, -10.667072999863469 ], [ -41.5082120001791, -10.667066999576669 ], [ -41.50820099936908, -10.667059999906469 ], [ -41.508189999473004, -10.667053000228426 ], [ -41.508179999909366, -10.667045999756073 ], [ -41.508169000014178, -10.667039000077063 ], [ -41.508158999537912, -10.667031999611144 ], [ -41.508149000005126, -10.667023999747167 ], [ -41.508138999537145, -10.667017000183932 ], [ -41.508129000005319, -10.667009000319078 ], [ -41.508118999553083, -10.667000999557578 ], [ -41.508109000051981, -10.666992000301512 ], [ -41.508099999940036, -10.666983999649128 ], [ -41.508089999526526, -10.666975000399539 ], [ -41.508080999415569, -10.666966999746375 ], [ -41.508072000248433, -10.666957999695178 ], [ -41.50806300016832, -10.666948999650907 ], [ -41.508054000088755, -10.666939999606253 ], [ -41.507773999938088, -10.666639999860577 ] ] } },
{ "type": "Feature", "properties": { "NAME": "EIXO_ACESSO", "LAYER": "Unknown Line Type", "FID_1": 0, "ESTRUTURA": "EIXO_ACESSO", "COMP": 71.9084, "KML_STYLE": "track001", "Shape_Leng": 685.85864402799996 }, "geometry": { "type": "LineString", "coordinates": [ [ -41.514738000047267, -10.66643800004975 ], [ -41.514728999760912, -10.66644899969311 ], [ -41.514715999967166, -10.666462999831728 ], [ -41.514703000172254, -10.666476999970055 ], [ -41.514689999462696, -10.666491000115458 ], [ -41.514676999665447, -10.666505000253222 ], [ -41.514663999868255, -10.6665180001017 ], [ -41.514649999735816, -10.666532000149505 ], [ -41.514635999603385, -10.666544999907943 ], [ -41.5146219994785, -10.666557000280511 ], [ -41.514606999924126, -10.666569999941366 ], [ -41.514592999796882, -10.666582000313118 ], [ -41.514578000241421, -10.666593999684046 ], [ -41.514562999778654, -10.6666059999654 ], [ -41.514548000229667, -10.66661699994985 ], [ -41.514531999432734, -10.666627999851489 ], [ -41.514516999881401, -10.666638999834934 ], [ -41.514500999995505, -10.666649999728126 ], [ -41.514485000117489, -10.666660000235149 ], [ -41.514469000230889, -10.666669999838062 ], [ -41.514452000017009, -10.666680000254006 ], [ -41.514436000128043, -10.666689999855683 ], [ -41.514418999913609, -10.666698999981142 ], [ -41.514401999698016, -10.666708000105881 ], [ -41.514384999481273, -10.666717000229939 ], [ -41.514368000178891, -10.66672500005672 ], [ -41.514350999961962, -10.666732999890106 ], [ -41.514332999410165, -10.666740999632532 ], [ -41.514316000114192, -10.666748000071367 ], [ -41.514297999569884, -10.66675500042645 ], [ -41.514279999930608, -10.66676199986979 ], [ -41.514261999384239, -10.666769000223164 ], [ -41.514243999752743, -10.666775000279028 ], [ -41.514226000120317, -10.66678100033401 ], [ -41.514207999573486, -10.666787000395445 ], [ -41.514188999607697, -10.666792000068662 ], [ -41.514170999975157, -10.666796999831575 ], [ -41.514152000015088, -10.666802000406348 ], [ -41.514133999470147, -10.666805999885344 ], [ -41.514114999511222, -10.66681000016872 ], [ -41.514095999544104, -10.666813999547522 ], [ -41.514076999594003, -10.666817000442911 ], [ -41.514058999962714, -10.666819999621213 ], [ -41.514040000003938, -10.666822999610996 ], [ -41.513718999504853, -10.666865999865095 ], [ -41.513704999385851, -10.666868000021402 ], [ -41.513685999419884, -10.666869999701371 ], [ -41.513666000039564, -10.666872000184172 ], [ -41.51364700007683, -10.666872999572124 ], [ -41.51362800012113, -10.666873999862512 ], [ -41.513609000165033, -10.66687500015175 ], [ -41.513590000208545, -10.666876000439881 ], [ -41.513571000256192, -10.666876000437052 ], [ -41.513551999390081, -10.66687600044043 ], [ -41.51353299944185, -10.666875000145469 ], [ -41.513513999493483, -10.666873999849303 ], [ -41.513494000130997, -10.666873000355343 ], [ -41.513475000182325, -10.666872000056767 ], [ -41.513456000245839, -10.666870000370652 ], [ -41.513436999388425, -10.666867999787106 ], [ -41.513417999456955, -10.666864999808642 ], [ -41.513398999525585, -10.666861999828935 ], [ -41.51338099992924, -10.666858999941178 ], [ -41.513361999998104, -10.666855999959054 ], [ -41.513343000072368, -10.666851999685701 ], [ -41.513324000154299, -10.666848000314623 ], [ -41.513305999655906, -10.666842999849525 ], [ -41.513286999730958, -10.666838999572414 ], [ -41.513269000154139, -10.666834000001106 ], [ -41.513250000248405, -10.666828000044942 ], [ -41.513231999751476, -10.666822999575027 ], [ -41.513214000181577, -10.666816999710063 ], [ -41.513195999704486, -10.666809999561142 ], [ -41.512099999550934, -10.666416000441917 ], [ -41.512017999916225, -10.666389999999184 ], [ -41.511933999553158, -10.666370000178128 ], [ -41.511848000265523, -10.666357000351075 ], [ -41.511761999968101, -10.666350999833702 ], [ -41.51167599959436, -10.666351000135837 ], [ -41.511590000026473, -10.666357999735549 ], [ -41.511504999773791, -10.666371999651945 ], [ -41.511420999744523, -10.666392999879792 ], [ -41.508792999550138, -10.667142999838671 ] ] } },
{ "type": "Feature", "properties": { "NAME": "EIXO_ACESSO", "LAYER": "Unknown Line Type", "FID_1": 0, "ESTRUTURA": "EIXO_ACESSO", "COMP": 71.9084, "KML_STYLE": "track001", "Shape_Leng": 193.85835384699999 }, "geometry": { "type": "LineString", "coordinates": [ [ -41.515999000063481, -10.665253999936276 ], [ -41.515915999405351, -10.665278000392011 ], [ -41.515834999374974, -10.665309000308556 ], [ -41.51575699938892, -10.66534600039785 ], [ -41.515681999437298, -10.665388999759379 ], [ -41.515610999861508, -10.665438000290184 ], [ -41.515543999731385, -10.665491999905285 ], [ -41.51548099997531, -10.665551000407239 ], [ -41.51542299999474, -10.665615000086422 ], [ -41.514738000047267, -10.66643800004975 ] ] } },
{ "type": "Feature", "properties": { "NAME": "EIXO_ACESSO", "LAYER": "Unknown Line Type", "FID_1": 0, "ESTRUTURA": "EIXO_ACESSO", "COMP": 71.9084, "KML_STYLE": "track001", "Shape_Leng": 436.17047333599999 }, "geometry": { "type": "LineString", "coordinates": [ [ -41.519779999429275, -10.664130999820589 ], [ -41.519773000029403, -10.664140000036211 ], [ -41.519765999721898, -10.66414999964093 ], [ -41.519758000013567, -10.664160000066977 ], [ -41.519749999377623, -10.664169000214915 ], [ -41.519741000252949, -10.664178999655032 ], [ -41.519732999629639, -10.664189000088143 ], [ -41.519723999584251, -10.664198000153544 ], [ -41.519715999859855, -10.664207000293704 ], [ -41.519706999813458, -10.664216000358843 ], [ -41.519697999766528, -10.664225000423837 ], [ -41.519688999711633, -10.664233999585154 ], [ -41.51967900024944, -10.664242000185663 ], [ -41.519670000200918, -10.664251000250196 ], [ -41.519659999816731, -10.664258999954132 ], [ -41.519649999431991, -10.664266999657865 ], [ -41.519639999967616, -10.664275000257591 ], [ -41.519629999581781, -10.664282999960912 ], [ -41.519620000103018, -10.664290000274764 ], [ -41.51960999971611, -10.664297999977686 ], [ -41.519598999914415, -10.66430500021591 ], [ -41.519588000104719, -10.66431199955033 ], [ -41.5195779997104, -10.664318999870618 ], [ -41.519566999893911, -10.664324999822577 ], [ -41.519556000090041, -10.664332000059716 ], [ -41.519545000272537, -10.664338000011098 ], [ -41.519533999541046, -10.664343999969548 ], [ -41.519521999400418, -10.664349999844921 ], [ -41.519510999581399, -10.664355999795395 ], [ -41.519499999756363, -10.66436100036359 ], [ -41.51948799960126, -10.664365999952425 ], [ -41.5194759994531, -10.664371000444429 ], [ -41.519464000210505, -10.664376000025147 ], [ -41.519452999462764, -10.664380999695833 ], [ -41.519441000213881, -10.664384999893819 ], [ -41.519429000063873, -10.66439000038436 ], [ -41.519416999893224, -10.664393999685389 ], [ -41.519403999407245, -10.664397999813813 ], [ -41.519392000144038, -10.664400999724595 ], [ -41.51937999997962, -10.664404999927955 ], [ -41.519367999802228, -10.664407999845286 ], [ -41.515999000063481, -10.665253999936276 ] ] } },
{ "type": "Feature", "properties": { "NAME": "EIXO_ACESSO", "LAYER": "Unknown Line Type", "FID_1": 0, "ESTRUTURA": "EIXO_ACESSO", "COMP": 71.9084, "KML_STYLE": "track001", "Shape_Leng": 166.846846607 }, "geometry": { "type": "LineString", "coordinates": [ [ -41.520673999400998, -10.662910000008957 ], [ -41.519939999720378, -10.663912000263322 ], [ -41.519779999429275, -10.664130999820589 ] ] } },
{ "type": "Feature", "properties": { "NAME": "EIXO_ACESSO", "LAYER": "Unknown Line Type", "FID_1": 0, "ESTRUTURA": "EIXO_ACESSO", "COMP": 71.9084, "KML_STYLE": "track001", "Shape_Leng": 185.569197049 }, "geometry": { "type": "LineString", "coordinates": [ [ -41.519065999998446, -10.66116099965196 ], [ -41.519055999595508, -10.661156000117604 ], [ -41.519044999785294, -10.661150000210091 ], [ -41.51903299965447, -10.661142999936668 ], [ -41.519021999845044, -10.661137000028132 ], [ -41.519011999425601, -10.661129999919847 ], [ -41.519000999616928, -10.661124000010368 ], [ -41.518989999799828, -10.661116999814313 ], [ -41.518979999381621, -10.661109999704664 ], [ -41.518968999564109, -10.66110200012506 ], [ -41.518959000060278, -10.661095000007158 ], [ -41.518948999634745, -10.661086999610063 ], [ -41.518939000130601, -10.661079000108689 ], [ -41.51892899970607, -10.661070999710693 ], [ -41.518919000202921, -10.661063000208456 ], [ -41.518910000091168, -10.661054999889405 ], [ -41.518899999667077, -10.661046000107497 ], [ -41.51889099955531, -10.661037000405024 ], [ -41.518881999445028, -10.661029000084813 ], [ -41.518873000247758, -10.66102000037424 ], [ -41.518864000129241, -10.661010000384417 ], [ -41.518855999410356, -10.661000999864264 ], [ -41.518847000214691, -10.66099200015255 ], [ -41.518838999496019, -10.660982000249069 ], [ -41.518830999691367, -10.660972000337882 ], [ -41.518822999887981, -10.660962999809065 ], [ -41.518815000084409, -10.66095299989723 ], [ -41.518806999359832, -10.660941999706166 ], [ -41.518799999868868, -10.660931999873942 ], [ -41.518792999464942, -10.660922000048805 ], [ -41.518785999966973, -10.660910999929795 ], [ -41.51877899956407, -10.660901000104118 ], [ -41.518772000067202, -10.660889999984542 ], [ -41.518765999968757, -10.660878999952468 ], [ -41.518758999559516, -10.660867999839722 ], [ -41.518752999462095, -10.660856999807175 ], [ -41.518746999365177, -10.660845999774395 ], [ -41.518741999579603, -10.660834000439184 ], [ -41.518735999483674, -10.660823000405999 ], [ -41.51873099969194, -10.660811999549646 ], [ -41.518725999907808, -10.660800000213884 ], [ -41.51872100011672, -10.66078799997439 ], [ -41.518715999420309, -10.660777000028414 ], [ -41.518711999941161, -10.66076499986927 ], [ -41.518707999548965, -10.660752999717328 ], [ -41.51833700019268, -10.659691999681536 ] ] } },
{ "type": "Feature", "properties": { "NAME": "EIXO_ACESSO", "LAYER": "Unknown Line Type", "FID_1": 0, "ESTRUTURA": "EIXO_ACESSO", "COMP": 71.9084, "KML_STYLE": "track001", "Shape_Leng": 303.845989492 }, "geometry": { "type": "LineString", "coordinates": [ [ -41.520673999400998, -10.662910000008957 ], [ -41.520712999979722, -10.662851999973704 ], [ -41.520745000126595, -10.662791000366502 ], [ -41.520771999540756, -10.662726000153155 ], [ -41.520791999468557, -10.662660000028469 ], [ -41.520804999898921, -10.66259199970813 ], [ -41.520812000254331, -10.662522999556666 ], [ -41.520812999641386, -10.662453999865543 ], [ -41.520806000167632, -10.662384999562796 ], [ -41.520792999750078, -10.662317000002632 ], [ -41.520774000211759, -10.662250000265191 ], [ -41.520747999438285, -10.662185999956064 ], [ -41.520715999565539, -10.662123999750044 ], [ -41.52067799971249, -10.662066000221518 ], [ -41.520633999865105, -10.662011999560836 ], [ -41.520585999752235, -10.661961999727179 ], [ -41.520532999965674, -10.661915999733866 ], [ -41.520475999932927, -10.661876000229759 ], [ -41.520414999643727, -10.661842000309614 ], [ -41.519065999998446, -10.66116099965196 ] ] } },
{ "type": "Feature", "properties": { "NAME": "EIXO_ACESSO", "LAYER": "Unknown Line Type", "FID_1": 0, "ESTRUTURA": "EIXO_ACESSO", "COMP": 71.9084, "KML_STYLE": "track001", "Shape_Leng": 303.68140127100003 }, "geometry": { "type": "LineString", "coordinates": [ [ -41.532705000007958, -10.646968999972446 ], [ -41.532701999405496, -10.646973000036761 ], [ -41.532692999502601, -10.646986999864604 ], [ -41.532683000221517, -10.647000000265574 ], [ -41.532673000018768, -10.647012999770263 ], [ -41.532662999779973, -10.647024999901674 ], [ -41.532652000240844, -10.647038000255867 ], [ -41.53264099977995, -10.647050999713747 ], [ -41.532630999538753, -10.64706299984468 ], [ -41.532618999698556, -10.647074999875199 ], [ -41.532608000113314, -10.647086999951934 ], [ -41.53259699957124, -10.647097999759142 ], [ -41.532584999728357, -10.647109999788968 ], [ -41.532572999849492, -10.647121000445319 ], [ -41.532560999962286, -10.647132000197885 ], [ -41.532547999818092, -10.647142999903547 ], [ -41.532535999929088, -10.647153999655547 ], [ -41.532522999748089, -10.647163999987335 ], [ -41.532509999566187, -10.64717400031879 ], [ -41.532496999375923, -10.647183999746364 ], [ -41.532484000105647, -10.647194000069733 ], [ -41.532470999921038, -10.647204000400116 ], [ -41.532456999436931, -10.647213000406492 ], [ -41.532442999865339, -10.647222000405039 ], [ -41.532428999379405, -10.647231000410526 ], [ -41.532414999763915, -10.647239000131343 ], [ -41.532401000189623, -10.647248000128554 ], [ -41.532386999659018, -10.64725599985584 ], [ -41.532371999791806, -10.647264000431715 ], [ -41.532358000130984, -10.647270999873765 ], [ -41.532343000254599, -10.647278999545074 ], [ -41.532327999429519, -10.647285999849824 ], [ -41.532312999475238, -10.647291999869704 ], [ -41.532297999561983, -10.647299000165933 ], [ -41.532282999606196, -10.647305000184671 ], [ -41.532266999392824, -10.647311000155414 ], [ -41.532251999435552, -10.647317000172933 ], [ -41.532236000134034, -10.647323000134987 ], [ -41.532221000133767, -10.647327999874303 ], [ -41.532204999875859, -10.647332999565419 ], [ -41.532188999583298, -10.647336999882366 ], [ -41.532173000237464, -10.647341999564691 ], [ -41.532156999943673, -10.647345999880205 ], [ -41.530128999569783, -10.647851999968234 ] ] } },
{ "type": "Feature", "properties": { "NAME": "EIXO_ACESSO", "LAYER": "Unknown Line Type", "FID_1": 0, "ESTRUTURA": "EIXO_ACESSO", "COMP": 71.9084, "KML_STYLE": "track001", "Shape_Leng": 74.862255371800003 }, "geometry": { "type": "LineString", "coordinates": [ [ -41.533092999921962, -10.646411999879811 ], [ -41.532705000007958, -10.646968999972446 ] ] } },
{ "type": "Feature", "properties": { "NAME": "EIXO_ACESSO", "LAYER": "Unknown Line Type", "FID_1": 0, "ESTRUTURA": "EIXO_ACESSO", "COMP": 71.9084, "KML_STYLE": "track001", "Shape_Leng": 351.89929133499999 }, "geometry": { "type": "LineString", "coordinates": [ [ -41.502705999692019, -10.638505999998216 ], [ -41.502788000178171, -10.638489000006741 ], [ -41.502867999618502, -10.638465999717972 ], [ -41.502945999843632, -10.638437000023362 ], [ -41.503020999679919, -10.638401999881536 ], [ -41.503094000227343, -10.638361999734609 ], [ -41.503163000079425, -10.638317000201248 ], [ -41.503228999537384, -10.638266000228645 ], [ -41.503291000058212, -10.638211000256034 ], [ -41.50334799962711, -10.638150999854691 ], [ -41.503400000020058, -10.638087000215277 ], [ -41.503446999397795, -10.638018999547441 ], [ -41.503488999545006, -10.637947999944569 ], [ -41.503525999536755, -10.637873999608297 ], [ -41.504385000080553, -10.635943999904645 ] ] } },
{ "type": "Feature", "properties": { "NAME": "EIXO_ACESSO", "LAYER": "Unknown Line Type", "FID_1": 0, "ESTRUTURA": "EIXO_ACESSO", "COMP": 71.9084, "KML_STYLE": "track001", "Shape_Leng": 593.87268674799998 }, "geometry": { "type": "LineString", "coordinates": [ [ -41.497848999979333, -10.640255000115426 ], [ -41.49785599946528, -10.64023799974599 ], [ -41.497867000093358, -10.640207999709457 ], [ -41.497878999989553, -10.640179000145862 ], [ -41.49789099987666, -10.640149999678698 ], [ -41.49790400002837, -10.64012100027769 ], [ -41.497917000094738, -10.640093000276051 ], [ -41.497930999580568, -10.640064000141221 ], [ -41.497946000153014, -10.640035999560927 ], [ -41.497960999817082, -10.640007999891326 ], [ -41.49797599939555, -10.639980999620969 ], [ -41.497992000226802, -10.63995300010621 ], [ -41.498008000058903, -10.639925999997896 ], [ -41.498025000070896, -10.639900000354601 ], [ -41.498042000156097, -10.639873000408116 ], [ -41.498059999500086, -10.639847000030217 ], [ -41.498077999754706, -10.639820999644657 ], [ -41.498097000188672, -10.639795999723791 ], [ -41.498115999789299, -10.63977000041041 ], [ -41.498135000210056, -10.639744999585011 ], [ -41.498154999903832, -10.639721000134852 ], [ -41.498175999844655, -10.639696999942538 ], [ -41.498196999782309, -10.639672999749543 ], [ -41.498217999716779, -10.639648999555837 ], [ -41.498239999829856, -10.639625999826078 ], [ -41.498261999864397, -10.639604000398229 ], [ -41.498283999963654, -10.639580999763231 ], [ -41.498307000241333, -10.639558999591845 ], [ -41.498329999527179, -10.639537999729455 ], [ -41.498353999979905, -10.639517000020353 ], [ -41.498377999515846, -10.639496000317427 ], [ -41.498401999879533, -10.639476000005201 ], [ -41.498426999582989, -10.639455999860479 ], [ -41.49845200019643, -10.639435999707214 ], [ -41.498476999818322, -10.639416999862553 ], [ -41.498502999611119, -10.639398999576782 ], [ -41.498528999482524, -10.639379999890517 ], [ -41.498555000107544, -10.63936299989706 ], [ -41.498582000071927, -10.63934600007034 ], [ -41.498609000032999, -10.639329000241958 ], [ -41.498635999990761, -10.639312000411914 ], [ -41.498664000045174, -10.63929700044234 ], [ -41.498692000170564, -10.639281000168404 ], [ -41.498720000218597, -10.639266000195063 ], [ -41.498748000182168, -10.639251999618665 ], [ -41.498776999492158, -10.639238000111618 ], [ -41.498804999375892, -10.639224999833637 ], [ -41.498834999767475, -10.639211999874229 ], [ -41.498863999900706, -10.639198999752349 ], [ -41.498892999883907, -10.639188000232924 ], [ -41.498923000185741, -10.639175999665456 ], [ -41.498952999505264, -10.639165000308735 ], [ -41.498982999654849, -10.639155000341013 ], [ -41.499012999801884, -10.639145000370871 ], [ -41.499044000120861, -10.639135999956595 ], [ -41.499074000189843, -10.639127000283649 ], [ -41.499104999517634, -10.639119000173562 ], [ -41.499135999756547, -10.639111000053509 ], [ -41.49916699992049, -10.639104000232836 ], [ -41.499198000082338, -10.639097000409434 ], [ -41.499229000162224, -10.639090999981772 ], [ -41.499260999508998, -10.639086000019637 ], [ -41.502705999692019, -10.638505999998216 ] ] } },
{ "type": "Feature", "properties": { "NAME": "EIXO_ACESSO", "LAYER": "Unknown Line Type", "FID_1": 0, "ESTRUTURA": "EIXO_ACESSO", "COMP": 71.9084, "KML_STYLE": "track001", "Shape_Leng": 103.101883448 }, "geometry": { "type": "LineString", "coordinates": [ [ -41.497479000205999, -10.641106999823219 ], [ -41.497531000212525, -10.641035999580099 ], [ -41.497578000204726, -10.640959999706142 ], [ -41.497617999425458, -10.640881999883291 ], [ -41.497650999867183, -10.640800000395908 ], [ -41.497848999979333, -10.640255000115426 ] ] } },
{ "type": "Feature", "properties": { "NAME": "EIXO_ACESSO", "LAYER": "Unknown Line Type", "FID_1": 0, "ESTRUTURA": "EIXO_ACESSO", "COMP": 71.9084, "KML_STYLE": "track001", "Shape_Leng": 133.288035286 }, "geometry": { "type": "LineString", "coordinates": [ [ -41.496808000146935, -10.642100000302809 ], [ -41.496808999975919, -10.64209399955616 ], [ -41.496814000017253, -10.642076000356122 ], [ -41.496819999403549, -10.64205800042445 ], [ -41.49682499943674, -10.642040000320922 ], [ -41.49683099973555, -10.642022000382021 ], [ -41.496837000033878, -10.642004000443141 ], [ -41.496843999676805, -10.641985999772588 ], [ -41.496849999974096, -10.641967999833758 ], [ -41.496857999803517, -10.641950999631453 ], [ -41.496864999451965, -10.641932999864487 ], [ -41.496873000193418, -10.641915999654863 ], [ -41.49688100002809, -10.641899000356071 ], [ -41.49688899985469, -10.641882000153702 ], [ -41.496897999945993, -10.641865000115793 ], [ -41.496907000036465, -10.641848000077848 ], [ -41.49691600004811, -10.641832000343458 ], [ -41.496925999481377, -10.641814999573556 ], [ -41.496934999491337, -10.641798999839052 ], [ -41.496944999765617, -10.641783000268875 ], [ -41.496955999383253, -10.641766999966702 ], [ -41.496966999913269, -10.641750999657111 ], [ -41.496977000106789, -10.641736000390177 ], [ -41.496988999986279, -10.64172000025191 ], [ -41.496999999521947, -10.641705000252729 ], [ -41.497012000234825, -10.641690000410376 ], [ -41.497479000205999, -10.641106999823219 ] ] } },
{ "type": "Feature", "properties": { "NAME": "EIXO_ACESSO", "LAYER": "Unknown Line Type", "FID_1": 0, "ESTRUTURA": "EIXO_ACESSO", "COMP": 71.9084, "KML_STYLE": "track001", "Shape_Leng": 261.53345330600001 }, "geometry": { "type": "LineString", "coordinates": [ [ -41.496353999679172, -10.644403000245749 ], [ -41.496350999743015, -10.644392000024148 ], [ -41.496347000100592, -10.644374000221518 ], [ -41.49634399989737, -10.644355000286513 ], [ -41.496340000248978, -10.644336999579997 ], [ -41.496337000047063, -10.644317999644706 ], [ -41.496333999845781, -10.644298999709282 ], [ -41.496331999840834, -10.644281000242149 ], [ -41.496328999640752, -10.644262000306481 ], [ -41.496327999981183, -10.644242999796225 ], [ -41.496326000055817, -10.644224000024916 ], [ -41.49632499949103, -10.644205000425385 ], [ -41.496323999832711, -10.644185999914958 ], [ -41.496323999534731, -10.644166999576377 ], [ -41.496324000157813, -10.644148000134074 ], [ -41.496323999782199, -10.644130000099372 ], [ -41.496323999485028, -10.644110999760748 ], [ -41.496324999461251, -10.644091999586765 ], [ -41.49632599944497, -10.64407300031634 ], [ -41.4963279996945, -10.644054000307063 ], [ -41.496329999944038, -10.644035000297807 ], [ -41.496332000193604, -10.644016000288572 ], [ -41.496333999444154, -10.643997999687002 ], [ -41.496336999966502, -10.643978999842535 ], [ -41.496339999575305, -10.643960000005364 ], [ -41.496343999371021, -10.643941999733338 ], [ -41.49634800016554, -10.643923000053691 ], [ -41.49635199996078, -10.643904999781739 ], [ -41.496355999841398, -10.643886000109465 ], [ -41.496808000146935, -10.642100000302809 ] ] } },
{ "type": "Feature", "properties": { "NAME": "EIXO_ACESSO", "LAYER": "Unknown Line Type", "FID_1": 0, "ESTRUTURA": "EIXO_ACESSO", "COMP": 71.9084, "KML_STYLE": "track001", "Shape_Leng": 231.958605474 }, "geometry": { "type": "LineString", "coordinates": [ [ -41.496956000152124, -10.646393000344098 ], [ -41.49695100005151, -10.646387999822474 ], [ -41.496942000063804, -10.646379000146801 ], [ -41.496933999435953, -10.646369999735496 ], [ -41.496924999449284, -10.646361000059072 ], [ -41.496915999463141, -10.646352000382283 ], [ -41.49690799982482, -10.646341999659322 ], [ -41.496900000119773, -10.64633300014296 ], [ -41.496891999576448, -10.646323000330202 ], [ -41.496883999939747, -10.646312999606263 ], [ -41.496875999397524, -10.646302999792825 ], [ -41.496869000049195, -10.646293000133097 ], [ -41.496860999582836, -10.646282000015654 ], [ -41.496854000235565, -10.646272000355356 ], [ -41.496847000050202, -10.646261000398662 ], [ -41.496839999783155, -10.646250999841547 ], [ -41.496833999878653, -10.646240000045763 ], [ -41.496826999694903, -10.646229000088267 ], [ -41.496820999791424, -10.646218000292015 ], [ -41.496814999881082, -10.646206999591989 ], [ -41.496809999419824, -10.6461949996607 ], [ -41.496803999517823, -10.646183999863812 ], [ -41.496798999895901, -10.646173000228325 ], [ -41.496793000069971, -10.646161000127568 ], [ -41.496787999528173, -10.646149999595421 ], [ -41.496784000262231, -10.646137999817633 ], [ -41.496778999803823, -10.646125999885271 ], [ -41.496774999625295, -10.646114000114482 ], [ -41.496770000081263, -10.646102000174492 ], [ -41.496765999903587, -10.64609000040342 ], [ -41.496762999998268, -10.646077999890466 ], [ -41.496758999821395, -10.646066000119133 ], [ -41.496755999916779, -10.646053999605982 ], [ -41.496753000019865, -10.646041999996275 ], [ -41.496353999679172, -10.644403000245749 ] ] } },
{ "type": "Feature", "properties": { "NAME": "EIXO_ACESSO", "LAYER": "Unknown Line Type", "FID_1": 0, "ESTRUTURA": "EIXO_ACESSO", "COMP": 71.9084, "KML_STYLE": "track001", "Shape_Leng": 102.91634840099999 }, "geometry": { "type": "LineString", "coordinates": [ [ -41.497352999954032, -10.647186000185233 ], [ -41.497359999709118, -10.647117999729009 ], [ -41.497360000245436, -10.647049999944178 ], [ -41.497352999733444, -10.646981999940689 ], [ -41.497340000213391, -10.646915000164803 ], [ -41.497320999781664, -10.646850000028982 ], [ -41.497294999994189, -10.646787000260749 ], [ -41.497263999581925, -10.646726000288018 ], [ -41.497226999938647, -10.646668999636963 ], [ -41.497184000240033, -10.646614999816329 ], [ -41.497137000046401, -10.646564999647104 ], [ -41.496956000152124, -10.646393000344098 ] ] } },
{ "type": "Feature", "properties": { "NAME": "EIXO_ACESSO", "LAYER": "Unknown Line Type", "FID_1": 0, "ESTRUTURA": "EIXO_ACESSO", "COMP": 71.9084, "KML_STYLE": "track001", "Shape_Leng": 258.43855020199999 }, "geometry": { "type": "LineString", "coordinates": [ [ -41.497149000061306, -10.649495999997654 ], [ -41.497146999702629, -10.649492999676118 ], [ -41.497141000212956, -10.649474999591211 ], [ -41.497134999818115, -10.649457000416833 ], [ -41.497129999699467, -10.649438999593198 ], [ -41.497124999667932, -10.649420000273432 ], [ -41.497119999558308, -10.649402000352884 ], [ -41.497115999731975, -10.649383999686783 ], [ -41.49711199998535, -10.649364999621023 ], [ -41.497108000167806, -10.649346999858121 ], [ -41.497103999509221, -10.649327999799278 ], [ -41.497101000054442, -10.649308999891304 ], [ -41.4970979996151, -10.64929100029353 ], [ -41.497095999530245, -10.649271999647398 ], [ -41.497093999453263, -10.649252999904732 ], [ -41.497091999376799, -10.649234000161979 ], [ -41.4970900002143, -10.649215000411838 ], [ -41.497088999435455, -10.649197000234151 ], [ -41.497087999642282, -10.649177999746049 ], [ -41.497088000145979, -10.649159000319962 ], [ -41.4970869994401, -10.649139999839059 ], [ -41.497088000226043, -10.649120999667858 ], [ -41.497087999817118, -10.649102000248988 ], [ -41.497088999689964, -10.649083000085069 ], [ -41.497089999562967, -10.649063999921152 ], [ -41.497091999724852, -10.6490449999158 ], [ -41.497092999598095, -10.649025999751903 ], [ -41.497095999976729, -10.649008000208235 ], [ -41.497098000138678, -10.648989000202953 ], [ -41.497352999954032, -10.647186000185233 ] ] } },
{ "type": "Feature", "properties": { "NAME": "EIXO_ACESSO", "LAYER": "Unknown Line Type", "FID_1": 0, "ESTRUTURA": "EIXO_ACESSO", "COMP": 71.9084, "KML_STYLE": "track001", "Shape_Leng": 327.30273806299999 }, "geometry": { "type": "LineString", "coordinates": [ [ -41.497888000178435, -10.652316000118535 ], [ -41.497911999936896, -10.652238000206269 ], [ -41.497931000096933, -10.652159000113494 ], [ -41.497943000073946, -10.652079000436652 ], [ -41.497949000164077, -10.651998000425415 ], [ -41.497949999681964, -10.651916999638731 ], [ -41.497943999878785, -10.651835999560749 ], [ -41.497932000143521, -10.651755000350963 ], [ -41.497913000027381, -10.651675999747576 ], [ -41.497889000209916, -10.651597999561226 ], [ -41.497149000061306, -10.649495999997654 ] ] } },
{ "type": "Feature", "properties": { "NAME": "EIXO_ACESSO", "LAYER": "Unknown Line Type", "FID_1": 0, "ESTRUTURA": "EIXO_ACESSO", "COMP": 71.9084, "KML_STYLE": "track001", "Shape_Leng": 198.10802336699999 }, "geometry": { "type": "LineString", "coordinates": [ [ -41.497539999621296, -10.654018999957275 ], [ -41.497538999524195, -10.65401599980002 ], [ -41.49753299938088, -10.654005000062716 ], [ -41.497527000151507, -10.653994000317914 ], [ -41.497521000076006, -10.653982000277702 ], [ -41.497516000231357, -10.653970999789744 ], [ -41.49751099954792, -10.653958999909978 ], [ -41.497505999711535, -10.653948000325229 ], [ -41.497500999942503, -10.653936000437826 ], [ -41.497496000166578, -10.653923999646675 ], [ -41.497491999722435, -10.65391300022238 ], [ -41.497488000251742, -10.653900999584621 ], [ -41.497483999875364, -10.653888999857555 ], [ -41.49747999949939, -10.653877000130377 ], [ -41.497476999495092, -10.653864000254316 ], [ -41.497473000026027, -10.653851999616039 ], [ -41.49746999995542, -10.653840000042289 ], [ -41.497466999877773, -10.653827999564879 ], [ -41.497465000179012, -10.653814999842247 ], [ -41.497462000109387, -10.653803000268242 ], [ -41.497459999423256, -10.653790999951729 ], [ -41.497457999725398, -10.653778000228902 ], [ -41.497455999953267, -10.653765999905008 ], [ -41.497454000255985, -10.653753000182068 ], [ -41.497452999874753, -10.653741000019254 ], [ -41.497451999560951, -10.65372799955388 ], [ -41.497451000168176, -10.653714999984736 ], [ -41.497449999787541, -10.653702999821837 ], [ -41.497449999785381, -10.653690000413899 ], [ -41.497449999708707, -10.653678000404939 ], [ -41.497449999699434, -10.653665000093426 ], [ -41.497449999690275, -10.653651999781903 ], [ -41.497449999613949, -10.653639999772917 ], [ -41.497450999908502, -10.653626999615399 ], [ -41.497452000135766, -10.653614999760412 ], [ -41.497452999516938, -10.653601999610192 ], [ -41.497453999744266, -10.653589999755235 ], [ -41.497455999428787, -10.653576999759052 ], [ -41.497456999723489, -10.65356399960157 ], [ -41.497459000254082, -10.653551999900694 ], [ -41.49746200017433, -10.653540000361144 ], [ -41.497463999858667, -10.653527000365024 ], [ -41.497466999771319, -10.653514999921974 ], [ -41.497469999691198, -10.65350300038248 ], [ -41.497472999670933, -10.653489999636905 ], [ -41.497475999590542, -10.653478000097465 ], [ -41.497478999502661, -10.653465999654465 ], [ -41.497482999724873, -10.653454000269081 ], [ -41.497486999939497, -10.653441999980158 ], [ -41.497491000153914, -10.653429999691241 ], [ -41.497888000178435, -10.652316000118535 ] ] } },
{ "type": "Feature", "properties": { "NAME": "EIXO_ACESSO", "LAYER": "Unknown Line Type", "FID_1": 0, "ESTRUTURA": "EIXO_ACESSO", "COMP": 71.9084, "KML_STYLE": "track001", "Shape_Leng": 164.38878528500001 }, "geometry": { "type": "LineString", "coordinates": [ [ -41.498267999880838, -10.655317999841245 ], [ -41.498263999963186, -10.655312000132929 ], [ -41.498256999452501, -10.655301000271816 ], [ -41.498249999785017, -10.655290999801439 ], [ -41.498243000188872, -10.655279999932493 ], [ -41.498236999988059, -10.655269000220844 ], [ -41.498229999479541, -10.655258000358661 ], [ -41.49822400018585, -10.655246999735702 ], [ -41.497539999621296, -10.654018999957275 ] ] } },
{ "type": "Feature", "properties": { "NAME": "EIXO_ACESSO", "LAYER": "Unknown Line Type", "FID_1": 0, "ESTRUTURA": "EIXO_ACESSO", "COMP": 71.9084, "KML_STYLE": "track001", "Shape_Leng": 85.778340974100004 }, "geometry": { "type": "LineString", "coordinates": [ [ -41.498709999581422, -10.655956999988367 ], [ -41.498678000190189, -10.655893000291135 ], [ -41.498639000157041, -10.655834000136858 ], [ -41.498267999880838, -10.655317999841245 ] ] } },
{ "type": "Feature", "properties": { "NAME": "EIXO_ACESSO", "LAYER": "Unknown Line Type", "FID_1": 0, "ESTRUTURA": "EIXO_ACESSO", "COMP": 71.9084, "KML_STYLE": "track001", "Shape_Leng": 211.211296812 }, "geometry": { "type": "LineString", "coordinates": [ [ -41.499390999453638, -10.65772799966628 ], [ -41.499390999840671, -10.657646000330759 ], [ -41.499383999913526, -10.657562999665027 ], [ -41.499370999825672, -10.657481999618593 ], [ -41.499351999639323, -10.657401999888762 ], [ -41.49932700026465, -10.657322999562616 ], [ -41.49929599982746, -10.657245999856807 ], [ -41.498709999581422, -10.655956999988367 ] ] } },
{ "type": "Feature", "properties": { "NAME": "EIXO_ACESSO", "LAYER": "Unknown Line Type", "FID_1": 0, "ESTRUTURA": "EIXO_ACESSO", "COMP": 71.9084, "KML_STYLE": "track001", "Shape_Leng": 117.549754079 }, "geometry": { "type": "LineString", "coordinates": [ [ -41.499564000265231, -10.658753000327819 ], [ -41.499553999862371, -10.658737000392291 ], [ -41.499543999453287, -10.65872099955264 ], [ -41.499533999966225, -10.658704999608677 ], [ -41.499523999566847, -10.65868899967144 ], [ -41.499514999543827, -10.658671999576583 ], [ -41.499505000060246, -10.658655999630939 ], [ -41.499496999444389, -10.658638999686101 ], [ -41.499487999424794, -10.658621999589748 ], [ -41.499479999724592, -10.658604999636736 ], [ -41.499472000089767, -10.658587000286088 ], [ -41.499463999478245, -10.658570000339502 ], [ -41.499457000091951, -10.658552999625618 ], [ -41.499449999864972, -10.658535000425003 ], [ -41.499442999631633, -10.658517000320451 ], [ -41.499436999717254, -10.658499000359619 ], [ -41.499430999739246, -10.658481999795722 ], [ -41.499424999891261, -10.658463000437054 ], [ -41.499419999376549, -10.658444999723219 ], [ -41.499413999465823, -10.658426999761227 ], [ -41.499410000191283, -10.658409000087369 ], [ -41.49940499974371, -10.658389999975583 ], [ -41.499400999557203, -10.65837200030864 ], [ -41.499396999428761, -10.658353000340686 ], [ -41.49939399955371, -10.65833499991415 ], [ -41.499390999744051, -10.658316000090203 ], [ -41.499387999935031, -10.658297000266117 ], [ -41.499385000061814, -10.658278999839194 ], [ -41.49938299965774, -10.658260000166532 ], [ -41.499381000160291, -10.658240999582954 ], [ -41.499380000074311, -10.658222000054579 ], [ -41.49937899998136, -10.658202999622581 ], [ -41.499377999896161, -10.658184000094097 ], [ -41.499376999803999, -10.658164999661995 ], [ -41.499377000036411, -10.658146000277924 ], [ -41.499377000204106, -10.658128000291123 ], [ -41.49937799983288, -10.658109000155275 ], [ -41.499390999453638, -10.65772799966628 ] ] } },
{ "type": "Feature", "properties": { "NAME": "EIXO_ACESSO", "LAYER": "Unknown Line Type", "FID_1": 0, "ESTRUTURA": "EIXO_ACESSO", "COMP": 71.9084, "KML_STYLE": "track001", "Shape_Leng": 255.77792223099999 }, "geometry": { "type": "LineString", "coordinates": [ [ -41.501116999604093, -10.660321000005522 ], [ -41.501114999872314, -10.66032099972357 ], [ -41.50110299956139, -10.660322999548574 ], [ -41.501089999898738, -10.660323999832533 ], [ -41.501077000235881, -10.660325000115984 ], [ -41.501064999974652, -10.660325999640143 ], [ -41.501051999448379, -10.6603259996304 ], [ -41.50103899978496, -10.660326999912302 ], [ -41.501026000171862, -10.66032699989419 ], [ -41.501013999967903, -10.660327000020475 ], [ -41.501000999491744, -10.660325999709078 ], [ -41.500987999878326, -10.660325999689375 ], [ -41.500974999409422, -10.660325000280437 ], [ -41.500963000169328, -10.660324000097891 ], [ -41.50094999969297, -10.660322999784322 ], [ -41.50093700018828, -10.660321000066851 ], [ -41.500925000034648, -10.660319999890103 ], [ -41.500911999616541, -10.660318000178828 ], [ -41.500899000104567, -10.660315999556136 ], [ -41.500887000009328, -10.660313999981772 ], [ -41.500873999642423, -10.660310999969195 ], [ -41.500861999598435, -10.660308000094176 ], [ -41.500849999554582, -10.660305000218628 ], [ -41.500837000101555, -10.660302000197042 ], [ -41.500825000057972, -10.660299000320419 ], [ -41.500813000065811, -10.660295000143632 ], [ -41.500799999751095, -10.660290999827946 ], [ -41.500787999759353, -10.660286999650038 ], [ -41.500775999775229, -10.660283000375163 ], [ -41.500763999783935, -10.660279000196205 ], [ -41.500753000167094, -10.660273999855512 ], [ -41.500741000235202, -10.660269000279346 ], [ -41.500728999382737, -10.660263999806379 ], [ -41.500716999451441, -10.660259000229097 ], [ -41.500705999835787, -10.660253999886422 ], [ -41.500695000279492, -10.660248000147057 ], [ -41.50068299948741, -10.660242000275741 ], [ -41.500671999924478, -10.660235999631826 ], [ -41.500660999455839, -10.660229999898259 ], [ -41.500649999901029, -10.660224000156921 ], [ -41.500638999485027, -10.660217000122579 ], [ -41.500627999982953, -10.660210000080447 ], [ -41.500617999890451, -10.660203000184111 ], [ -41.500606999475785, -10.660196000148314 ], [ -41.50059699938415, -10.660189000251087 ], [ -41.50058700025852, -10.660181000046308 ], [ -41.500575999845218, -10.660174000009071 ], [ -41.500565999807073, -10.660165999810657 ], [ -41.500557000091938, -10.660157999751055 ], [ -41.500547000114416, -10.660149000155492 ], [ -41.500537000077799, -10.6601409999558 ], [ -41.500527999450647, -10.660132999902311 ], [ -41.500518999797166, -10.660124000444807 ], [ -41.500510000136842, -10.660115000083382 ], [ -41.500500999563577, -10.660105999728854 ], [ -41.500491999911702, -10.6600970002702 ], [ -41.500483000252963, -10.660087999907624 ], [ -41.500475000063531, -10.660078000295128 ], [ -41.500465999492398, -10.660068999939098 ], [ -41.500458000217535, -10.66005900031864 ], [ -41.500450000022369, -10.660048999801582 ], [ -41.50044300015734, -10.660039000327448 ], [ -41.500434999963247, -10.660028999809768 ], [ -41.500428000099227, -10.660019000335073 ], [ -41.500419999966375, -10.660008000420357 ], [ -41.499564000265231, -10.658753000327819 ] ] } },
{ "type": "Feature", "properties": { "NAME": "EIXO_ACESSO", "LAYER": "Unknown Line Type", "FID_1": 0, "ESTRUTURA": "EIXO_ACESSO", "COMP": 71.9084, "KML_STYLE": "track001", "Shape_Leng": 711.56485643500002 }, "geometry": { "type": "LineString", "coordinates": [ [ -41.50699499986208, -10.660783999889201 ], [ -41.50698899985683, -10.660699000310196 ], [ -41.506975000046864, -10.660613999761175 ], [ -41.506955000108526, -10.660530999977565 ], [ -41.506929000038234, -10.660450000053705 ], [ -41.506895999521028, -10.660370999868347 ], [ -41.506855999481679, -10.660294000314446 ], [ -41.506810999568174, -10.66022100041736 ], [ -41.506759999463277, -10.66015200005517 ], [ -41.506703999492835, -10.66008700024768 ], [ -41.50664299961683, -10.660027000383847 ], [ -41.506576999866517, -10.659971000165397 ], [ -41.506506999578782, -10.659921000307778 ], [ -41.506432999689444, -10.659875999602452 ], [ -41.506355000135883, -10.659837999541782 ], [ -41.506274999787763, -10.659804999789415 ], [ -41.506192999479048, -10.659779000025168 ], [ -41.506109000117299, -10.659760000241322 ], [ -41.506022999904133, -10.659747000156333 ], [ -41.505936999468503, -10.659740000014303 ], [ -41.505850000244529, -10.659741000271092 ], [ -41.505764000183035, -10.659747999699491 ], [ -41.501116999604093, -10.660321000005522 ] ] } },
{ "type": "Feature", "properties": { "NAME": "EIXO_ACESSO", "LAYER": "Unknown Line Type", "FID_1": 0, "ESTRUTURA": "EIXO_ACESSO", "COMP": 71.9084, "KML_STYLE": "track001", "Shape_Leng": 173.17258127900001 }, "geometry": { "type": "LineString", "coordinates": [ [ -41.506951999395426, -10.662336999813233 ], [ -41.50697999983776, -10.662263999717746 ], [ -41.507002000224844, -10.662189000122442 ], [ -41.507018999927546, -10.662112999639952 ], [ -41.507029999554234, -10.662035999952929 ], [ -41.507035999388755, -10.661958999665989 ], [ -41.507036000069625, -10.66188100016619 ], [ -41.50699499986208, -10.660783999889201 ] ] } },
{ "type": "Feature", "properties": { "NAME": "EIXO_ACESSO", "LAYER": "Unknown Line Type", "FID_1": 0, "ESTRUTURA": "EIXO_ACESSO", "COMP": 71.9084, "KML_STYLE": "track001", "Shape_Leng": 267.001834637 }, "geometry": { "type": "LineString", "coordinates": [ [ -41.50634100000412, -10.664607999915093 ], [ -41.506335999679905, -10.664594999999158 ], [ -41.506328999769003, -10.664577000171199 ], [ -41.506321999859132, -10.6645590003429 ], [ -41.506316000275483, -10.664540999728228 ], [ -41.506309999786666, -10.664523000024145 ], [ -41.50630499963124, -10.664505000437368 ], [ -41.506299999469242, -10.664486999946812 ], [ -41.506295000228938, -10.664469000352272 ], [ -41.506290000098772, -10.664449999565887 ], [ -41.506286000278898, -10.664432000095912 ], [ -41.506281999576494, -10.664413000337705 ], [ -41.506277999750651, -10.664394999963827 ], [ -41.506274999381816, -10.664376000323067 ], [ -41.506271999919711, -10.664356999771302 ], [ -41.506268999521794, -10.664339000425661 ], [ -41.506266999479351, -10.664319999998833 ], [ -41.50626499943742, -10.664300999571896 ], [ -41.506262999403418, -10.664282000048434 ], [ -41.506261999694239, -10.664262999739272 ], [ -41.506260999992861, -10.664244000333589 ], [ -41.506260000254009, -10.664226000319722 ], [ -41.506259999964051, -10.664207000135692 ], [ -41.506259999674363, -10.664187999951642 ], [ -41.506260999716353, -10.664168999885579 ], [ -41.506260999427155, -10.66414999970152 ], [ -41.506261999469515, -10.664130999635454 ], [ -41.506263999843227, -10.664111999687435 ], [ -41.506264999885822, -10.664092999621394 ], [ -41.506267000259662, -10.664073999673413 ], [ -41.506270000020471, -10.664056000146244 ], [ -41.506271999480788, -10.664037000205639 ], [ -41.506275000185518, -10.664018000375815 ], [ -41.506279000269501, -10.664000000063256 ], [ -41.506282999477747, -10.663981000366221 ], [ -41.506286999591843, -10.663961999758344 ], [ -41.506290999682513, -10.663944000349467 ], [ -41.506296000096135, -10.663926000155138 ], [ -41.506300000209457, -10.663906999547397 ], [ -41.506306000046784, -10.663889000382088 ], [ -41.506310999545839, -10.663871000195188 ], [ -41.506316999374853, -10.663853000126389 ], [ -41.506323999533642, -10.663835000175672 ], [ -41.506330000244553, -10.663818000394977 ], [ -41.506336999481306, -10.663799999548061 ], [ -41.506343999638332, -10.663781999597383 ], [ -41.506951999395426, -10.662336999813233 ] ] } },
{ "type": "Feature", "properties": { "NAME": "EIXO_ACESSO", "LAYER": "Unknown Line Type", "FID_1": 0, "ESTRUTURA": "EIXO_ACESSO", "COMP": 71.9084, "KML_STYLE": "track001", "Shape_Leng": 128.90614421699999 }, "geometry": { "type": "LineString", "coordinates": [ [ -41.506847999504579, -10.665652000279604 ], [ -41.506838999499728, -10.665643000182486 ], [ -41.506826000131845, -10.66562899994252 ], [ -41.506814000187418, -10.665614999824234 ], [ -41.506802000279187, -10.665600000313836 ], [ -41.506789999451314, -10.665584999906468 ], [ -41.506777999545555, -10.665570000394604 ], [ -41.506765999633657, -10.665554999978436 ], [ -41.506755000058519, -10.66553999967693 ], [ -41.506743999606357, -10.665523999990686 ], [ -41.506733999490891, -10.665508000419294 ], [ -41.506723999369179, -10.665491999943765 ], [ -41.506712999834185, -10.665476000248303 ], [ -41.506704000050156, -10.665459999887219 ], [ -41.506693999939351, -10.665444000313517 ], [ -41.506685000185698, -10.665426999656399 ], [ -41.506675999527111, -10.665409999909645 ], [ -41.506668000118282, -10.665393000270848 ], [ -41.506658999454572, -10.665375999619583 ], [ -41.506651000047917, -10.665358999979915 ], [ -41.506644000056397, -10.665341999559496 ], [ -41.506635999766736, -10.665323999631282 ], [ -41.50634100000412, -10.664607999915093 ] ] } },
{ "type": "Feature", "properties": { "NAME": "EIXO_ACESSO", "LAYER": "Unknown Line Type", "FID_1": 0, "ESTRUTURA": "EIXO_ACESSO", "COMP": 71.9084, "KML_STYLE": "track001", "Shape_Leng": 195.016708494 }, "geometry": { "type": "LineString", "coordinates": [ [ -41.507978999755309, -10.666998000037562 ], [ -41.507956999431855, -10.666933000140233 ], [ -41.507928999804101, -10.666868999847138 ], [ -41.507896999702517, -10.666806999686182 ], [ -41.507859999679866, -10.666747999831502 ], [ -41.507819000075642, -10.666692000392107 ], [ -41.507772999599723, -10.666639999749245 ], [ -41.506847999504579, -10.665652000279604 ] ] } },
{ "type": "Feature", "properties": { "NAME": "EIXO_ACESSO", "LAYER": "Unknown Line Type", "FID_1": 0, "ESTRUTURA": "EIXO_ACESSO", "COMP": 71.9084, "KML_STYLE": "track001", "Shape_Leng": 148.827381949 }, "geometry": { "type": "LineString", "coordinates": [ [ -41.508428000012252, -10.668258000046674 ], [ -41.508425999373941, -10.668256000147048 ], [ -41.508417000152171, -10.668247000117372 ], [ -41.508408999467463, -10.668236999916502 ], [ -41.508400999696804, -10.668226999707988 ], [ -41.508392999934109, -10.668217000402674 ], [ -41.508385999594097, -10.668207000309019 ], [ -41.508377999825065, -10.668197000099532 ], [ -41.508370999486083, -10.668187000005311 ], [ -41.508364000081684, -10.668175999609884 ], [ -41.508356999771749, -10.668165000125056 ], [ -41.508349999434316, -10.668155000030024 ], [ -41.508343000031559, -10.668143999633783 ], [ -41.508337000066106, -10.668133000256544 ], [ -41.508331000093747, -10.668121999975519 ], [ -41.508325000121886, -10.668110999694285 ], [ -41.508319000157925, -10.668100000316384 ], [ -41.508313999637096, -10.668087999856906 ], [ -41.508307999666727, -10.668076999575041 ], [ -41.50830300006777, -10.668065000011408 ], [ -41.5082979995275, -10.66805399984505 ], [ -41.508292999929481, -10.668042000281055 ], [ -41.508288999753589, -10.668029999929319 ], [ -41.5082840001565, -10.668018000365009 ], [ -41.508279999981461, -10.668006000012976 ], [ -41.508275999806841, -10.667993999660832 ], [ -41.508272999982431, -10.667982000320833 ], [ -41.507978999755309, -10.666998000037562 ] ] } },
{ "type": "Feature", "properties": { "NAME": "EIXO_ACESSO", "LAYER": "Unknown Line Type", "FID_1": 0, "ESTRUTURA": "EIXO_ACESSO", "COMP": 71.9084, "KML_STYLE": "track001", "Shape_Leng": 66.603538268999998 }, "geometry": { "type": "LineString", "coordinates": [ [ -41.508831999878176, -10.66870800023022 ], [ -41.508428000012252, -10.668258000046674 ] ] } },
{ "type": "Feature", "properties": { "NAME": "EIXO_ACESSO", "LAYER": "Unknown Line Type", "FID_1": 0, "ESTRUTURA": "EIXO_ACESSO", "COMP": 71.9084, "KML_STYLE": "track001", "Shape_Leng": 151.27427576100001 }, "geometry": { "type": "LineString", "coordinates": [ [ -41.509942000186406, -10.671059000426865 ], [ -41.509929999788049, -10.671048999875548 ], [ -41.509915999656421, -10.671036000044094 ], [ -41.509901999525965, -10.671023000211713 ], [ -41.509887999396682, -10.671010000378443 ], [ -41.509874999612236, -10.670996999742062 ], [ -41.509860999498827, -10.670982999614694 ], [ -41.509847999737694, -10.670968999587844 ], [ -41.509834999977798, -10.670954999560189 ], [ -41.509822999656528, -10.670940999640592 ], [ -41.509811000271064, -10.67092600032413 ], [ -41.509798999952125, -10.670912000403083 ], [ -41.509786999648199, -10.670897000188914 ], [ -41.509775000259005, -10.670881999966689 ], [ -41.509763999408747, -10.670865999567768 ], [ -41.509752999466642, -10.670851000356819 ], [ -41.509741999532345, -10.670834999949244 ], [ -41.509731999949899, -10.670818999642959 ], [ -41.509721999462535, -10.670803000246977 ], [ -41.50971199988242, -10.670786999939546 ], [ -41.509701999389975, -10.67077099963887 ], [ -41.509693000184313, -10.670754000043488 ], [ -41.509684000058883, -10.670736999551384 ], [ -41.509676000277985, -10.670721000357021 ], [ -41.509667000169202, -10.670702999571464 ], [ -41.509658999491336, -10.670686000091054 ], [ -41.50965099972062, -10.670668999699327 ], [ -41.509643999394996, -10.670652000320429 ], [ -41.509636999990967, -10.670633999737756 ], [ -41.509629999681891, -10.670616000065621 ], [ -41.509623000265314, -10.670598999774777 ], [ -41.50935300014897, -10.669842000013812 ] ] } },
{ "type": "Feature", "properties": { "NAME": "EIXO_ACESSO", "LAYER": "Unknown Line Type", "FID_1": 0, "ESTRUTURA": "EIXO_ACESSO", "COMP": 71.9084, "KML_STYLE": "track001", "Shape_Leng": 212.53457353799999 }, "geometry": { "type": "LineString", "coordinates": [ [ -41.511370999737998, -10.672351000376841 ], [ -41.511332999693131, -10.672290999952425 ], [ -41.511289999705731, -10.672232999608045 ], [ -41.511243999555141, -10.672179000123169 ], [ -41.511193999809294, -10.672126999906858 ], [ -41.511140999891659, -10.672078999643453 ], [ -41.509942000186406, -10.671059000426865 ] ] } },
{ "type": "Feature", "properties": { "NAME": "EIXO_ACESSO", "LAYER": "Unknown Line Type", "FID_1": 0, "ESTRUTURA": "EIXO_ACESSO", "COMP": 71.9084, "KML_STYLE": "track001", "Shape_Leng": 87.8280897092 }, "geometry": { "type": "LineString", "coordinates": [ [ -41.511898999897376, -10.672930999998567 ], [ -41.511897999541475, -10.672930999905134 ], [ -41.511881999414221, -10.672922000266983 ], [ -41.51186499985095, -10.672912000236156 ], [ -41.511848999717976, -10.672902999692294 ], [ -41.511832000156566, -10.672892999659176 ], [ -41.511816000051553, -10.672882000338724 ], [ -41.511799999934411, -10.672872000404421 ], [ -41.511785000179778, -10.6728610002721 ], [ -41.511769000070416, -10.672850000044908 ], [ -41.51175399941026, -10.672837999627118 ], [ -41.511738999666143, -10.672827000395365 ], [ -41.511723999921671, -10.672814999968233 ], [ -41.511709000185746, -10.672803000443666 ], [ -41.511694999891773, -10.672789999825209 ], [ -41.511680999606398, -10.6727770001094 ], [ -41.511667000222005, -10.672764999772674 ], [ -41.511652999945262, -10.67275099976416 ], [ -41.511638999663404, -10.672738000045628 ], [ -41.511625999744616, -10.672724000129708 ], [ -41.51161299981311, -10.672710999600376 ], [ -41.511599999896681, -10.672696999682822 ], [ -41.511587999429899, -10.672681999575449 ], [ -41.511575999871198, -10.672667999750971 ], [ -41.511562999972533, -10.67265300044361 ], [ -41.51155199986465, -10.672638000428735 ], [ -41.511539999402792, -10.672623000318421 ], [ -41.511529000210786, -10.672608000294867 ], [ -41.511518000113341, -10.672591999986997 ], [ -41.511507000010205, -10.672576999969479 ], [ -41.511497000270211, -10.672560999755289 ], [ -41.511486999617887, -10.672544999547867 ], [ -41.511476999894732, -10.672527999945025 ], [ -41.511370999737998, -10.672351000376841 ] ] } },
{ "type": "Feature", "properties": { "NAME": "EIXO_ACESSO", "LAYER": "Unknown Line Type", "FID_1": 0, "ESTRUTURA": "EIXO_ACESSO", "COMP": 71.9084, "KML_STYLE": "track001", "Shape_Leng": 147.65474742200001 }, "geometry": { "type": "LineString", "coordinates": [ [ -41.513078000049191, -10.673577999701873 ], [ -41.513008999388404, -10.673530000219433 ], [ -41.512936000037584, -10.67348699997831 ], [ -41.511898999897376, -10.672930999998567 ] ] } },
{ "type": "Feature", "properties": { "NAME": "EIXO_ACESSO", "LAYER": "Unknown Line Type", "FID_1": 0, "ESTRUTURA": "EIXO_ACESSO", "COMP": 71.9084, "KML_STYLE": "track001", "Shape_Leng": 531.45472535299996 }, "geometry": { "type": "LineString", "coordinates": [ [ -41.51733399976294, -10.675704999839709 ], [ -41.51729099982407, -10.675630999716907 ], [ -41.517242999975586, -10.675560000056446 ], [ -41.517188999864636, -10.675493000164042 ], [ -41.517129999851896, -10.675430000111074 ], [ -41.517066999396825, -10.675372000263664 ], [ -41.516997999610254, -10.675319999837527 ], [ -41.516925999736593, -10.67527299968715 ], [ -41.516850999772672, -10.675230999810982 ], [ -41.516771999372509, -10.675195999801668 ], [ -41.516691000159049, -10.675167000419156 ], [ -41.51485899975912, -10.6745909998721 ], [ -41.51484899982006, -10.674587999957289 ], [ -41.514830999747069, -10.674582000299546 ], [ -41.514812999667143, -10.674575999737046 ], [ -41.51479499958981, -10.67456899978845 ], [ -41.514777999872187, -10.674561999921615 ], [ -41.514759999796084, -10.674554999970619 ], [ -41.514741999715454, -10.674546999729897 ], [ -41.513898999775677, -10.674172999566926 ], [ -41.51389699997965, -10.674173000290914 ], [ -41.513885999700321, -10.674167000289895 ], [ -41.513873999970968, -10.674161999580463 ], [ -41.51386299969235, -10.674155999578437 ], [ -41.513850999976583, -10.674150000385831 ], [ -41.513839999698696, -10.674144000382791 ], [ -41.513828999421193, -10.674138000379246 ], [ -41.51381800005575, -10.67413100007867 ], [ -41.513806999779021, -10.674125000074161 ], [ -41.513796999859316, -10.674117999866382 ], [ -41.513785999581671, -10.674110999571674 ], [ -41.513775999670251, -10.674104000266565 ], [ -41.513764999391896, -10.674095999681631 ], [ -41.513754999481364, -10.674089000375622 ], [ -41.513078000049191, -10.673577999701873 ] ] } },
{ "type": "Feature", "properties": { "NAME": "EIXO_ACESSO", "LAYER": "Unknown Line Type", "FID_1": 0, "ESTRUTURA": "EIXO_ACESSO", "COMP": 71.9084, "KML_STYLE": "track001", "Shape_Leng": 215.34646137499999 }, "geometry": { "type": "LineString", "coordinates": [ [ -41.518342999427993, -10.677354000434271 ], [ -41.518330000007367, -10.677344999626259 ], [ -41.518313999467736, -10.677333999844508 ], [ -41.518299000208188, -10.677323000123966 ], [ -41.518282999670646, -10.677312000340109 ], [ -41.518267999480827, -10.6773000003392 ], [ -41.51825399965756, -10.677288000407133 ], [ -41.518238999469958, -10.677276000404303 ], [ -41.518224999630228, -10.677263000184647 ], [ -41.518209999444892, -10.677251000179867 ], [ -41.518196999972815, -10.677238000028387 ], [ -41.518183000125539, -10.67722400042379 ], [ -41.518168999376989, -10.677211000207853 ], [ -41.518155999890006, -10.677196999768071 ], [ -41.518142999498167, -10.677183000238346 ], [ -41.518130999465235, -10.67716899987456 ], [ -41.518117999989308, -10.677155000335894 ], [ -41.518105999940559, -10.677139999684771 ], [ -41.518093999900493, -10.677124999936449 ], [ -41.518081999861671, -10.677110000187398 ], [ -41.5180710001816, -10.6770949996046 ], [ -41.518059999596609, -10.677079999932053 ], [ -41.518048999908402, -10.677063999965615 ], [ -41.518038000239308, -10.677049000284406 ], [ -41.518028000004833, -10.67703300039474 ], [ -41.518017999764069, -10.677016999600962 ], [ -41.518007999521664, -10.677000000327769 ], [ -41.517998000204244, -10.676984000429011 ], [ -41.517988999407933, -10.676967000329377 ], [ -41.51797999952629, -10.676950000221876 ], [ -41.51733399976294, -10.675704999839709 ] ] } },
{ "type": "Feature", "properties": { "NAME": "EIXO_ACESSO", "LAYER": "Unknown Line Type", "FID_1": 0, "ESTRUTURA": "EIXO_ACESSO", "COMP": 71.9084, "KML_STYLE": "track001", "Shape_Leng": 248.37404913500001 }, "geometry": { "type": "LineString", "coordinates": [ [ -41.520137000229802, -10.678710999793065 ], [ -41.520125000213639, -10.678703999724329 ], [ -41.520108000118874, -10.678694000280526 ], [ -41.520091999472754, -10.678684000002233 ], [ -41.520075999741088, -10.678673999715521 ], [ -41.520059999992085, -10.678663000046992 ], [ -41.520044000244155, -10.678652000377372 ], [ -41.520028999944849, -10.678640999873593 ], [ -41.520013999653997, -10.678630000272396 ], [ -41.519999000252191, -10.678618000378496 ], [ -41.519983999955976, -10.6786069998718 ], [ -41.519968999617483, -10.678593999698938 ], [ -41.519954999673942, -10.678581999872813 ], [ -41.51994000025136, -10.67856899969061 ], [ -41.519925999371324, -10.678555999585617 ], [ -41.519911999413431, -10.678543000375896 ], [ -41.519898999817549, -10.67853000032534 ], [ -41.519886000197737, -10.678515999989539 ], [ -41.519872999690605, -10.678502999944742 ], [ -41.519860000073187, -10.678488999607305 ], [ -41.519674999711789, -10.678282999925871 ], [ -41.519627999668593, -10.678233999962673 ], [ -41.519577999499546, -10.678187000356129 ], [ -41.51952399978294, -10.678143999794607 ], [ -41.519467999416406, -10.678103999943835 ], [ -41.518342999427993, -10.677354000434271 ] ] } },
{ "type": "Feature", "properties": { "NAME": "EIXO_ACESSO", "LAYER": "Unknown Line Type", "FID_1": 0, "ESTRUTURA": "EIXO_ACESSO", "COMP": 71.9084, "KML_STYLE": "track001", "Shape_Leng": 105.80625094299999 }, "geometry": { "type": "LineString", "coordinates": [ [ -41.520977000247427, -10.679184000140166 ], [ -41.520137000229802, -10.678710999793065 ] ] } },
{ "type": "Feature", "properties": { "NAME": "EIXO_ACESSO", "LAYER": "Unknown Line Type", "FID_1": 0, "ESTRUTURA": "EIXO_ACESSO", "COMP": 71.9084, "KML_STYLE": "track001", "Shape_Leng": 261.93135817500001 }, "geometry": { "type": "LineString", "coordinates": [ [ -41.510799999458094, -10.669015000201636 ], [ -41.510791999585109, -10.669006000368961 ], [ -41.510778999895486, -10.668992000369874 ], [ -41.510766999649498, -10.668977000185505 ], [ -41.510754999404739, -10.668962000000395 ], [ -41.510743000062504, -10.668948000099004 ], [ -41.510730999832461, -10.66893199962063 ], [ -41.510719999942474, -10.668917000437038 ], [ -41.510709000046241, -10.668902000349256 ], [ -41.510698000163572, -10.668885999968994 ], [ -41.510687999712175, -10.668869999695739 ], [ -41.510678000182857, -10.668854000318124 ], [ -41.510667999733784, -10.668838000043722 ], [ -41.510658000199385, -10.668821999761414 ], [ -41.510649000116018, -10.668805000198047 ], [ -41.510640000026399, -10.668787999730633 ], [ -41.510630999925219, -10.668771999554604 ], [ -41.510623000188474, -10.668755000090368 ], [ -41.510614000122452, -10.668737000233126 ], [ -41.510606999810072, -10.668719999972481 ], [ -41.510599000069135, -10.668702999603417 ], [ -41.510591999779052, -10.668684999953667 ], [ -41.51058499946965, -10.668667999691921 ], [ -41.510578000095094, -10.66865000003412 ], [ -41.510572000143469, -10.668631999580613 ], [ -41.5105660002002, -10.668614000030372 ], [ -41.510560000250436, -10.668595999576276 ], [ -41.510554999738162, -10.66857800013374 ], [ -41.510550000153337, -10.668559000391697 ], [ -41.510078999579008, -10.666776000279519 ] ] } },
{ "type": "Feature", "properties": { "NAME": "EIXO_ACESSO", "LAYER": "Unknown Line Type", "FID_1": 0, "ESTRUTURA": "EIXO_ACESSO", "COMP": 71.9084, "KML_STYLE": "track001", "Shape_Leng": 206.55934891300001 }, "geometry": { "type": "LineString", "coordinates": [ [ -41.512111000088424, -10.67034900017797 ], [ -41.512104999859183, -10.670345999626623 ], [ -41.512088999881392, -10.670336999968342 ], [ -41.512071999563986, -10.670326999923477 ], [ -41.512055999587901, -10.67031800026305 ], [ -41.512039999626495, -10.670307000020056 ], [ -41.512023999659149, -10.670297000066761 ], [ -41.51200799969979, -10.670285999821619 ], [ -41.511991999734377, -10.670275999866185 ], [ -41.511977000138764, -10.670264000326771 ], [ -41.511961000182531, -10.670253000078423 ], [ -41.511945999668221, -10.670240999640782 ], [ -41.511931999509464, -10.670229000201017 ], [ -41.511916999910859, -10.670216999754103 ], [ -41.511902999754263, -10.670205000312528 ], [ -41.511888000165385, -10.670191999572788 ], [ -41.511874000018565, -10.670178999838487 ], [ -41.51186100021981, -10.670166000198883 ], [ -41.511847000082994, -10.670152000171914 ], [ -41.511833999365606, -10.670138999634435 ], [ -41.511820999578049, -10.670124999701448 ], [ -41.510799999458094, -10.669015000201636 ] ] } },
{ "type": "Feature", "properties": { "NAME": "EIXO_ACESSO", "LAYER": "Unknown Line Type", "FID_1": 0, "ESTRUTURA": "EIXO_ACESSO", "COMP": 71.9084, "KML_STYLE": "track001", "Shape_Leng": 336.11887888500002 }, "geometry": { "type": "LineString", "coordinates": [ [ -41.51459099982592, -10.672025999817889 ], [ -41.514563000049989, -10.671946999828144 ], [ -41.514527999671323, -10.67186999979466 ], [ -41.514487999394106, -10.671794999886023 ], [ -41.514441999780523, -10.671723999680362 ], [ -41.514389999925598, -10.671657000085412 ], [ -41.514333999608432, -10.671594000374879 ], [ -41.514271999949969, -10.671535999743627 ], [ -41.514207000184214, -10.671481999982117 ], [ -41.514136999597362, -10.671433999685155 ], [ -41.514062999463285, -10.67139100044802 ], [ -41.512111000088424, -10.67034900017797 ] ] } },
{ "type": "Feature", "properties": { "NAME": "EIXO_ACESSO", "LAYER": "Unknown Line Type", "FID_1": 0, "ESTRUTURA": "EIXO_ACESSO", "COMP": 71.9084, "KML_STYLE": "track001", "Shape_Leng": 246.602715219 }, "geometry": { "type": "LineString", "coordinates": [ [ -41.515200999951446, -10.674165000151763 ], [ -41.515202999479079, -10.674096000316673 ], [ -41.515198999614022, -10.674028000255468 ], [ -41.515187999997039, -10.673959999596688 ], [ -41.515171000089239, -10.673892999619859 ], [ -41.51459099982592, -10.672025999817889 ] ] } },
{ "type": "Feature", "properties": { "NAME": "EIXO_ACESSO", "LAYER": "Unknown Line Type", "FID_1": 0, "ESTRUTURA": "EIXO_ACESSO", "COMP": 71.9084, "KML_STYLE": "track001", "Shape_Leng": 57.7414776635 }, "geometry": { "type": "LineString", "coordinates": [ [ -41.515157999499898, -10.674685000009736 ], [ -41.515200999951446, -10.674165000151763 ] ] } },
{ "type": "Feature", "properties": { "NAME": "EIXO_ACESSO", "LAYER": "Unknown Line Type", "FID_1": 0, "ESTRUTURA": "EIXO_ACESSO", "COMP": 71.9084, "KML_STYLE": "track001", "Shape_Leng": 185.51116655600001 }, "geometry": { "type": "LineString", "coordinates": [ [ -41.509417999835108, -10.641344000356888 ], [ -41.509357999970916, -10.641302999652465 ], [ -41.509295999384925, -10.641268000448939 ], [ -41.50923000024477, -10.641240000056689 ], [ -41.509161000113231, -10.641218000134229 ], [ -41.509090000146379, -10.641201999895559 ], [ -41.509018999857005, -10.641194000189381 ], [ -41.508946999930302, -10.64119299968492 ], [ -41.508874999716916, -10.641199000323718 ], [ -41.508803999491327, -10.641211000131912 ], [ -41.507785999958486, -10.641445999812031 ] ] } },
{ "type": "Feature", "properties": { "NAME": "EIXO_ACESSO", "LAYER": "Unknown Line Type", "FID_1": 0, "ESTRUTURA": "EIXO_ACESSO", "COMP": 71.9084, "KML_STYLE": "track001", "Shape_Leng": 388.80346355900002 }, "geometry": { "type": "LineString", "coordinates": [ [ -41.511551999988043, -10.643798999702435 ], [ -41.51158700004904, -10.643737000170747 ], [ -41.511615000194915, -10.643671999836487 ], [ -41.511636999755794, -10.643605000020242 ], [ -41.511651999381861, -10.6435359996955 ], [ -41.511659999998912, -10.643464999758452 ], [ -41.511660999691927, -10.643395000197371 ], [ -41.511654999436438, -10.643324000418735 ], [ -41.511642999395214, -10.643254999608082 ], [ -41.511623000018488, -10.643186999941674 ], [ -41.511596999957455, -10.64312100015019 ], [ -41.511565000091608, -10.643057999613184 ], [ -41.511526000149999, -10.642999000311139 ], [ -41.511481999751616, -10.642943000382548 ], [ -41.511432999750909, -10.642892000403265 ], [ -41.511377999888964, -10.642846000253472 ], [ -41.509417999835108, -10.641344000356888 ] ] } },
{ "type": "Feature", "properties": { "NAME": "EIXO_ACESSO", "LAYER": "Unknown Line Type", "FID_1": 0, "ESTRUTURA": "EIXO_ACESSO", "COMP": 71.9084, "KML_STYLE": "track001", "Shape_Leng": 132.65106034199999 }, "geometry": { "type": "LineString", "coordinates": [ [ -41.510913999735394, -10.644817999686701 ], [ -41.511551999988043, -10.643798999702435 ] ] } },
{ "type": "Feature", "properties": { "NAME": "EIXO_ACESSO", "LAYER": "Unknown Line Type", "FID_1": 0, "ESTRUTURA": "EIXO_ACESSO", "COMP": 71.9084, "KML_STYLE": "track001", "Shape_Leng": 2776.7543746299998 }, "geometry": { "type": "LineString", "coordinates": [ [ -41.593854999968102, -10.663859999901353 ], [ -41.591589999887248, -10.664782999929118 ], [ -41.591511999426118, -10.66481100034502 ], [ -41.591430999635527, -10.664834000032673 ], [ -41.591348999661626, -10.664850000031537 ], [ -41.591265999749972, -10.664859999667158 ], [ -41.591181999912692, -10.664863999841124 ], [ -41.591098999780172, -10.664862000250748 ], [ -41.589338000034488, -10.664742999980128 ], [ -41.589251999931236, -10.664741000326147 ], [ -41.589166999699415, -10.664745000104977 ], [ -41.589081999984586, -10.664755000362126 ], [ -41.588997999692069, -10.664772999625301 ], [ -41.588916000215427, -10.664795999746193 ], [ -41.588836000197674, -10.664826000304824 ], [ -41.581174999524244, -10.66803399970112 ], [ -41.581103999468276, -10.668061000424103 ], [ -41.570003000048629, -10.671838999887997 ] ] } },
{ "type": "Feature", "properties": { "NAME": "EIXO_ACESSO", "LAYER": "Unknown Line Type", "FID_1": 0, "ESTRUTURA": "EIXO_ACESSO", "COMP": 71.9084, "KML_STYLE": "track001", "Shape_Leng": 0.219007397647 }, "geometry": { "type": "LineString", "coordinates": [ [ -41.591097999510588, -10.664862000404906 ], [ -41.591098999780172, -10.664862000250748 ], [ -41.591097999510588, -10.664862000404906 ] ] } },
{ "type": "Feature", "properties": { "NAME": "EIXO_ACESSO", "LAYER": "Unknown Line Type", "FID_1": 0, "ESTRUTURA": "EIXO_ACESSO", "COMP": 71.9084, "KML_STYLE": "track001", "Shape_Leng": 0.219007395785 }, "geometry": { "type": "LineString", "coordinates": [ [ -41.593854999968102, -10.663859999901353 ], [ -41.593856000232286, -10.663859999739136 ], [ -41.593854999968102, -10.663859999901353 ] ] } },
{ "type": "Feature", "properties": { "NAME": "EIXO_ACESSO", "LAYER": "Unknown Line Type", "FID_1": 0, "ESTRUTURA": "EIXO_ACESSO", "COMP": 71.9084, "KML_STYLE": "track001", "Shape_Leng": 0.22120904190400001 }, "geometry": { "type": "LineString", "coordinates": [ [ -41.601236999532446, -10.65878099962864 ], [ -41.601237000177491, -10.658780000300734 ], [ -41.601236999532446, -10.65878099962864 ] ] } },
{ "type": "Feature", "properties": { "NAME": "EIXO_ACESSO", "LAYER": "Unknown Line Type", "FID_1": 0, "ESTRUTURA": "EIXO_ACESSO", "COMP": 71.9084, "KML_STYLE": "track001", "Shape_Leng": 0.21880740474900001 }, "geometry": { "type": "LineString", "coordinates": [ [ -41.603141000204424, -10.660370000041995 ], [ -41.603141999536632, -10.660369999860341 ], [ -41.603141000204424, -10.660370000041995 ] ] } },
{ "type": "Feature", "properties": { "NAME": "EIXO_ACESSO", "LAYER": "Unknown Line Type", "FID_1": 0, "ESTRUTURA": "EIXO_ACESSO", "COMP": 71.9084, "KML_STYLE": "track001", "Shape_Leng": 1090.0548931599999 }, "geometry": { "type": "LineString", "coordinates": [ [ -41.593854999968102, -10.663859999901353 ], [ -41.593935000181268, -10.663823999543631 ], [ -41.594011999627959, -10.663780999846074 ], [ -41.594084999452996, -10.66373299961815 ], [ -41.594153000056892, -10.663678999693003 ], [ -41.594217000133014, -10.663620000155026 ], [ -41.594276999674179, -10.663556000103359 ], [ -41.59432999972028, -10.663487000015555 ], [ -41.597403000149832, -10.659228999539796 ], [ -41.597454000060765, -10.659163000259738 ], [ -41.597510999998484, -10.659102000207326 ], [ -41.597571999862112, -10.659044000163016 ], [ -41.597636999522372, -10.658991999908418 ], [ -41.597705999371577, -10.658943999883542 ], [ -41.597779000196248, -10.658902999861454 ], [ -41.597855000052782, -10.65886600024165 ], [ -41.597932999478111, -10.658836000064976 ], [ -41.59801299977957, -10.658810999764631 ], [ -41.59809499966466, -10.658792999805874 ], [ -41.598178999785354, -10.658780999952171 ], [ -41.600428999532205, -10.658543999881068 ], [ -41.60051599988325, -10.658538000260656 ], [ -41.600602000050081, -10.658538999671375 ], [ -41.600687999382302, -10.65854699974722 ], [ -41.600773000110259, -10.658561000420114 ], [ -41.600856999758321, -10.658582000129643 ], [ -41.600938999925518, -10.658609999944424 ], [ -41.601018000100929, -10.658643999821962 ], [ -41.601094999617523, -10.658683999589813 ], [ -41.601167999555138, -10.658729000276361 ], [ -41.601236999532446, -10.65878099962864 ] ] } },
{ "type": "Feature", "properties": { "NAME": "EIXO_ACESSO", "LAYER": "Unknown Line Type", "FID_1": 0, "ESTRUTURA": "EIXO_ACESSO", "COMP": 71.9084, "KML_STYLE": "track001", "Shape_Leng": 273.22574337399999 }, "geometry": { "type": "LineString", "coordinates": [ [ -41.603141999536632, -10.660369999860341 ], [ -41.60309400008434, -10.660307000108073 ], [ -41.603042999837911, -10.660246999777693 ], [ -41.602986999785685, -10.660191999682073 ], [ -41.602927999858778, -10.660139999900442 ], [ -41.601236999532446, -10.65878099962864 ] ] } },
{ "type": "Feature", "properties": { "NAME": "EIXO_ACESSO", "LAYER": "Unknown Line Type", "FID_1": 0, "ESTRUTURA": "EIXO_ACESSO", "COMP": 71.9084, "KML_STYLE": "track001", "Shape_Leng": 215.98549723400001 }, "geometry": { "type": "LineString", "coordinates": [ [ -41.604043999913664, -10.662065999758306 ], [ -41.604044999670393, -10.661977999749345 ], [ -41.604037999532636, -10.661890999685866 ], [ -41.60402500001377, -10.661805000082838 ], [ -41.604003999411127, -10.661719000207146 ], [ -41.603975999747625, -10.661635999616147 ], [ -41.603941999464539, -10.661555999936253 ], [ -41.603902000096788, -10.661478000024452 ], [ -41.603855000137656, -10.661403999624842 ], [ -41.603141999536632, -10.660369999860341 ] ] } },
{ "type": "Feature", "properties": { "NAME": "EIXO_ACESSO", "LAYER": "Unknown Line Type", "FID_1": 0, "ESTRUTURA": "EIXO_ACESSO", "COMP": 71.9084, "KML_STYLE": "track001", "Shape_Leng": 198.78154462500001 }, "geometry": { "type": "LineString", "coordinates": [ [ -41.603957999595544, -10.663860000362691 ], [ -41.604043999913664, -10.662065999758306 ] ] } },
{ "type": "Feature", "properties": { "NAME": "EIXO_ACESSO", "LAYER": "Unknown Line Type", "FID_1": 0, "ESTRUTURA": "EIXO_ACESSO", "COMP": 71.9084, "KML_STYLE": "track001", "Shape_Leng": 0.219007397647 }, "geometry": { "type": "LineString", "coordinates": [ [ -41.603957999595544, -10.663860000362691 ], [ -41.603958999851947, -10.66386000016813 ], [ -41.603957999595544, -10.663860000362691 ] ] } },
{ "type": "Feature", "properties": { "NAME": "EIXO_ACESSO", "LAYER": "Unknown Line Type", "FID_1": 0, "ESTRUTURA": "EIXO_ACESSO", "COMP": 71.9084, "KML_STYLE": "track001", "Shape_Leng": 587.32598950099998 }, "geometry": { "type": "LineString", "coordinates": [ [ -41.603957999595544, -10.663860000362691 ], [ -41.603956999488467, -10.663920999751547 ], [ -41.603959999802129, -10.66398300039762 ], [ -41.60396599996993, -10.664044999563087 ], [ -41.604206999622669, -10.665959999889271 ], [ -41.60421799963931, -10.666032000285552 ], [ -41.604714999416721, -10.668705999857483 ], [ -41.604723999322282, -10.668772000139766 ], [ -41.604726999709378, -10.668839000024233 ], [ -41.604723999991116, -10.668904999974407 ], [ -41.604714000186362, -10.668971000412519 ], [ -41.60469899961938, -10.669035999820668 ], [ -41.604677000201015, -10.669099000164287 ] ] } },
{ "type": "Feature", "properties": { "NAME": "EIXO_ACESSO", "LAYER": "Unknown Line Type", "FID_1": 0, "ESTRUTURA": "EIXO_ACESSO", "COMP": 71.9084, "KML_STYLE": "track001", "Shape_Leng": 141.07618379799999 }, "geometry": { "type": "LineString", "coordinates": [ [ -41.604210000083732, -10.670287000085981 ], [ -41.604677000201015, -10.669099000164287 ] ] } },
{ "type": "Feature", "properties": { "NAME": "EIXO_ACESSO", "LAYER": "Unknown Line Type", "FID_1": 0, "ESTRUTURA": "EIXO_ACESSO", "COMP": 71.9084, "KML_STYLE": "track001", "Shape_Leng": 0.22140731709799999 }, "geometry": { "type": "LineString", "coordinates": [ [ -41.604210000083732, -10.670287000085981 ], [ -41.604209999788878, -10.670285999865142 ], [ -41.604210000083732, -10.670287000085981 ] ] } },
{ "type": "Feature", "properties": { "NAME": "EIXO_ACESSO", "LAYER": "Unknown Line Type", "FID_1": 0, "ESTRUTURA": "EIXO_ACESSO", "COMP": 71.9084, "KML_STYLE": "track001", "Shape_Leng": 238.82797094099999 }, "geometry": { "type": "LineString", "coordinates": [ [ -41.604958999482989, -10.672248000237428 ], [ -41.604942999424757, -10.672177000308951 ], [ -41.604922000074609, -10.67210699979573 ], [ -41.604897000197106, -10.672038999631067 ], [ -41.604867000126738, -10.671971999789363 ], [ -41.604832999823259, -10.671907999609578 ], [ -41.604255999931276, -10.670905999957156 ], [ -41.604223999859975, -10.670843000379092 ], [ -41.604197999390898, -10.670775999618218 ], [ -41.604178000041081, -10.67070699991773 ], [ -41.604165999911288, -10.670637000218893 ], [ -41.604160999624071, -10.670565999813201 ], [ -41.604162999477388, -10.670494999826477 ], [ -41.604171999466345, -10.670424000259707 ], [ -41.604187999873041, -10.670354000430821 ], [ -41.604210000083732, -10.670287000085981 ] ] } },
{ "type": "Feature", "properties": { "NAME": "EIXO_ACESSO", "LAYER": "Unknown Line Type", "FID_1": 0, "ESTRUTURA": "EIXO_ACESSO", "COMP": 71.9084, "KML_STYLE": "track001", "Shape_Leng": 179.48275769700001 }, "geometry": { "type": "LineString", "coordinates": [ [ -41.605255000006508, -10.673842999568581 ], [ -41.604958999482989, -10.672248000237428 ] ] } },
{ "type": "Feature", "properties": { "NAME": "EIXO_ACESSO", "LAYER": "Unknown Line Type", "FID_1": 0, "ESTRUTURA": "EIXO_ACESSO", "COMP": 71.9084, "KML_STYLE": "track001", "Shape_Leng": 147.120904107 }, "geometry": { "type": "LineString", "coordinates": [ [ -41.605841999394279, -10.675033999843263 ], [ -41.605367999872342, -10.674159999962155 ], [ -41.605330000146822, -10.674085000098547 ], [ -41.605298999446561, -10.674005999721853 ], [ -41.60527399991728, -10.673925000369517 ], [ -41.605255000006508, -10.673842999568581 ] ] } },
{ "type": "Feature", "properties": { "NAME": "EIXO_ACESSO", "LAYER": "Unknown Line Type", "FID_1": 0, "ESTRUTURA": "EIXO_ACESSO", "COMP": 71.9084, "KML_STYLE": "track001", "Shape_Leng": 0.22140731711299999 }, "geometry": { "type": "LineString", "coordinates": [ [ -41.605367999872342, -10.674159999962155 ], [ -41.605368000174046, -10.674161000181879 ], [ -41.605367999872342, -10.674159999962155 ] ] } },
{ "type": "Feature", "properties": { "NAME": "EIXO_ACESSO", "LAYER": "Unknown Line Type", "FID_1": 0, "ESTRUTURA": "EIXO_ACESSO", "COMP": 71.9084, "KML_STYLE": "track001", "Shape_Leng": 113.19406200900001 }, "geometry": { "type": "LineString", "coordinates": [ [ -41.597914999744852, -10.65847200032913 ], [ -41.597336999397342, -10.659319999836361 ] ] } },
{ "type": "Feature", "properties": { "NAME": "EIXO_ACESSO", "LAYER": "Unknown Line Type", "FID_1": 0, "ESTRUTURA": "EIXO_ACESSO", "COMP": 71.9084, "KML_STYLE": "track001", "Shape_Leng": 121.759070454 }, "geometry": { "type": "LineString", "coordinates": [ [ -41.598265999787394, -10.657432999914485 ], [ -41.598062999336676, -10.658155999760837 ], [ -41.598035999985051, -10.658238999798135 ], [ -41.598002000212468, -10.65831999966356 ], [ -41.597961999998901, -10.658397999862016 ], [ -41.597914999744852, -10.65847200032913 ] ] } },
{ "type": "Feature", "properties": { "NAME": "EIXO_ACESSO", "LAYER": "Unknown Line Type", "FID_1": 0, "ESTRUTURA": "EIXO_ACESSO", "COMP": 71.9084, "KML_STYLE": "track001", "Shape_Leng": 0.22120732406800001 }, "geometry": { "type": "LineString", "coordinates": [ [ -41.591470999522762, -10.664823000384271 ], [ -41.591470999763949, -10.664823999711757 ], [ -41.591470999522762, -10.664823000384271 ] ] } },
{ "type": "Feature", "properties": { "NAME": "EIXO_ACESSO", "LAYER": "Unknown Line Type", "FID_1": 0, "ESTRUTURA": "EIXO_ACESSO", "COMP": 71.9084, "KML_STYLE": "track001", "Shape_Leng": 105.07728428599999 }, "geometry": { "type": "LineString", "coordinates": [ [ -41.591327000119655, -10.663922000251072 ], [ -41.591300999785922, -10.663975000299661 ], [ -41.591280999961121, -10.664031000132077 ], [ -41.591266999495247, -10.66408900042873 ], [ -41.591259999982981, -10.664146999654534 ], [ -41.591258999844911, -10.664207000247684 ], [ -41.591265000180613, -10.66426500020985 ], [ -41.591277999662381, -10.664323000017195 ], [ -41.591295999337206, -10.664379999730485 ], [ -41.591470999522762, -10.664823000384271 ] ] } },
{ "type": "Feature", "properties": { "NAME": "EIXO_ACESSO", "LAYER": "Unknown Line Type", "FID_1": 0, "ESTRUTURA": "EIXO_ACESSO", "COMP": 71.9084, "KML_STYLE": "track001", "Shape_Leng": 255.037240596 }, "geometry": { "type": "LineString", "coordinates": [ [ -41.592447999403674, -10.661901999951562 ], [ -41.591327000119655, -10.663922000251072 ] ] } },
{ "type": "Feature", "properties": { "NAME": "EIXO_ACESSO", "LAYER": "Unknown Line Type", "FID_1": 0, "ESTRUTURA": "EIXO_ACESSO", "COMP": 71.9084, "KML_STYLE": "track001", "Shape_Leng": 212.93041381099999 }, "geometry": { "type": "LineString", "coordinates": [ [ -41.592813000137212, -10.660025000031252 ], [ -41.59278100020574, -10.660095000431562 ], [ -41.592754000191682, -10.660166999624684 ], [ -41.592731999872292, -10.660240000091367 ], [ -41.592714999485423, -10.660315000255194 ], [ -41.592702999698986, -10.660390999878306 ], [ -41.592576000164605, -10.661502000193968 ], [ -41.592563999610014, -10.661585999883897 ], [ -41.592544000143967, -10.661668000334394 ], [ -41.592517999528368, -10.661748000351947 ], [ -41.592485999834935, -10.661827000151323 ], [ -41.592447999403674, -10.661901999951562 ] ] } },
{ "type": "Feature", "properties": { "NAME": "EIXO_ACESSO", "LAYER": "Unknown Line Type", "FID_1": 0, "ESTRUTURA": "EIXO_ACESSO", "COMP": 71.9084, "KML_STYLE": "track001", "Shape_Leng": 0.21880740288600001 }, "geometry": { "type": "LineString", "coordinates": [ [ -41.592813000137212, -10.660025000031252 ], [ -41.592813999476235, -10.660024999882889 ], [ -41.592813000137212, -10.660025000031252 ] ] } },
{ "type": "Feature", "properties": { "NAME": "EIXO_ACESSO", "LAYER": "Unknown Line Type", "FID_1": 0, "ESTRUTURA": "EIXO_ACESSO", "COMP": 71.9084, "KML_STYLE": "track001", "Shape_Leng": 0.22120732406800001 }, "geometry": { "type": "LineString", "coordinates": [ [ -41.593037999882355, -10.659584000309966 ], [ -41.593038000124558, -10.659584999636541 ], [ -41.593037999882355, -10.659584000309966 ] ] } },
{ "type": "Feature", "properties": { "NAME": "EIXO_ACESSO", "LAYER": "Unknown Line Type", "FID_1": 0, "ESTRUTURA": "EIXO_ACESSO", "COMP": 71.9084, "KML_STYLE": "track001", "Shape_Leng": 88.497230685800005 }, "geometry": { "type": "LineString", "coordinates": [ [ -41.593213999506887, -10.659334000048322 ], [ -41.59316300017052, -10.659391999698046 ], [ -41.593117000084547, -10.65945300017777 ], [ -41.593074999899073, -10.65951699983108 ], [ -41.593037999882355, -10.659584000309966 ], [ -41.592813000137212, -10.660025000031252 ] ] } },
{ "type": "Feature", "properties": { "NAME": "EIXO_ACESSO", "LAYER": "Unknown Line Type", "FID_1": 0, "ESTRUTURA": "EIXO_ACESSO", "COMP": 71.9084, "KML_STYLE": "track001", "Shape_Leng": 353.35304903899998 }, "geometry": { "type": "LineString", "coordinates": [ [ -41.595233000224248, -10.65684900013987 ], [ -41.595181999373644, -10.656897999689679 ], [ -41.595134, -10.656950000341213 ], [ -41.59508999958917, -10.657005000150622 ], [ -41.593906999914687, -10.658585999950462 ], [ -41.593868999733282, -10.658633999836308 ], [ -41.593829000125389, -10.658679000236342 ], [ -41.593213999506887, -10.659334000048322 ] ] } },
{ "type": "Feature", "properties": { "NAME": "EIXO_ACESSO", "LAYER": "Unknown Line Type", "FID_1": 0, "ESTRUTURA": "EIXO_ACESSO", "COMP": 71.9084, "KML_STYLE": "track001", "Shape_Leng": 40.193299251200003 }, "geometry": { "type": "LineString", "coordinates": [ [ -41.595503999836858, -10.656603999799524 ], [ -41.595233000224248, -10.65684900013987 ] ] } },
{ "type": "Feature", "properties": { "NAME": "EIXO_ACESSO", "LAYER": "Unknown Line Type", "FID_1": 0, "ESTRUTURA": "EIXO_ACESSO", "COMP": 71.9084, "KML_STYLE": "track001", "Shape_Leng": 233.976246358 }, "geometry": { "type": "LineString", "coordinates": [ [ -41.595503999836858, -10.656603999799524 ], [ -41.595560999587022, -10.656548999692461 ], [ -41.595612999847361, -10.656490000358314 ], [ -41.59566199951071, -10.656427999911175 ], [ -41.595704999449573, -10.656362000403096 ], [ -41.595743000146136, -10.656293000094735 ], [ -41.595776999364951, -10.656221999979223 ], [ -41.59580499937406, -10.656149000359692 ], [ -41.595826999914046, -10.656073000105241 ], [ -41.596145999578283, -10.65485200034937 ], [ -41.596168000116172, -10.654780000122988 ], [ -41.596193999349723, -10.654709999725123 ], [ -41.596224999342766, -10.654641999880946 ] ] } },
{ "type": "Feature", "properties": { "NAME": "EIXO_ACESSO", "LAYER": "Unknown Line Type", "FID_1": 0, "ESTRUTURA": "EIXO_ACESSO", "COMP": 71.9084, "KML_STYLE": "track001", "Shape_Leng": 121.647233246 }, "geometry": { "type": "LineString", "coordinates": [ [ -41.596717999586019, -10.653657000288101 ], [ -41.596224999342766, -10.654641999880946 ] ] } },
{ "type": "Feature", "properties": { "NAME": "EIXO_ACESSO", "LAYER": "Unknown Line Type", "FID_1": 0, "ESTRUTURA": "EIXO_ACESSO", "COMP": 71.9084, "KML_STYLE": "track001", "Shape_Leng": 0.219007397647 }, "geometry": { "type": "LineString", "coordinates": [ [ -41.61241599998997, -10.636043000321921 ], [ -41.612417000148916, -10.636043000121813 ], [ -41.61241599998997, -10.636043000321921 ] ] } },
{ "type": "Feature", "properties": { "NAME": "EIXO_ACESSO", "LAYER": "Unknown Line Type", "FID_1": 0, "ESTRUTURA": "EIXO_ACESSO", "COMP": 71.9084, "KML_STYLE": "track001", "Shape_Leng": 383.70818787500002 }, "geometry": { "type": "LineString", "coordinates": [ [ -41.596717999586019, -10.653657000288101 ], [ -41.596753999561145, -10.653577999814742 ], [ -41.596782999893534, -10.653495999781351 ], [ -41.596806000160683, -10.65341200026017 ], [ -41.596822000125037, -10.653325999608052 ], [ -41.59683000009553, -10.653240000250349 ], [ -41.596831999346904, -10.653152999832111 ], [ -41.596825999522864, -10.653065999794974 ], [ -41.596813999512989, -10.652980000052914 ], [ -41.596399999683115, -10.650748999762172 ], [ -41.596386999657824, -10.650665999891082 ], [ -41.596381999330312, -10.650582000330864 ], [ -41.596382999408966, -10.650497999816972 ], [ -41.596390000157726, -10.650415000385511 ], [ -41.596403999693841, -10.650331999857389 ], [ -41.596424999439584, -10.650250999584923 ] ] } },
{ "type": "Feature", "properties": { "NAME": "EIXO_ACESSO", "LAYER": "Unknown Line Type", "FID_1": 0, "ESTRUTURA": "EIXO_ACESSO", "COMP": 71.9084, "KML_STYLE": "track001", "Shape_Leng": 144.32388347 }, "geometry": { "type": "LineString", "coordinates": [ [ -41.59691299965823, -10.649055999831091 ], [ -41.59685999965847, -10.649112000334355 ], [ -41.596811999890534, -10.649172000053875 ], [ -41.596768000150156, -10.649236000055431 ], [ -41.596729000145828, -10.649301999724642 ], [ -41.596694999888427, -10.649369999966275 ], [ -41.596664999412553, -10.649441000265766 ], [ -41.59664099981083, -10.649514000068164 ], [ -41.596424999439584, -10.650250999584923 ] ] } },
{ "type": "Feature", "properties": { "NAME": "EIXO_ACESSO", "LAYER": "Unknown Line Type", "FID_1": 0, "ESTRUTURA": "EIXO_ACESSO", "COMP": 71.9084, "KML_STYLE": "track001", "Shape_Leng": 2144.8038172699999 }, "geometry": { "type": "LineString", "coordinates": [ [ -41.610897999618274, -10.635723999601515 ], [ -41.610814999609737, -10.635709999935502 ], [ -41.61073099933536, -10.635701999955044 ], [ -41.610645999991853, -10.635700999870744 ], [ -41.610561999784508, -10.635705999996079 ], [ -41.610477999454965, -10.635716999615614 ], [ -41.610395999620593, -10.635735000368644 ], [ -41.610314999814271, -10.635759000426111 ], [ -41.610236000191819, -10.635788999596897 ], [ -41.610160000019675, -10.635825000408742 ], [ -41.610087000185771, -10.635867000146561 ], [ -41.610016999503529, -10.635914000409377 ], [ -41.609950999324674, -10.635967000314754 ], [ -41.609888999997146, -10.636024000324655 ], [ -41.59691299965823, -10.649055999831091 ] ] } },
{ "type": "Feature", "properties": { "NAME": "EIXO_ACESSO", "LAYER": "Unknown Line Type", "FID_1": 0, "ESTRUTURA": "EIXO_ACESSO", "COMP": 71.9084, "KML_STYLE": "track001", "Shape_Leng": 319.58923487499999 }, "geometry": { "type": "LineString", "coordinates": [ [ -41.613277999887735, -10.636979999742504 ], [ -41.613264000122157, -10.636895999600911 ], [ -41.613245000153739, -10.636814000001301 ], [ -41.613218999656631, -10.636734000444878 ], [ -41.613186999403425, -10.636654999598818 ], [ -41.613148000145259, -10.636580000117608 ], [ -41.613104000065036, -10.636507999584907 ], [ -41.613053999932951, -10.636438999999884 ], [ -41.612999999445265, -10.636374000274772 ], [ -41.612939999484581, -10.636314000116352 ], [ -41.612875000216938, -10.636259000222847 ], [ -41.612806999836181, -10.636207999987407 ], [ -41.612733999526753, -10.636163000235623 ], [ -41.612658999762196, -10.636124000361693 ], [ -41.612580000212276, -10.636090999862976 ], [ -41.612498999379099, -10.636064000158651 ], [ -41.612417000148916, -10.636043000121813 ], [ -41.610897999618274, -10.635723999601515 ] ] } },
{ "type": "Feature", "properties": { "NAME": "EIXO_ACESSO", "LAYER": "Unknown Line Type", "FID_1": 0, "ESTRUTURA": "EIXO_ACESSO", "COMP": 71.9084, "KML_STYLE": "track001", "Shape_Leng": 102.93692317599999 }, "geometry": { "type": "LineString", "coordinates": [ [ -41.613384999495175, -10.637903999816023 ], [ -41.613277999887735, -10.636979999742504 ] ] } },
{ "type": "Feature", "properties": { "NAME": "EIXO_ACESSO", "LAYER": "Unknown Line Type", "FID_1": 0, "ESTRUTURA": "EIXO_ACESSO", "COMP": 71.9084, "KML_STYLE": "track001", "Shape_Leng": 199.301718249 }, "geometry": { "type": "LineString", "coordinates": [ [ -41.614398000042037, -10.639368000136164 ], [ -41.613637999941695, -10.638480999909289 ], [ -41.613588000153364, -10.638418000015319 ], [ -41.613542999416687, -10.638352000249036 ], [ -41.613502999549716, -10.638282999694336 ], [ -41.613467999653267, -10.638211000168164 ], [ -41.613438999875356, -10.638135999660815 ], [ -41.613414999741877, -10.63805999972184 ], [ -41.613397000028321, -10.637981999925262 ], [ -41.613384999495175, -10.637903999816023 ] ] } },
{ "type": "Feature", "properties": { "NAME": "EIXO_ACESSO", "LAYER": "Unknown Line Type", "FID_1": 0, "ESTRUTURA": "EIXO_ACESSO", "COMP": 71.9084, "KML_STYLE": "track001", "Shape_Leng": 251.54282184799999 }, "geometry": { "type": "LineString", "coordinates": [ [ -41.614398000042037, -10.639368000136164 ], [ -41.614446000157017, -10.63941999965447 ], [ -41.61449599942474, -10.639467999690972 ], [ -41.614549999398349, -10.639513000032762 ], [ -41.614605999732106, -10.639555000193909 ], [ -41.616071999339233, -10.640568999662509 ], [ -41.616131999839759, -10.640614000150102 ], [ -41.616189999414736, -10.640663000114706 ], [ -41.616242999379189, -10.6407160001897 ] ] } },
{ "type": "Feature", "properties": { "NAME": "EIXO_ACESSO", "LAYER": "Unknown Line Type", "FID_1": 0, "ESTRUTURA": "EIXO_ACESSO", "COMP": 71.9084, "KML_STYLE": "track001", "Shape_Leng": 184.754778448 }, "geometry": { "type": "LineString", "coordinates": [ [ -41.617397999970805, -10.64193300007747 ], [ -41.616242999379189, -10.6407160001897 ] ] } },
{ "type": "Feature", "properties": { "NAME": "EIXO_ACESSO", "LAYER": "Unknown Line Type", "FID_1": 0, "ESTRUTURA": "EIXO_ACESSO", "COMP": 71.9084, "KML_STYLE": "track001", "Shape_Leng": 140.962153669 }, "geometry": { "type": "LineString", "coordinates": [ [ -41.596142000029118, -10.656740999996815 ], [ -41.595265999925729, -10.657003999910767 ], [ -41.595208000083204, -10.657024000213001 ], [ -41.595151999897226, -10.657048000209981 ], [ -41.595099000116853, -10.657078000199455 ], [ -41.595047999990449, -10.657111999886959 ], [ -41.594999999511899, -10.657148999787843 ], [ -41.594950000048044, -10.657191999570603 ] ] } },
{ "type": "Feature", "properties": { "NAME": "EIXO_ACESSO", "LAYER": "Unknown Line Type", "FID_1": 0, "ESTRUTURA": "EIXO_ACESSO", "COMP": 71.9084, "KML_STYLE": "track001", "Shape_Leng": 125.77268592199999 }, "geometry": { "type": "LineString", "coordinates": [ [ -41.596850999639436, -10.655891000049055 ], [ -41.596569999851582, -10.656397000414401 ], [ -41.596533000022497, -10.656457000353168 ], [ -41.596489999543721, -10.656513000355345 ], [ -41.596442999544003, -10.656563999853907 ], [ -41.596389999553232, -10.656610000080034 ], [ -41.596332999384664, -10.65665200003332 ], [ -41.596272000097983, -10.65668699991655 ], [ -41.596208999948601, -10.656716999876606 ], [ -41.596142000029118, -10.656740999996815 ] ] } },
{ "type": "Feature", "properties": { "NAME": "EIXO_ACESSO", "LAYER": "Unknown Line Type", "FID_1": 0, "ESTRUTURA": "EIXO_ACESSO", "COMP": 71.9084, "KML_STYLE": "track001", "Shape_Leng": 656.32020451699998 }, "geometry": { "type": "LineString", "coordinates": [ [ -41.586417999828669, -10.659903000283929 ], [ -41.586431999333207, -10.665832999790526 ] ] } },
{ "type": "Feature", "properties": { "NAME": "EIXO_ACESSO", "LAYER": "Unknown Line Type", "FID_1": 0, "ESTRUTURA": "EIXO_ACESSO", "COMP": 71.9084, "KML_STYLE": "track001", "Shape_Leng": 290.996663093 }, "geometry": { "type": "LineString", "coordinates": [ [ -41.585095999898193, -10.657707999878076 ], [ -41.585104000113752, -10.65779099964495 ], [ -41.585117999812702, -10.657873000218149 ], [ -41.585139000149077, -10.657953999651484 ], [ -41.585165999754857, -10.658032999650532 ], [ -41.585198999546819, -10.658110000205271 ], [ -41.585238000210587, -10.658184000165758 ], [ -41.585282999921489, -10.658254999544106 ], [ -41.585333000047044, -10.658322000023615 ], [ -41.585387999658714, -10.658384999802198 ], [ -41.586124000232452, -10.659167000228347 ], [ -41.586177000116699, -10.659227999580818 ], [ -41.586225999911861, -10.659293000397563 ], [ -41.586269999340189, -10.659362000104601 ], [ -41.586307999532302, -10.659433000160446 ], [ -41.586340999362683, -10.659508000015242 ], [ -41.586368999980337, -10.659583999853957 ], [ -41.586390000184728, -10.659662000191606 ], [ -41.58640500022041, -10.659741999992052 ], [ -41.586414999891126, -10.659821999555083 ], [ -41.586417999828669, -10.659903000283929 ] ] } },
{ "type": "Feature", "properties": { "NAME": "EIXO_ACESSO", "LAYER": "Unknown Line Type", "FID_1": 0, "ESTRUTURA": "EIXO_ACESSO", "COMP": 71.9084, "KML_STYLE": "track001", "Shape_Leng": 0.22140731711299999 }, "geometry": { "type": "LineString", "coordinates": [ [ -41.585387999658714, -10.658384999802198 ], [ -41.585387999882606, -10.658386000038211 ], [ -41.585387999658714, -10.658384999802198 ] ] } },
{ "type": "Feature", "properties": { "NAME": "EIXO_ACESSO", "LAYER": "Unknown Line Type", "FID_1": 0, "ESTRUTURA": "EIXO_ACESSO", "COMP": 71.9084, "KML_STYLE": "track001", "Shape_Leng": 104.873868559 }, "geometry": { "type": "LineString", "coordinates": [ [ -41.585041000033527, -10.656762000224905 ], [ -41.585095999898193, -10.657707999878076 ] ] } },
{ "type": "Feature", "properties": { "NAME": "EIXO_ACESSO", "LAYER": "Unknown Line Type", "FID_1": 0, "ESTRUTURA": "EIXO_ACESSO", "COMP": 71.9084, "KML_STYLE": "track001", "Shape_Leng": 0.21880740474900001 }, "geometry": { "type": "LineString", "coordinates": [ [ -41.585041000033527, -10.656762000224905 ], [ -41.585041999367853, -10.656762000103891 ], [ -41.585041000033527, -10.656762000224905 ] ] } },
{ "type": "Feature", "properties": { "NAME": "EIXO_ACESSO", "LAYER": "Unknown Line Type", "FID_1": 0, "ESTRUTURA": "EIXO_ACESSO", "COMP": 71.9084, "KML_STYLE": "track001", "Shape_Leng": 271.29519930499998 }, "geometry": { "type": "LineString", "coordinates": [ [ -41.585041000033527, -10.656762000224905 ], [ -41.585034000140489, -10.656683000362332 ], [ -41.585020999678306, -10.656604000357651 ], [ -41.58500099975258, -10.656526999899075 ], [ -41.584474999825566, -10.654697999761671 ], [ -41.584456000031977, -10.654622999554768 ], [ -41.584442999450438, -10.654545999942721 ], [ -41.584435000083474, -10.654468999703996 ], [ -41.584433000138638, -10.654391000300127 ] ] } },
{ "type": "Feature", "properties": { "NAME": "EIXO_ACESSO", "LAYER": "Unknown Line Type", "FID_1": 0, "ESTRUTURA": "EIXO_ACESSO", "COMP": 71.9084, "KML_STYLE": "track001", "Shape_Leng": 208.91137105600001 }, "geometry": { "type": "LineString", "coordinates": [ [ -41.584512999511261, -10.652510999708687 ], [ -41.584489999975993, -10.652581000245414 ], [ -41.584472000205693, -10.652652999750378 ], [ -41.584458999786477, -10.652724999556581 ], [ -41.58444999983309, -10.65279900025403 ], [ -41.584447000162527, -10.652871999980393 ], [ -41.584433000138638, -10.654391000300127 ] ] } },
{ "type": "Feature", "properties": { "NAME": "EIXO_ACESSO", "LAYER": "Unknown Line Type", "FID_1": 0, "ESTRUTURA": "EIXO_ACESSO", "COMP": 71.9084, "KML_STYLE": "track001", "Shape_Leng": 346.02176097099999 }, "geometry": { "type": "LineString", "coordinates": [ [ -41.585253000219502, -10.649497000027473 ], [ -41.585207999357053, -10.649570000330819 ], [ -41.585168999549914, -10.649645999705463 ], [ -41.585135999904359, -10.649724999967379 ], [ -41.585109000201179, -10.64980599997736 ], [ -41.585088999757204, -10.649888999619995 ], [ -41.585076000196572, -10.64997299954708 ], [ -41.58491399973893, -10.651340000221163 ], [ -41.584900999945468, -10.65142299992293 ], [ -41.584881000145451, -10.651505000241764 ], [ -41.584854999426085, -10.651584999920845 ], [ -41.584512999511261, -10.652510999708687 ] ] } },
{ "type": "Feature", "properties": { "NAME": "EIXO_ACESSO", "LAYER": "Unknown Line Type", "FID_1": 0, "ESTRUTURA": "EIXO_ACESSO", "COMP": 71.9084, "KML_STYLE": "track001", "Shape_Leng": 74.738954196500003 }, "geometry": { "type": "LineString", "coordinates": [ [ -41.585632999422089, -10.648935999718413 ], [ -41.585253000219502, -10.649497000027473 ] ] } },
{ "type": "Feature", "properties": { "NAME": "EIXO_ACESSO", "LAYER": "Unknown Line Type", "FID_1": 0, "ESTRUTURA": "EIXO_ACESSO", "COMP": 71.9084, "KML_STYLE": "track001", "Shape_Leng": 0.21880740288600001 }, "geometry": { "type": "LineString", "coordinates": [ [ -41.585632000113776, -10.648935999835325 ], [ -41.585632999422089, -10.648935999718413 ], [ -41.585632000113776, -10.648935999835325 ] ] } },
{ "type": "Feature", "properties": { "NAME": "EIXO_ACESSO", "LAYER": "Unknown Line Type", "FID_1": 0, "ESTRUTURA": "EIXO_ACESSO", "COMP": 71.9084, "KML_STYLE": "track001", "Shape_Leng": 347.42326823299999 }, "geometry": { "type": "LineString", "coordinates": [ [ -41.585361999813237, -10.645874999616707 ], [ -41.585368000035359, -10.645926000219099 ], [ -41.58537699955653, -10.645974999990729 ], [ -41.585796999529613, -10.648127000214116 ], [ -41.585809999457773, -10.648210999644167 ], [ -41.585816999908459, -10.648294999803916 ], [ -41.585815999733796, -10.648380000284419 ], [ -41.585808999845767, -10.648464000357832 ], [ -41.585795999543322, -10.648548000268688 ], [ -41.585775999992499, -10.648629999654437 ], [ -41.585748999375816, -10.648710000337106 ], [ -41.585715999930017, -10.64878899970217 ], [ -41.585677000107488, -10.648863999757801 ], [ -41.585632999422089, -10.648935999718413 ] ] } },
{ "type": "Feature", "properties": { "NAME": "EIXO_ACESSO", "LAYER": "Unknown Line Type", "FID_1": 0, "ESTRUTURA": "EIXO_ACESSO", "COMP": 71.9084, "KML_STYLE": "track001", "Shape_Leng": 0.219007397647 }, "geometry": { "type": "LineString", "coordinates": [ [ -41.585796999529613, -10.648127000214116 ], [ -41.58579799974855, -10.64812700008976 ], [ -41.585796999529613, -10.648127000214116 ] ] } },
{ "type": "Feature", "properties": { "NAME": "EIXO_ACESSO", "LAYER": "Unknown Line Type", "FID_1": 0, "ESTRUTURA": "EIXO_ACESSO", "COMP": 71.9084, "KML_STYLE": "track001", "Shape_Leng": 0.219007397617 }, "geometry": { "type": "LineString", "coordinates": [ [ -41.585375999344308, -10.645975000112109 ], [ -41.58537699955653, -10.645974999990729 ], [ -41.585375999344308, -10.645975000112109 ] ] } },
{ "type": "Feature", "properties": { "NAME": "EIXO_ACESSO", "LAYER": "Unknown Line Type", "FID_1": 0, "ESTRUTURA": "EIXO_ACESSO", "COMP": 71.9084, "KML_STYLE": "track001", "Shape_Leng": 162.53809225399999 }, "geometry": { "type": "LineString", "coordinates": [ [ -41.585253999797224, -10.644412999748161 ], [ -41.585244999875293, -10.644483000349544 ], [ -41.585240000075316, -10.644553999812965 ], [ -41.585239999497418, -10.644624999595685 ], [ -41.585244999971813, -10.644695999681815 ], [ -41.585361999813237, -10.645874999616707 ] ] } },
{ "type": "Feature", "properties": { "NAME": "EIXO_ACESSO", "LAYER": "Unknown Line Type", "FID_1": 0, "ESTRUTURA": "EIXO_ACESSO", "COMP": 71.9084, "KML_STYLE": "track001", "Shape_Leng": 163.454665621 }, "geometry": { "type": "LineString", "coordinates": [ [ -41.585498000224035, -10.642956000093152 ], [ -41.585253999797224, -10.644412999748161 ] ] } },
{ "type": "Feature", "properties": { "NAME": "EIXO_ACESSO", "LAYER": "Unknown Line Type", "FID_1": 0, "ESTRUTURA": "EIXO_ACESSO", "COMP": 71.9084, "KML_STYLE": "track001", "Shape_Leng": 0.22140731337200001 }, "geometry": { "type": "LineString", "coordinates": [ [ -41.585498000224035, -10.642956000093152 ], [ -41.585498000011874, -10.642954999856356 ], [ -41.585498000224035, -10.642956000093152 ] ] } },
{ "type": "Feature", "properties": { "NAME": "EIXO_ACESSO", "LAYER": "Unknown Line Type", "FID_1": 0, "ESTRUTURA": "EIXO_ACESSO", "COMP": 71.9084, "KML_STYLE": "track001", "Shape_Leng": 0.219007397647 }, "geometry": { "type": "LineString", "coordinates": [ [ -41.58546799983548, -10.642473999762371 ], [ -41.585469000036191, -10.642473999643395 ], [ -41.58546799983548, -10.642473999762371 ] ] } },
{ "type": "Feature", "properties": { "NAME": "EIXO_ACESSO", "LAYER": "Unknown Line Type", "FID_1": 0, "ESTRUTURA": "EIXO_ACESSO", "COMP": 71.9084, "KML_STYLE": "track001", "Shape_Leng": 162.19892030700001 }, "geometry": { "type": "LineString", "coordinates": [ [ -41.585498000224035, -10.642956000093152 ], [ -41.585507999851018, -10.642875000377094 ], [ -41.585512999374892, -10.642794000347426 ], [ -41.585511000223505, -10.642713000226966 ], [ -41.585502999863465, -10.642631999917709 ], [ -41.585488999424619, -10.642551999647356 ], [ -41.58546799983548, -10.642473999762371 ], [ -41.585190000147826, -10.641535000440653 ] ] } },
{ "type": "Feature", "properties": { "NAME": "EIXO_ACESSO", "LAYER": "Unknown Line Type", "FID_1": 0, "ESTRUTURA": "EIXO_ACESSO", "COMP": 71.9084, "KML_STYLE": "track001", "Shape_Leng": 193.06680924299999 }, "geometry": { "type": "LineString", "coordinates": [ [ -41.609135000201697, -10.634432000351218 ], [ -41.609920000151412, -10.635994000437135 ] ] } },
{ "type": "Feature", "properties": { "NAME": "EIXO_ACESSO", "LAYER": "Unknown Line Type", "FID_1": 0, "ESTRUTURA": "EIXO_ACESSO", "COMP": 71.9084, "KML_STYLE": "track001", "Shape_Leng": 378.777893463 }, "geometry": { "type": "LineString", "coordinates": [ [ -41.605955999572359, -10.633676999736284 ], [ -41.606029999914881, -10.63372299967947 ], [ -41.606108000205836, -10.633763000261075 ], [ -41.606188000112695, -10.633797000028848 ], [ -41.606270999794724, -10.633824999706995 ], [ -41.606355999738327, -10.633846000147784 ], [ -41.606441999765558, -10.633859999723274 ], [ -41.606528999885576, -10.633867000240997 ], [ -41.606616000194435, -10.633868000295516 ], [ -41.606702999499483, -10.633861999674634 ], [ -41.60678999936232, -10.633847999950612 ], [ -41.606998000201813, -10.6338079997702 ], [ -41.607084999378728, -10.633795000199324 ], [ -41.607172000181301, -10.633788000122903 ], [ -41.607259999668827, -10.633788999829331 ], [ -41.608204999902497, -10.633831999916525 ], [ -41.608287000067058, -10.633838999951976 ], [ -41.608370000228668, -10.633852000209563 ], [ -41.608449999757255, -10.633870999623394 ], [ -41.608529999418209, -10.633896999663204 ], [ -41.608607000018111, -10.633928000432398 ], [ -41.608680999999464, -10.63396500036016 ], [ -41.608753000161698, -10.634006999937446 ], [ -41.608820000042627, -10.634053999726259 ], [ -41.608884999486541, -10.634107000297888 ], [ -41.608944000036296, -10.634164000134939 ], [ -41.6089999997089, -10.63422599982311 ], [ -41.609050000222112, -10.634291000370148 ], [ -41.609095000171159, -10.634360000018589 ], [ -41.609135000201697, -10.634432000351218 ] ] } },
{ "type": "Feature", "properties": { "NAME": "EIXO_ACESSO", "LAYER": "Unknown Line Type", "FID_1": 0, "ESTRUTURA": "EIXO_ACESSO", "COMP": 71.9084, "KML_STYLE": "track001", "Shape_Leng": 0.219007395785 }, "geometry": { "type": "LineString", "coordinates": [ [ -41.608203999747509, -10.633832000101471 ], [ -41.608204999902497, -10.633831999916525 ], [ -41.608203999747509, -10.633832000101471 ] ] } },
{ "type": "Feature", "properties": { "NAME": "EIXO_ACESSO", "LAYER": "Unknown Line Type", "FID_1": 0, "ESTRUTURA": "EIXO_ACESSO", "COMP": 71.9084, "KML_STYLE": "track001", "Shape_Leng": 0.219007397647 }, "geometry": { "type": "LineString", "coordinates": [ [ -41.607258999513242, -10.633789000011225 ], [ -41.607259999668827, -10.633788999829331 ], [ -41.607258999513242, -10.633789000011225 ] ] } },
{ "type": "Feature", "properties": { "NAME": "EIXO_ACESSO", "LAYER": "Unknown Line Type", "FID_1": 0, "ESTRUTURA": "EIXO_ACESSO", "COMP": 71.9084, "KML_STYLE": "track001", "Shape_Leng": 189.485936727 }, "geometry": { "type": "LineString", "coordinates": [ [ -41.604531999815983, -10.632703999847084 ], [ -41.605955999572359, -10.633676999736284 ] ] } },
{ "type": "Feature", "properties": { "NAME": "EIXO_ACESSO", "LAYER": "Unknown Line Type", "FID_1": 0, "ESTRUTURA": "EIXO_ACESSO", "COMP": 71.9084, "KML_STYLE": "track001", "Shape_Leng": 149.77657533600001 }, "geometry": { "type": "LineString", "coordinates": [ [ -41.603520000177255, -10.631906000236588 ], [ -41.603533999687649, -10.631973000373572 ], [ -41.603555000021927, -10.632039000007227 ], [ -41.603580999447097, -10.632101999936841 ], [ -41.603612999944481, -10.63216199997653 ], [ -41.603650999689137, -10.632219000139022 ], [ -41.603694999595682, -10.632273000414072 ], [ -41.603742999736937, -10.632321999779982 ], [ -41.603795000126766, -10.632366000042037 ], [ -41.603851999996053, -10.63240500013262 ], [ -41.6039119999486, -10.632439000382012 ], [ -41.603974999709777, -10.632466999662304 ], [ -41.604382999884038, -10.632625999613699 ], [ -41.604435000078979, -10.63264800020818 ], [ -41.60448399995294, -10.632674000400495 ], [ -41.604531999815983, -10.632703999847084 ] ] } },
{ "type": "Feature", "properties": { "NAME": "EIXO_ACESSO", "LAYER": "Unknown Line Type", "FID_1": 0, "ESTRUTURA": "EIXO_ACESSO", "COMP": 71.9084, "KML_STYLE": "track001", "Shape_Leng": 153.828076329 }, "geometry": { "type": "LineString", "coordinates": [ [ -41.603332999490839, -10.630531000014456 ], [ -41.603327000006701, -10.630600000331146 ], [ -41.603327999743762, -10.63066900039826 ], [ -41.603334999471372, -10.630738000374011 ], [ -41.603520000177255, -10.631906000236588 ] ] } },
{ "type": "Feature", "properties": { "NAME": "EIXO_ACESSO", "LAYER": "Unknown Line Type", "FID_1": 0, "ESTRUTURA": "EIXO_ACESSO", "COMP": 71.9084, "KML_STYLE": "track001", "Shape_Leng": 329.69803551400003 }, "geometry": { "type": "LineString", "coordinates": [ [ -41.603728999422401, -10.627578000357707 ], [ -41.603332999490839, -10.630531000014456 ] ] } },
{ "type": "Feature", "properties": { "NAME": "EIXO_ACESSO", "LAYER": "Unknown Line Type", "FID_1": 0, "ESTRUTURA": "EIXO_ACESSO", "COMP": 71.9084, "KML_STYLE": "track001", "Shape_Leng": 0.218809141426 }, "geometry": { "type": "LineString", "coordinates": [ [ -41.603728000189982, -10.627577999612475 ], [ -41.603728999422401, -10.627578000357707 ], [ -41.603728000189982, -10.627577999612475 ] ] } },
{ "type": "Feature", "properties": { "NAME": "EIXO_ACESSO", "LAYER": "Unknown Line Type", "FID_1": 0, "ESTRUTURA": "EIXO_ACESSO", "COMP": 71.9084, "KML_STYLE": "track001", "Shape_Leng": 256.66203737400002 }, "geometry": { "type": "LineString", "coordinates": [ [ -41.60378999963212, -10.625259999938807 ], [ -41.60373799975477, -10.627460999559693 ], [ -41.603734999924654, -10.627519999821734 ], [ -41.603728999422401, -10.627578000357707 ] ] } },
{ "type": "Feature", "properties": { "NAME": "EIXO_ACESSO", "LAYER": "Unknown Line Type", "FID_1": 0, "ESTRUTURA": "EIXO_ACESSO", "COMP": 71.9084, "KML_STYLE": "track001", "Shape_Leng": 295.686274094 }, "geometry": { "type": "LineString", "coordinates": [ [ -41.60378999963212, -10.625259999938807 ], [ -41.603788999514087, -10.625177999651358 ], [ -41.60378099939809, -10.625095999601015 ], [ -41.603766999676921, -10.625014999845684 ], [ -41.603746999441526, -10.624935000391089 ], [ -41.603720999851291, -10.624856999644278 ], [ -41.603690000148198, -10.624781000157308 ], [ -41.603652000054154, -10.624706999544291 ], [ -41.603608999445314, -10.624636999737691 ], [ -41.603559999756193, -10.624569999755504 ], [ -41.603506999682011, -10.624507000411452 ], [ -41.603448999992004, -10.62444800005149 ], [ -41.60338700016375, -10.624393999645568 ], [ -41.60332000007498, -10.62434500025712 ], [ -41.60324999971585, -10.624300000431958 ], [ -41.602120999804988, -10.623641999631538 ], [ -41.602056999928735, -10.62360199965379 ], [ -41.601995999458573, -10.623558000093411 ], [ -41.601938999428228, -10.623509999883824 ] ] } },
{ "type": "Feature", "properties": { "NAME": "EIXO_ACESSO", "LAYER": "Unknown Line Type", "FID_1": 0, "ESTRUTURA": "EIXO_ACESSO", "COMP": 71.9084, "KML_STYLE": "track001", "Shape_Leng": 173.78954014600001 }, "geometry": { "type": "LineString", "coordinates": [ [ -41.600826999748506, -10.622400999550509 ], [ -41.600865999853205, -10.62247499968063 ], [ -41.6009109997526, -10.622544999785902 ], [ -41.600960999570368, -10.622612000242492 ], [ -41.601017000090231, -10.622674999757111 ], [ -41.601076999918611, -10.622733000222102 ], [ -41.601938999428228, -10.623509999883824 ] ] } },
{ "type": "Feature", "properties": { "NAME": "EIXO_ACESSO", "LAYER": "Unknown Line Type", "FID_1": 0, "ESTRUTURA": "EIXO_ACESSO", "COMP": 71.9084, "KML_STYLE": "track001", "Shape_Leng": 85.6079336329 }, "geometry": { "type": "LineString", "coordinates": [ [ -41.600488000161604, -10.621703999902914 ], [ -41.600826999748506, -10.622400999550509 ] ] } },
{ "type": "Feature", "properties": { "NAME": "EIXO_ACESSO", "LAYER": "Unknown Line Type", "FID_1": 0, "ESTRUTURA": "EIXO_ACESSO", "COMP": 71.9084, "KML_STYLE": "track001", "Shape_Leng": 140.66304211600001 }, "geometry": { "type": "LineString", "coordinates": [ [ -41.605884999472785, -10.672831000033346 ], [ -41.605851999502136, -10.672749999670872 ], [ -41.605813999946022, -10.672672000084273 ], [ -41.605768999611868, -10.672598000105532 ], [ -41.605717999404604, -10.672527000200301 ], [ -41.605662000203843, -10.672460999694108 ], [ -41.605600999896097, -10.672399000186747 ], [ -41.605533999396634, -10.672342000286445 ], [ -41.605463999852965, -10.672290999591485 ], [ -41.605388999497457, -10.672245000106493 ], [ -41.605311999759827, -10.672205999845024 ], [ -41.605230999777312, -10.672172999900404 ], [ -41.605146999827817, -10.672146000065588 ], [ -41.605061999857071, -10.672126000157908 ], [ -41.604919000208334, -10.672098000202604 ] ] } },
{ "type": "Feature", "properties": { "NAME": "EIXO_ACESSO", "LAYER": "Unknown Line Type", "FID_1": 0, "ESTRUTURA": "EIXO_ACESSO", "COMP": 71.9084, "KML_STYLE": "track001", "Shape_Leng": 348.43798332 }, "geometry": { "type": "LineString", "coordinates": [ [ -41.606341999439643, -10.675745000186073 ], [ -41.606396000156664, -10.675703999694056 ], [ -41.606446999674354, -10.675658999851617 ], [ -41.60649299983308, -10.67560899993881 ], [ -41.606534999406605, -10.675554999979864 ], [ -41.606569999338035, -10.6754969996933 ], [ -41.60660100021564, -10.67543699979341 ], [ -41.606624999630903, -10.675372999583765 ], [ -41.606644000013389, -10.675308000192947 ], [ -41.606655999854482, -10.675242000245827 ], [ -41.606662000064695, -10.675174000207413 ], [ -41.606661000049421, -10.675105999830455 ], [ -41.60665399950512, -10.675039000031756 ], [ -41.606639999963882, -10.674973000103035 ], [ -41.606621000183864, -10.674907999634295 ], [ -41.605884999472785, -10.672831000033346 ] ] } },
{ "type": "Feature", "properties": { "NAME": "EIXO_ACESSO", "LAYER": "Unknown Line Type", "FID_1": 0, "ESTRUTURA": "EIXO_ACESSO", "COMP": 71.9084, "KML_STYLE": "track001", "Shape_Leng": 79.090612823499995 }, "geometry": { "type": "LineString", "coordinates": [ [ -41.605743999749087, -10.67614600028187 ], [ -41.606341999439643, -10.675745000186073 ] ] } },
{ "type": "Feature", "properties": { "NAME": "EIXO_ACESSO", "LAYER": "Unknown Line Type", "FID_1": 0, "ESTRUTURA": "EIXO_ACESSO", "COMP": 71.9084, "KML_STYLE": "track001", "Shape_Leng": 552.14579627199998 }, "geometry": { "type": "LineString", "coordinates": [ [ -41.605390999372695, -10.680518999615478 ], [ -41.604565999408493, -10.679094999863119 ], [ -41.604526000165883, -10.679020000422245 ], [ -41.604491999748831, -10.678940999762071 ], [ -41.604464999994121, -10.678859999917131 ], [ -41.604443999671496, -10.678777000202214 ], [ -41.604429999376293, -10.678692999728726 ], [ -41.604421999720088, -10.678607999602209 ], [ -41.604420999477462, -10.678522999852373 ], [ -41.604426999548352, -10.678437999569541 ], [ -41.604439999934478, -10.678352999658193 ], [ -41.604459999399147, -10.678269999670935 ], [ -41.604485999460316, -10.678188999799795 ], [ -41.604518000112961, -10.678110000044313 ], [ -41.604556999827686, -10.678033000211425 ], [ -41.605398999993817, -10.676520000171234 ], [ -41.605443999606635, -10.676446999968254 ], [ -41.605494000070102, -10.676377999611077 ], [ -41.605548999562352, -10.676313000016425 ], [ -41.605609999586704, -10.676253000280814 ], [ -41.605675000151543, -10.676196999689637 ], [ -41.605743999749087, -10.67614600028187 ] ] } },
{ "type": "Feature", "properties": { "NAME": "EIXO_ACESSO", "LAYER": "Unknown Line Type", "FID_1": 0, "ESTRUTURA": "EIXO_ACESSO", "COMP": 71.9084, "KML_STYLE": "track001", "Shape_Leng": 0.219009130877 }, "geometry": { "type": "LineString", "coordinates": [ [ -41.605943999486193, -10.680990999590515 ], [ -41.605944999804862, -10.680991000279841 ], [ -41.605943999486193, -10.680990999590515 ] ] } },
{ "type": "Feature", "properties": { "NAME": "EIXO_ACESSO", "LAYER": "Unknown Line Type", "FID_1": 0, "ESTRUTURA": "EIXO_ACESSO", "COMP": 71.9084, "KML_STYLE": "track001", "Shape_Leng": 233.46965550100001 }, "geometry": { "type": "LineString", "coordinates": [ [ -41.605390999372695, -10.680518999615478 ], [ -41.605434999728175, -10.680588999600152 ], [ -41.605483999538215, -10.680655000352528 ], [ -41.605537999700978, -10.680717000055422 ], [ -41.605595999913369, -10.680774999822399 ], [ -41.605659000184744, -10.680828000122508 ], [ -41.605725000184478, -10.68087699979176 ], [ -41.605794999619889, -10.680919999983832 ], [ -41.605868999701762, -10.680958000004523 ], [ -41.605944999804862, -10.680991000279841 ], [ -41.606898999789848, -10.681357999979113 ], [ -41.606964999334586, -10.681387000324241 ], [ -41.607028999519706, -10.681422999911653 ], [ -41.607088000022927, -10.681465000074152 ], [ -41.607141999612423, -10.681511999700412 ], [ -41.607191999836338, -10.681564999688039 ] ] } },
{ "type": "Feature", "properties": { "NAME": "EIXO_ACESSO", "LAYER": "Unknown Line Type", "FID_1": 0, "ESTRUTURA": "EIXO_ACESSO", "COMP": 71.9084, "KML_STYLE": "track001", "Shape_Leng": 42.349202989600002 }, "geometry": { "type": "LineString", "coordinates": [ [ -41.607441999619844, -10.681856999982418 ], [ -41.607191999836338, -10.681564999688039 ] ] } },
{ "type": "Feature", "properties": { "NAME": "EIXO_ACESSO", "LAYER": "Unknown Line Type", "FID_1": 0, "ESTRUTURA": "EIXO_ACESSO", "COMP": 71.9084, "KML_STYLE": "track001", "Shape_Leng": 205.95917020900001 }, "geometry": { "type": "LineString", "coordinates": [ [ -41.609134999714861, -10.682489000411307 ], [ -41.609091999964981, -10.682432000217245 ], [ -41.60904399993229, -10.682379000197825 ], [ -41.608989999935808, -10.682332000104969 ], [ -41.608931999967638, -10.682288999956736 ], [ -41.608870999470895, -10.682253000191441 ], [ -41.60880599962848, -10.682222999897059 ], [ -41.608737999843726, -10.682198999758802 ], [ -41.608667999830701, -10.682181999776057 ], [ -41.608596999897088, -10.682171999724982 ], [ -41.607930999933664, -10.682109999716264 ], [ -41.607860999408487, -10.682100000177659 ], [ -41.607793000054883, -10.682083000442741 ], [ -41.607726000045758, -10.682060000061675 ], [ -41.607662000026849, -10.682031000400233 ], [ -41.607600999679015, -10.681995000338526 ], [ -41.607542999636379, -10.681954000312716 ], [ -41.607489999613584, -10.68190799989204 ], [ -41.607441999619844, -10.681856999982418 ] ] } },
{ "type": "Feature", "properties": { "NAME": "EIXO_ACESSO", "LAYER": "Unknown Line Type", "FID_1": 0, "ESTRUTURA": "EIXO_ACESSO", "COMP": 71.9084, "KML_STYLE": "track001", "Shape_Leng": 75.839027765699996 }, "geometry": { "type": "LineString", "coordinates": [ [ -41.609520999407614, -10.683057999717118 ], [ -41.609134999714861, -10.682489000411307 ] ] } },
{ "type": "Feature", "properties": { "NAME": "EIXO_ACESSO", "LAYER": "Unknown Line Type", "FID_1": 0, "ESTRUTURA": "EIXO_ACESSO", "COMP": 71.9084, "KML_STYLE": "track001", "Shape_Leng": 186.23679301300001 }, "geometry": { "type": "LineString", "coordinates": [ [ -41.610697999500879, -10.684271000030664 ], [ -41.610659999396333, -10.684220999659674 ], [ -41.610618999592049, -10.684172000183244 ], [ -41.610576000130735, -10.684125999999468 ], [ -41.609609999826091, -10.683165000394443 ], [ -41.609562999615612, -10.683113999814083 ], [ -41.609520999407614, -10.683057999717118 ] ] } },
{ "type": "Feature", "properties": { "NAME": "EIXO_ACESSO", "LAYER": "Unknown Line Type", "FID_1": 0, "ESTRUTURA": "EIXO_ACESSO", "COMP": 71.9084, "KML_STYLE": "track001", "Shape_Leng": 102.587529957 }, "geometry": { "type": "LineString", "coordinates": [ [ -41.611232999525207, -10.68503199983286 ], [ -41.610697999500879, -10.684271000030664 ] ] } },
{ "type": "Feature", "properties": { "NAME": "EIXO_ACESSO", "LAYER": "Unknown Line Type", "FID_1": 0, "ESTRUTURA": "EIXO_ACESSO", "COMP": 71.9084, "KML_STYLE": "track001", "Shape_Leng": 187.489841033 }, "geometry": { "type": "LineString", "coordinates": [ [ -41.585599999844142, -10.653108999730859 ], [ -41.58555899987509, -10.653186999949257 ], [ -41.585523999445321, -10.653269000369757 ], [ -41.585496999504805, -10.653353000258747 ], [ -41.585476999823968, -10.65343899974425 ], [ -41.585462999959503, -10.653525999620967 ], [ -41.585456999477636, -10.65361399964115 ], [ -41.585457999974921, -10.653702999916074 ], [ -41.585466999427474, -10.653790999859229 ], [ -41.585482000105984, -10.653877999701272 ], [ -41.585504999538131, -10.653962999874327 ], [ -41.585535000223366, -10.654045999577125 ], [ -41.585805999989276, -10.654717000134008 ] ] } },
{ "type": "Feature", "properties": { "NAME": "EIXO_ACESSO", "LAYER": "Unknown Line Type", "FID_1": 0, "ESTRUTURA": "EIXO_ACESSO", "COMP": 71.9084, "KML_STYLE": "track001", "Shape_Leng": 380.28634386700003 }, "geometry": { "type": "LineString", "coordinates": [ [ -41.587314999476312, -10.650121000064843 ], [ -41.585599999844142, -10.653108999730859 ] ] } },
{ "type": "Feature", "properties": { "NAME": "EIXO_ACESSO", "LAYER": "Unknown Line Type", "FID_1": 0, "ESTRUTURA": "EIXO_ACESSO", "COMP": 71.9084, "KML_STYLE": "track001", "Shape_Leng": 538.68159028399998 }, "geometry": { "type": "LineString", "coordinates": [ [ -41.596391999622718, -10.650704999941464 ], [ -41.593115999807409, -10.650298000427133 ], [ -41.593042000223669, -10.650292000002899 ], [ -41.59296699955302, -10.65028999974365 ], [ -41.592892000081719, -10.650292999716267 ], [ -41.592817999528485, -10.650302000026585 ], [ -41.592743999925517, -10.650315000340211 ], [ -41.592671999446743, -10.650333999942731 ], [ -41.591548999765735, -10.650659000430217 ] ] } },
{ "type": "Feature", "properties": { "NAME": "EIXO_ACESSO", "LAYER": "Unknown Line Type", "FID_1": 0, "ESTRUTURA": "EIXO_ACESSO", "COMP": 71.9084, "KML_STYLE": "track001", "Shape_Leng": 210.449379698 }, "geometry": { "type": "LineString", "coordinates": [ [ -41.591548999765735, -10.650659000430217 ], [ -41.591473999813338, -10.650683999810843 ], [ -41.591399999428766, -10.650714000206385 ], [ -41.591329000191145, -10.650749999747509 ], [ -41.591259999589177, -10.650789999939072 ], [ -41.59119499944854, -10.650836000048329 ], [ -41.591132999984403, -10.650885999750155 ], [ -41.590050000062682, -10.651829999770818 ] ] } },
{ "type": "Feature", "properties": { "NAME": "EIXO_ACESSO", "LAYER": "Unknown Line Type", "FID_1": 0, "ESTRUTURA": "EIXO_ACESSO", "COMP": 71.9084, "KML_STYLE": "track001", "Shape_Leng": 527.35132599200006 }, "geometry": { "type": "LineString", "coordinates": [ [ -41.587243999621549, -10.655426999642716 ], [ -41.587311000094694, -10.655441999718446 ], [ -41.58737899968758, -10.65545200027695 ], [ -41.587447999530859, -10.655453999695951 ], [ -41.587517000070697, -10.655450999718678 ], [ -41.587585999932799, -10.65544099988446 ], [ -41.587652999535649, -10.655423999555161 ], [ -41.587717999341535, -10.655402000105328 ], [ -41.587780999795328, -10.655373000157075 ], [ -41.587839999950191, -10.655338999558012 ], [ -41.587897000072616, -10.655298999610281 ], [ -41.587948999661336, -10.655254000056416 ], [ -41.587995999852822, -10.655205000222125 ], [ -41.5880389997454, -10.655150999745937 ], [ -41.58807600001132, -10.655093000033544 ], [ -41.589825999589621, -10.652100999597145 ], [ -41.58987299942379, -10.652025999871427 ], [ -41.589927000177092, -10.651956000339908 ], [ -41.589985999555246, -10.651891000392421 ], [ -41.590050000062682, -10.651829999770818 ] ] } },
{ "type": "Feature", "properties": { "NAME": "EIXO_ACESSO", "LAYER": "Unknown Line Type", "FID_1": 0, "ESTRUTURA": "EIXO_ACESSO", "COMP": 71.9084, "KML_STYLE": "track001", "Shape_Leng": 0.21880740288600001 }, "geometry": { "type": "LineString", "coordinates": [ [ -41.58807600001132, -10.655093000033544 ], [ -41.588076999337865, -10.655092999904108 ], [ -41.58807600001132, -10.655093000033544 ] ] } },
{ "type": "Feature", "properties": { "NAME": "EIXO_ACESSO", "LAYER": "Unknown Line Type", "FID_1": 0, "ESTRUTURA": "EIXO_ACESSO", "COMP": 71.9084, "KML_STYLE": "track001", "Shape_Leng": 258.12579521499998 }, "geometry": { "type": "LineString", "coordinates": [ [ -41.585876999479304, -10.654068999690253 ], [ -41.585840999938064, -10.654131000029073 ], [ -41.585810999520518, -10.654195000087171 ], [ -41.585787999604889, -10.654261999964856 ], [ -41.585770999956722, -10.65433199979177 ], [ -41.585761999495197, -10.654402000416573 ], [ -41.585758999772523, -10.654472999607249 ], [ -41.585764000160296, -10.654543999586719 ], [ -41.585774999961494, -10.65461400037592 ], [ -41.585793999645276, -10.654682999907534 ], [ -41.585819000132396, -10.65474899975805 ], [ -41.585851000061716, -10.654813000046598 ], [ -41.58588899966314, -10.654873000420814 ], [ -41.585931999825291, -10.654930000332824 ], [ -41.585980999437894, -10.654982000089579 ], [ -41.586035000085822, -10.655028999803452 ], [ -41.586093999724795, -10.655070000154902 ], [ -41.586155999904541, -10.65510599981674 ], [ -41.58622100018934, -10.655135000123568 ], [ -41.586288999877951, -10.655158000413913 ], [ -41.587243999621549, -10.655426999642716 ] ] } },
{ "type": "Feature", "properties": { "NAME": "EIXO_ACESSO", "LAYER": "Unknown Line Type", "FID_1": 0, "ESTRUTURA": "EIXO_ACESSO", "COMP": 71.9084, "KML_STYLE": "track001", "Shape_Leng": 138.88351075700001 }, "geometry": { "type": "LineString", "coordinates": [ [ -41.586567000175648, -10.65301600017747 ], [ -41.585876999479304, -10.654068999690253 ] ] } },
{ "type": "Feature", "properties": { "NAME": "EIXO_ACESSO", "LAYER": "Unknown Line Type", "FID_1": 0, "ESTRUTURA": "EIXO_ACESSO", "COMP": 71.9084, "KML_STYLE": "track001", "Shape_Leng": 127.477959841 }, "geometry": { "type": "LineString", "coordinates": [ [ -41.563784999985032, -10.654351999879747 ], [ -41.564941999836165, -10.654221999617468 ] ] } },
{ "type": "Feature", "properties": { "NAME": "EIXO_ACESSO", "LAYER": "Unknown Line Type", "FID_1": 0, "ESTRUTURA": "EIXO_ACESSO", "COMP": 71.9084, "KML_STYLE": "track001", "Shape_Leng": 1903.9451881800001 }, "geometry": { "type": "LineString", "coordinates": [ [ -41.536768999690672, -10.635442000227478 ], [ -41.536692999963137, -10.635404000013411 ], [ -41.536613999880039, -10.635372000391799 ], [ -41.536531999421747, -10.635345999554186 ], [ -41.53644899994827, -10.635326000288453 ], [ -41.536364999651141, -10.635313000173641 ], [ -41.536279999399625, -10.635305999831784 ], [ -41.536194000154616, -10.635306000434049 ], [ -41.536108999584592, -10.635313000284317 ], [ -41.53602499947359, -10.635325999998658 ], [ -41.535941999817169, -10.63534499957899 ], [ -41.535859999749412, -10.63537100021302 ], [ -41.535780999637339, -10.635402999910875 ], [ -41.535704999485695, -10.635440999579187 ], [ -41.535632000213006, -10.635485000117034 ], [ -41.535563000155733, -10.635534000408919 ], [ -41.535497000046547, -10.635588999776203 ], [ -41.535436999549084, -10.63564799962329 ], [ -41.535381000102184, -10.635712000121535 ], [ -41.535330000046748, -10.63578000015527 ], [ -41.526459999775511, -10.648675999722972 ] ] } },
{ "type": "Feature", "properties": { "NAME": "EIXO_ACESSO", "LAYER": "Unknown Line Type", "FID_1": 0, "ESTRUTURA": "EIXO_ACESSO", "COMP": 71.9084, "KML_STYLE": "track001", "Shape_Leng": 805.62712891800004 }, "geometry": { "type": "LineString", "coordinates": [ [ -41.543124999505061, -10.639075000124132 ], [ -41.543073999926861, -10.639006000319203 ], [ -41.543017000224445, -10.638940999647362 ], [ -41.542955999942201, -10.638879999958618 ], [ -41.542889999895927, -10.638824999955309 ], [ -41.542820000241896, -10.638775000288696 ], [ -41.542746000056582, -10.638730000060379 ], [ -41.536768999690672, -10.635442000227478 ] ] } },
{ "type": "Feature", "properties": { "NAME": "EIXO_ACESSO", "LAYER": "Unknown Line Type", "FID_1": 0, "ESTRUTURA": "EIXO_ACESSO", "COMP": 71.9084, "KML_STYLE": "track001", "Shape_Leng": 1413.0886757000001 }, "geometry": { "type": "LineString", "coordinates": [ [ -41.550898999459768, -10.647517000183786 ], [ -41.550891999463026, -10.647534000221858 ], [ -41.550884000135476, -10.647551000264802 ], [ -41.550877000232617, -10.64756899966228 ], [ -41.550868999990286, -10.647585999712652 ], [ -41.550859999503409, -10.647602999775289 ], [ -41.550852000172988, -10.647619999818176 ], [ -41.550842999581903, -10.647635999617783 ], [ -41.550834000005985, -10.647652999672863 ], [ -41.550824000090145, -10.647669000380665 ], [ -41.550813999347476, -10.647685999551719 ], [ -41.55080399942976, -10.64770200025934 ], [ -41.550793999503597, -10.647718000063341 ], [ -41.550783000143142, -10.647732999608959 ], [ -41.550771999978252, -10.647749000328377 ], [ -41.550760999702376, -10.647763999881141 ], [ -41.550749999527909, -10.647779999696763 ], [ -41.550737999926405, -10.647795000157339 ], [ -41.550726000221438, -10.647809000354695 ], [ -41.550713999696811, -10.647823999918797 ], [ -41.550700999745004, -10.647838000127663 ], [ -41.550689000036783, -10.647852000324349 ], [ -41.550676000075178, -10.647865999629174 ], [ -41.550661999875047, -10.647879999849104 ], [ -41.55064899981641, -10.647892999793793 ], [ -41.550634999511701, -10.647905999749982 ], [ -41.550621000119179, -10.647918999698369 ], [ -41.550606999812054, -10.647931999653819 ], [ -41.550592999503714, -10.647944999608926 ], [ -41.550577999767924, -10.647957000208262 ], [ -41.550563000023374, -10.647968999903625 ], [ -41.550547999364198, -10.64798099960595 ], [ -41.550532999522844, -10.647991999940768 ], [ -41.550517999680324, -10.648003000275105 ], [ -41.550501999583716, -10.648013999716886 ], [ -41.550485999493368, -10.648025000061622 ], [ -41.550470000213494, -10.648035000135177 ], [ -41.550454000019045, -10.648045000215575 ], [ -41.550437999823444, -10.648055000295388 ], [ -41.550420999381011, -10.648065000385829 ], [ -41.550403999749228, -10.648074000204938 ], [ -41.550387999448638, -10.648083000019646 ], [ -41.550370999713188, -10.648090999574114 ], [ -41.550352999839724, -10.648100000305703 ], [ -41.550336000102071, -10.648107999858695 ], [ -41.550318999457467, -10.648116000321936 ], [ -41.550300999370549, -10.648122999621048 ], [ -41.550283000203528, -10.64812999981538 ], [ -41.550265999454666, -10.648137000012987 ], [ -41.550247999372225, -10.648144000213126 ], [ -41.550230000101152, -10.648150000141609 ], [ -41.550210999669638, -10.648156000087264 ], [ -41.550192999382396, -10.648160999757962 ], [ -41.550175000108581, -10.648166999683756 ], [ -41.550155999580973, -10.648172000266648 ], [ -41.550138000103907, -10.648175999663739 ], [ -41.550118999574636, -10.648181000244653 ], [ -41.550099999849785, -10.648184999650123 ], [ -41.550081999364075, -10.648187999691809 ], [ -41.550062999645313, -10.648191999998765 ], [ -41.550043999825377, -10.648195000041184 ], [ -41.550025000004808, -10.64819800008252 ], [ -41.550006000083286, -10.648199999859246 ], [ -41.549987000161266, -10.648201999634875 ], [ -41.549968000246238, -10.648204000312942 ], [ -41.549949000223044, -10.648204999822797 ], [ -41.549930000206992, -10.648206000235039 ], [ -41.549911000183009, -10.648206999742658 ], [ -41.54989200006623, -10.648206999889029 ], [ -41.549871999702638, -10.648207000043826 ], [ -41.549852999585291, -10.648207000187822 ], [ -41.549833999467673, -10.648207000330668 ], [ -41.549815000163512, -10.64820600020126 ], [ -41.549795999846168, -10.648203999814383 ], [ -41.549776999628371, -10.648202999690026 ], [ -41.549758000231847, -10.648201000196826 ], [ -41.549738999914389, -10.64819899980635 ], [ -41.549719999505058, -10.648196000054401 ], [ -41.549701000009243, -10.648193000293798 ], [ -41.549681999592607, -10.648189999635871 ], [ -41.549663000097006, -10.648186999872769 ], [ -41.549644999835635, -10.648182999843243 ], [ -41.549626000241268, -10.648178999813879 ], [ -41.549606999642279, -10.648174000430375 ], [ -41.549589000196178, -10.648169000125986 ], [ -41.549569999590396, -10.648163999836409 ], [ -41.549552000152538, -10.648159000433134 ], [ -41.549533999695399, -10.648152999868701 ], [ -41.549516000159663, -10.648147000199131 ], [ -41.54949799961242, -10.648140000271887 ], [ -41.549480000070218, -10.648133999696386 ], [ -41.549461999524141, -10.648126999766696 ], [ -41.549445000040265, -10.648118999556242 ], [ -41.549426999495481, -10.648111999624128 ], [ -41.549410000020508, -10.648104000314881 ], [ -41.549391999378798, -10.648096000116363 ], [ -41.54937499979961, -10.648086999637231 ], [ -41.549358000228786, -10.648078000060472 ], [ -41.549341999984378, -10.64806899957871 ], [ -41.54932499950182, -10.64806000000711 ], [ -41.549309000082054, -10.648050000155219 ], [ -41.549291999503382, -10.648040000317261 ], [ -41.549276000077988, -10.648029999559657 ], [ -41.54925999965743, -10.648019000351344 ], [ -41.549244999566909, -10.648008999591605 ], [ -41.54922899996415, -10.64799700010961 ], [ -41.549213999785508, -10.647985999987254 ], [ -41.549198999607874, -10.647974999863944 ], [ -41.549184000254726, -10.647963000371549 ], [ -41.549168999981774, -10.647950999982088 ], [ -41.549154999866353, -10.647938000223862 ], [ -41.54913999959566, -10.647925999832426 ], [ -41.549125999482555, -10.647913000072352 ], [ -41.549111999370609, -10.647900000311349 ], [ -41.549098999408827, -10.64788600027836 ], [ -41.549085000205139, -10.647872999604624 ], [ -41.549072000245772, -10.647858999569925 ], [ -41.549058999381721, -10.647845000445351 ], [ -41.549046999670701, -10.647831000402373 ], [ -41.549034999863991, -10.647816000094357 ], [ -41.549021999909449, -10.647802000056444 ], [ -41.549010999437634, -10.64778699974784 ], [ -41.548998999642116, -10.647772000341119 ], [ -41.548988000086048, -10.647757000023736 ], [ -41.548976999528676, -10.647741000352314 ], [ -41.548965999878455, -10.647724999769265 ], [ -41.543124999505061, -10.639075000124132 ] ] } },
{ "type": "Feature", "properties": { "NAME": "EIXO_ACESSO", "LAYER": "Unknown Line Type", "FID_1": 0, "ESTRUTURA": "EIXO_ACESSO", "COMP": 71.9084, "KML_STYLE": "track001", "Shape_Leng": 1298.17705187 }, "geometry": { "type": "LineString", "coordinates": [ [ -41.556128999892401, -10.637913999883031 ], [ -41.556056999929417, -10.637868000181422 ], [ -41.555980999809421, -10.637828000293705 ], [ -41.555901999736221, -10.637794000196726 ], [ -41.555819999705179, -10.637765999889107 ], [ -41.555737000238139, -10.637744999588449 ], [ -41.555652000104665, -10.637729999966474 ], [ -41.555566999818247, -10.637722000339425 ], [ -41.55548099996065, -10.637719999557248 ], [ -41.555395000056023, -10.637725999935617 ], [ -41.55530899976165, -10.637736999792184 ], [ -41.555224999817924, -10.637755999870983 ], [ -41.555143000001337, -10.637780999654522 ], [ -41.555062999402452, -10.637812000056304 ], [ -41.554986000046021, -10.637849000142319 ], [ -41.55491200010291, -10.637891999930416 ], [ -41.554840999578659, -10.637941000326911 ], [ -41.554774999688533, -10.637995000127964 ], [ -41.554713000231146, -10.638054000257664 ], [ -41.554655999582693, -10.638117999812648 ], [ -41.554603999479149, -10.638186000327069 ], [ -41.55455800011849, -10.638257999978983 ], [ -41.554516999374542, -10.638333000348611 ], [ -41.554482999484577, -10.638410999581614 ], [ -41.550898999459768, -10.647517000183786 ] ] } },
{ "type": "Feature", "properties": { "NAME": "EIXO_ACESSO", "LAYER": "Unknown Line Type", "FID_1": 0, "ESTRUTURA": "EIXO_ACESSO", "COMP": 71.9084, "KML_STYLE": "track001", "Shape_Leng": 627.84726960600005 }, "geometry": { "type": "LineString", "coordinates": [ [ -41.561102999975539, -10.640454000155669 ], [ -41.561022999857286, -10.640415000391643 ], [ -41.560939999875096, -10.640381999543051 ], [ -41.560854000168767, -10.640355999671277 ], [ -41.560767000236403, -10.640336999802173 ], [ -41.5606790002008, -10.64032600019215 ], [ -41.560589999797195, -10.640321000330037 ], [ -41.559954000208734, -10.640312999803728 ], [ -41.559952999995623, -10.640312999839532 ], [ -41.55993399959214, -10.640312999585948 ], [ -41.559914999982738, -10.640311999970761 ], [ -41.559895999459826, -10.640311000361864 ], [ -41.559875999629426, -10.640309999876356 ], [ -41.559856999893199, -10.640308000001045 ], [ -41.559838000156965, -10.640306000124511 ], [ -41.559818999507328, -10.640304000254238 ], [ -41.559799999644873, -10.640301000118704 ], [ -41.559781999995728, -10.640297999946704 ], [ -41.559763000007429, -10.640293999552153 ], [ -41.559744000152897, -10.640291000316475 ], [ -41.559725000165017, -10.6402869999194 ], [ -41.559706999358895, -10.640282000140402 ], [ -41.55968799937154, -10.640277999740833 ], [ -41.559669999479446, -10.640272999951987 ], [ -41.559651000162233, -10.640266999932626 ], [ -41.559632999357554, -10.640262000148796 ], [ -41.55961500025446, -10.64025600009218 ], [ -41.559597000238469, -10.640250000041803 ], [ -41.559579000097564, -10.640242999733497 ], [ -41.559560999964809, -10.640236000327477 ], [ -41.55954299982514, -10.640229000016694 ], [ -41.559525999899229, -10.640221999670331 ], [ -41.559507999643159, -10.640214000003869 ], [ -41.559490999600953, -10.640206000301923 ], [ -41.559473999434452, -10.640197000342013 ], [ -41.559456999386207, -10.640188999734253 ], [ -41.559440000134693, -10.640179999764584 ], [ -41.55942299997065, -10.640170999801192 ], [ -41.559406999895707, -10.640160999545834 ], [ -41.559389999616215, -10.640151000226789 ], [ -41.559373999543148, -10.640140999969237 ], [ -41.559357999471011, -10.640130999710609 ], [ -41.559342000196189, -10.640120000090052 ], [ -41.556128999892401, -10.637913999883031 ] ] } },
{ "type": "Feature", "properties": { "NAME": "EIXO_ACESSO", "LAYER": "Unknown Line Type", "FID_1": 0, "ESTRUTURA": "EIXO_ACESSO", "COMP": 71.9084, "KML_STYLE": "track001", "Shape_Leng": 166.92184012600001 }, "geometry": { "type": "LineString", "coordinates": [ [ -41.562472000213369, -10.641097000370994 ], [ -41.562470999999604, -10.641097000415439 ], [ -41.562452000090836, -10.641093999554972 ], [ -41.562432999411733, -10.641091999858752 ], [ -41.56241399951066, -10.641088999899329 ], [ -41.562394999609694, -10.64108599993865 ], [ -41.562375999708834, -10.641082999976746 ], [ -41.562357999886757, -10.641078999714933 ], [ -41.562338999858653, -10.641075000399503 ], [ -41.562319999823245, -10.641071000179281 ], [ -41.562301999866932, -10.641065999659299 ], [ -41.562282999704742, -10.64106100008545 ], [ -41.562264999749154, -10.641055999563058 ], [ -41.562246999801474, -10.641050999942985 ], [ -41.56222899971948, -10.641045000067068 ], [ -41.56221000020296, -10.641037999971354 ], [ -41.5621929994224, -10.64103200005691 ], [ -41.56217500012081, -10.641024999915182 ], [ -41.56215699990647, -10.641017999779676 ], [ -41.562138999565924, -10.641010000291711 ], [ -41.5621219995666, -10.641003000110494 ], [ -41.562104999433629, -10.640994999673371 ], [ -41.562086999874431, -10.640985999919511 ], [ -41.562069999750527, -10.64097800038356 ], [ -41.562053999699415, -10.640968999645139 ], [ -41.561102999975539, -10.640454000155669 ] ] } },
{ "type": "Feature", "properties": { "NAME": "EIXO_ACESSO", "LAYER": "Unknown Line Type", "FID_1": 0, "ESTRUTURA": "EIXO_ACESSO", "COMP": 71.9084, "KML_STYLE": "track001", "Shape_Leng": 309.14385682699998 }, "geometry": { "type": "LineString", "coordinates": [ [ -41.565072999708455, -10.641831999878336 ], [ -41.565027000031783, -10.641756000131213 ], [ -41.564975999873447, -10.641683999839419 ], [ -41.564917999871341, -10.641617000254152 ], [ -41.564855999601313, -10.641554000065277 ], [ -41.564787999692371, -10.641495999619986 ], [ -41.564715999806666, -10.641443999974397 ], [ -41.564640000068366, -10.641398999572129 ], [ -41.564560000202604, -10.641358999712363 ], [ -41.564476999782379, -10.641325999951464 ], [ -41.564391999928198, -10.641300000229956 ], [ -41.564304999578937, -10.641280000301895 ], [ -41.564215999917685, -10.641267999762043 ], [ -41.562472000213369, -10.641097000370994 ] ] } },
{ "type": "Feature", "properties": { "NAME": "EIXO_ACESSO", "LAYER": "Unknown Line Type", "FID_1": 0, "ESTRUTURA": "EIXO_ACESSO", "COMP": 71.9084, "KML_STYLE": "track001", "Shape_Leng": 794.49437440199995 }, "geometry": { "type": "LineString", "coordinates": [ [ -41.563305999721273, -10.647031000356479 ], [ -41.563304000162084, -10.647030999548729 ], [ -41.563292000112, -10.64703100014547 ], [ -41.56327899967895, -10.647029999636233 ], [ -41.56326599939613, -10.647030000283516 ], [ -41.563252999876347, -10.647028999765697 ], [ -41.563240999683252, -10.647028000106891 ], [ -41.563228000028353, -10.647026000237934 ], [ -41.563214999595104, -10.647024999725939 ], [ -41.56320300017282, -10.647022999804536 ], [ -41.563189999604639, -10.647020999941365 ], [ -41.563178000182454, -10.647019000018924 ], [ -41.563164999471987, -10.64701599990099 ], [ -41.563153000049937, -10.647013999977508 ], [ -41.563139999339683, -10.647010999858443 ], [ -41.563127999775539, -10.647007999680255 ], [ -41.563116000076867, -10.647004000151412 ], [ -41.563102999367061, -10.647001000030606 ], [ -41.563090999661227, -10.646996999597135 ], [ -41.563078999963174, -10.646993000066654 ], [ -41.563066999344386, -10.646988999639584 ], [ -41.563054999646766, -10.646985000108039 ], [ -41.563042999807408, -10.646980000322213 ], [ -41.563031000102704, -10.64697599988606 ], [ -41.563019999583048, -10.646971000055968 ], [ -41.563007999744549, -10.646966000268536 ], [ -41.562995999764567, -10.646960000226803 ], [ -41.562985000159223, -10.646955000387718 ], [ -41.562973999499086, -10.646949000301856 ], [ -41.562961999520198, -10.646943000258503 ], [ -41.562950999774202, -10.646937000164149 ], [ -41.562939999886986, -10.646929999815498 ], [ -41.56292900014175, -10.646923999720174 ], [ -41.562917999349551, -10.646917000281501 ], [ -41.562907999696066, -10.646909999881087 ], [ -41.562896999818143, -10.646903000433985 ], [ -41.562887000165517, -10.646896000032676 ], [ -41.562875999367535, -10.646888999688544 ], [ -41.562865999582016, -10.646880999935981 ], [ -41.562855999796987, -10.646873000182989 ], [ -41.56284600001247, -10.646865000429537 ], [ -41.562836999539797, -10.646856999729614 ], [ -41.562826999756247, -10.64684899997531 ], [ -41.562816999832094, -10.646839999966671 ], [ -41.562807999368424, -10.64683200016907 ], [ -41.562798999677582, -10.646823000109697 ], [ -41.562789999987267, -10.64681400004994 ], [ -41.562780999384088, -10.646804999997267 ], [ -41.562771999694831, -10.646795999936755 ], [ -41.562764000097353, -10.646785999572188 ], [ -41.562755999735437, -10.646777000372225 ], [ -41.562746999906956, -10.646767000056634 ], [ -41.56273899939773, -10.646756999698519 ], [ -41.562732000042026, -10.64674700018654 ], [ -41.562723999533873, -10.646736999827795 ], [ -41.56271599994723, -10.646727000364752 ], [ -41.562708999672125, -10.646716999955867 ], [ -41.56270200017785, -10.646706000188754 ], [ -41.562694999903776, -10.646695999779327 ], [ -41.562687999497186, -10.646685000019126 ], [ -41.562682000236386, -10.646674000201827 ], [ -41.562674999830882, -10.646663000441098 ], [ -41.562668999650171, -10.646651999727267 ], [ -41.562662999477489, -10.646640999916745 ], [ -41.562657000218699, -10.64663000009852 ], [ -41.562652000138307, -10.646617999984294 ], [ -41.562647000198744, -10.646607000123916 ], [ -41.562640999887698, -10.646595000058495 ], [ -41.562635999949066, -10.646584000197766 ], [ -41.562632000102113, -10.646572000033673 ], [ -41.562627000024086, -10.646559999918555 ], [ -41.562623000177993, -10.646547999754171 ], [ -41.562618999559142, -10.646536999851222 ], [ -41.562614999713858, -10.64652499968658 ], [ -41.562610999736364, -10.646512000171249 ], [ -41.562608000123248, -10.646499999957356 ], [ -41.562603999365791, -10.646487999799824 ], [ -41.562600999753386, -10.646475999585729 ], [ -41.562598000148874, -10.646464000275051 ], [ -41.562595999714837, -10.646450999765236 ], [ -41.562593000103426, -10.646438999550897 ], [ -41.562590999677582, -10.646425999944457 ], [ -41.562588999384488, -10.646413999688546 ], [ -41.562586999872607, -10.64640100007451 ], [ -41.562585999811027, -10.646388999769657 ], [ -41.562583999386277, -10.646376000163004 ], [ -41.562583000238533, -10.646363999850607 ], [ -41.562582999362618, -10.646351000153723 ], [ -41.562582000215222, -10.646338999841261 ], [ -41.562581000022242, -10.646326000185663 ], [ -41.562581000052646, -10.646312999577738 ], [ -41.562581000230644, -10.646301000127446 ], [ -41.562581999586094, -10.646288000381755 ], [ -41.562581999756731, -10.646276000027946 ], [ -41.562583000025697, -10.646263000274779 ], [ -41.562583999373778, -10.646249999625596 ], [ -41.562584999782707, -10.646238000126575 ], [ -41.562586000051816, -10.646225000373445 ], [ -41.562587999770273, -10.646212999929682 ], [ -41.562589000039416, -10.646200000176576 ], [ -41.562590999757823, -10.646187999732838 ], [ -41.562593999574133, -10.646174999889823 ], [ -41.562596000213347, -10.646163000342177 ], [ -41.562599000161747, -10.646150999849803 ], [ -41.562601999977716, -10.646138000006864 ], [ -41.562604999933406, -10.646126000418038 ], [ -41.562607999881415, -10.646113999925719 ], [ -41.562612000066856, -10.646102000288236 ], [ -41.56261500001456, -10.646089999795967 ], [ -41.562619000199618, -10.646078000158511 ], [ -41.562623999693393, -10.646065999576328 ], [ -41.562627999877982, -10.646053999938895 ], [ -41.562632999378749, -10.646042000260231 ], [ -41.562636999695201, -10.646030999973405 ], [ -41.562642000108816, -10.64601900028728 ], [ -41.562647999830865, -10.646006999656366 ], [ -41.562652999470366, -10.645996000231792 ], [ -41.562659000244999, -10.64598499984748 ], [ -41.562663999743968, -10.645973000168821 ], [ -41.562669999604509, -10.645961999791949 ], [ -41.562676999701722, -10.645951000269765 ], [ -41.562682999561503, -10.645939999892837 ], [ -41.56268999979028, -10.645929999721119 ], [ -41.562695999656846, -10.645919000247646 ], [ -41.562702999744815, -10.645907999821789 ], [ -41.562709999972348, -10.645897999649939 ], [ -41.56271799952286, -10.645888000340134 ], [ -41.562724999609472, -10.645876999914126 ], [ -41.56273300006486, -10.645866999693185 ], [ -41.562740999613915, -10.645857000383131 ], [ -41.562749000208413, -10.645848000416025 ], [ -41.562756999748942, -10.645838000202303 ], [ -41.562765000202376, -10.645827999980998 ], [ -41.562774000111041, -10.645818999972079 ], [ -41.562783000019181, -10.645809999963019 ], [ -41.562791999926787, -10.645800999953822 ], [ -41.562800999833875, -10.64579199994448 ], [ -41.562809999740431, -10.645782999934999 ], [ -41.562818999786749, -10.645775000179347 ], [ -41.562828999921024, -10.645766000120444 ], [ -41.562837999966305, -10.645758000364467 ], [ -41.562848000232236, -10.645749999655647 ], [ -41.562857999591785, -10.645741999857606 ], [ -41.562867999864181, -10.645734000051876 ], [ -41.562877999355507, -10.645726999603845 ], [ -41.562888999855375, -10.645718999748434 ], [ -41.565209999853522, -10.644086999701093 ], [ -41.565279999346743, -10.644033000329358 ], [ -41.565344999860464, -10.643975000195647 ], [ -41.565405000195852, -10.643910999709767 ], [ -41.565459999743112, -10.643843000289733 ], [ -41.565508999948605, -10.643769999920048 ], [ -41.565552000205116, -10.643694000018002 ], [ -41.565588999596017, -10.64361499968928 ], [ -41.56561899974092, -10.643532999880055 ], [ -41.565643000091391, -10.643448999890714 ], [ -41.565658999449461, -10.643364000093746 ], [ -41.56566899993814, -10.643277000109281 ], [ -41.565670999587404, -10.643189999664619 ], [ -41.565665999542958, -10.643102999598138 ], [ -41.565655000028293, -10.643015999852073 ], [ -41.565635999987293, -10.642931000144431 ], [ -41.565610999859686, -10.642848000360717 ], [ -41.565578000121242, -10.642766999698795 ], [ -41.565539999614948, -10.64268799981045 ], [ -41.565072999708455, -10.641831999878336 ] ] } },
{ "type": "Feature", "properties": { "NAME": "EIXO_ACESSO", "LAYER": "Unknown Line Type", "FID_1": 0, "ESTRUTURA": "EIXO_ACESSO", "COMP": 71.9084, "KML_STYLE": "track001", "Shape_Leng": 129.07961732199999 }, "geometry": { "type": "LineString", "coordinates": [ [ -41.564484999435429, -10.647040999879978 ], [ -41.563305999721273, -10.647031000356479 ] ] } },
{ "type": "Feature", "properties": { "NAME": "EIXO_ACESSO", "LAYER": "Unknown Line Type", "FID_1": 0, "ESTRUTURA": "EIXO_ACESSO", "COMP": 71.9084, "KML_STYLE": "track001", "Shape_Leng": 708.23304919400005 }, "geometry": { "type": "LineString", "coordinates": [ [ -41.576269999926026, -10.697519999834972 ], [ -41.576268999538023, -10.697519999966579 ], [ -41.57625200018154, -10.697527999566756 ], [ -41.576234999918086, -10.69753600007725 ], [ -41.576217999645948, -10.697543999683537 ], [ -41.576199999681315, -10.697551000075654 ], [ -41.576181999932395, -10.697558999804251 ], [ -41.576163999741311, -10.697564999953856 ], [ -41.576145999773573, -10.697572000343438 ], [ -41.576127999572954, -10.697577999587809 ], [ -41.576109999379028, -10.697583999734816 ], [ -41.576092000097717, -10.697589999873399 ], [ -41.576073000203031, -10.697594999901234 ], [ -41.576054999782343, -10.697599999804638 ], [ -41.57603599966199, -10.697603999589601 ], [ -41.576018000160865, -10.697609000387084 ], [ -41.575999000038955, -10.69761300017003 ], [ -41.575979999692535, -10.69761599971096 ], [ -41.575960999576793, -10.697620000395302 ], [ -41.575942999617602, -10.69762299980348 ], [ -41.569886999901968, -10.698532999650908 ] ] } },
{ "type": "Feature", "properties": { "NAME": "EIXO_ACESSO", "LAYER": "Unknown Line Type", "FID_1": 0, "ESTRUTURA": "EIXO_ACESSO", "COMP": 71.9084, "KML_STYLE": "track001", "Shape_Leng": 477.804570969 }, "geometry": { "type": "LineString", "coordinates": [ [ -41.580170999750877, -10.695583000301916 ], [ -41.576269999926026, -10.697519999834972 ] ] } },
{ "type": "Feature", "properties": { "NAME": "EIXO_ACESSO", "LAYER": "Unknown Line Type", "FID_1": 0, "ESTRUTURA": "EIXO_ACESSO", "COMP": 71.9084, "KML_STYLE": "track001", "Shape_Leng": 143.121396159 }, "geometry": { "type": "LineString", "coordinates": [ [ -41.580203000167003, -10.69568899956484 ], [ -41.58018299970356, -10.695617999792692 ], [ -41.58015799941559, -10.695548000049063 ], [ -41.580127999533893, -10.69547999966646 ], [ -41.580093999768394, -10.6954149996495 ], [ -41.580054999506515, -10.695351999900682 ], [ -41.580012000041201, -10.695291000268163 ], [ -41.579492999357271, -10.694614000418911 ] ] } },
{ "type": "Feature", "properties": { "NAME": "EIXO_ACESSO", "LAYER": "Unknown Line Type", "FID_1": 0, "ESTRUTURA": "EIXO_ACESSO", "COMP": 71.9084, "KML_STYLE": "track001", "Shape_Leng": 65.207224976299997 }, "geometry": { "type": "LineString", "coordinates": [ [ -41.580373999843694, -10.696251000080693 ], [ -41.580367999771482, -10.696241000335954 ], [ -41.580361999462667, -10.696230000353331 ], [ -41.580356000067873, -10.696219000362928 ], [ -41.580349999523044, -10.696207000142142 ], [ -41.580344999596292, -10.69619600001516 ], [ -41.580339000202997, -10.69618500002411 ], [ -41.580334000040224, -10.696172999659034 ], [ -41.580329000122475, -10.696162000435002 ], [ -41.580323999960648, -10.696150000069563 ], [ -41.580318999799317, -10.696137999703966 ], [ -41.580315000026445, -10.69612600009815 ], [ -41.580310999332816, -10.696113999596246 ], [ -41.580306999560776, -10.696101999990146 ], [ -41.580302999789147, -10.696090000383929 ], [ -41.580299999476956, -10.696077999738176 ], [ -41.580295999706124, -10.696066000131715 ], [ -41.580292999402296, -10.696054000389253 ], [ -41.580203000167003, -10.69568899956484 ] ] } },
{ "type": "Feature", "properties": { "NAME": "EIXO_ACESSO", "LAYER": "Unknown Line Type", "FID_1": 0, "ESTRUTURA": "EIXO_ACESSO", "COMP": 71.9084, "KML_STYLE": "track001", "Shape_Leng": 170.89762142000001 }, "geometry": { "type": "LineString", "coordinates": [ [ -41.581326000106067, -10.697420999650332 ], [ -41.581322999627012, -10.697419999849195 ], [ -41.581310999771453, -10.697416999962606 ], [ -41.58129800020469, -10.697412999978734 ], [ -41.581285999435899, -10.697410000098623 ], [ -41.581273999339807, -10.697405999973508 ], [ -41.581262000157459, -10.697401999840315 ], [ -41.58124999982855, -10.697397000380683 ], [ -41.581237999733148, -10.697393000253948 ], [ -41.581225999397169, -10.697387999889722 ], [ -41.581213999982666, -10.697383000420885 ], [ -41.581203000031053, -10.697377999908205 ], [ -41.581190999703608, -10.697373000445847 ], [ -41.581179999511946, -10.697366999695179 ], [ -41.581168000098678, -10.697362000224196 ], [ -41.581156999915372, -10.697356000376013 ], [ -41.581145999724775, -10.697349999623839 ], [ -41.581135000222915, -10.697343000433571 ], [ -41.581124000033107, -10.69733699968041 ], [ -41.581112999610923, -10.697329999593213 ], [ -41.58110200011037, -10.697323000401427 ], [ -41.581092000072736, -10.697316000166261 ], [ -41.581080999651888, -10.69730900007756 ], [ -41.581070999615115, -10.697301999841512 ], [ -41.581060999346221, -10.697294000271416 ], [ -41.581050999983709, -10.69728599978982 ], [ -41.58104099971581, -10.697278000218828 ], [ -41.581030999440763, -10.697269999743895 ], [ -41.581021000087389, -10.69726200016445 ], [ -41.581012000196857, -10.69725399954199 ], [ -41.581001999690976, -10.69724499973213 ], [ -41.580992999569133, -10.697235999775225 ], [ -41.580983999687717, -10.697228000055087 ], [ -41.580975000240585, -10.697217999852692 ], [ -41.58096699959021, -10.697208999755723 ], [ -41.580957999470471, -10.697199999797302 ], [ -41.580949999502522, -10.697190000358415 ], [ -41.58094099938387, -10.697181000399246 ], [ -41.580932999409377, -10.697171000056173 ], [ -41.580924999435432, -10.697160999712763 ], [ -41.580917999852936, -10.697151000126263 ], [ -41.580909999880078, -10.697140999782221 ], [ -41.58090300005906, -10.697129999957923 ], [ -41.580895999564589, -10.697120000378121 ], [ -41.580888999737027, -10.697108999649775 ], [ -41.580882000157111, -10.697099000061877 ], [ -41.580874999424751, -10.697088000244028 ], [ -41.580373999843694, -10.696251000080693 ] ] } },
{ "type": "Feature", "properties": { "NAME": "EIXO_ACESSO", "LAYER": "Unknown Line Type", "FID_1": 0, "ESTRUTURA": "EIXO_ACESSO", "COMP": 71.9084, "KML_STYLE": "track001", "Shape_Leng": 72.835123393900005 }, "geometry": { "type": "LineString", "coordinates": [ [ -41.581859000102163, -10.697779000267452 ], [ -41.58181900010883, -10.697717999711674 ], [ -41.581773999418409, -10.697662000172963 ], [ -41.581723000128832, -10.697609999732025 ], [ -41.581666999462279, -10.697563999643679 ], [ -41.581606000157024, -10.697523999882847 ], [ -41.581541999995387, -10.69748899993594 ], [ -41.581474999457775, -10.697461000275164 ], [ -41.581404999445333, -10.697439999988422 ], [ -41.581326000106067, -10.697420999650332 ] ] } },
{ "type": "Feature", "properties": { "NAME": "EIXO_ACESSO", "LAYER": "Unknown Line Type", "FID_1": 0, "ESTRUTURA": "EIXO_ACESSO", "COMP": 71.9084, "KML_STYLE": "track001", "Shape_Leng": 130.514838244 }, "geometry": { "type": "LineString", "coordinates": [ [ -41.582468000227557, -10.698791999690284 ], [ -41.582462999562843, -10.698785999917916 ], [ -41.582454999492995, -10.698775999636315 ], [ -41.582446999431369, -10.698766000257871 ], [ -41.582438999362637, -10.698755999975605 ], [ -41.58243100020799, -10.698745999685439 ], [ -41.582423999621788, -10.698736000161256 ], [ -41.582416999703845, -10.698725000393271 ], [ -41.582410000024545, -10.698714999957483 ], [ -41.582403000107703, -10.69870400018892 ], [ -41.582395999515896, -10.698693999760156 ], [ -41.582389999987285, -10.698682999838899 ], [ -41.581859000102163, -10.697779000267452 ] ] } },
{ "type": "Feature", "properties": { "NAME": "EIXO_ACESSO", "LAYER": "Unknown Line Type", "FID_1": 0, "ESTRUTURA": "EIXO_ACESSO", "COMP": 71.9084, "KML_STYLE": "track001", "Shape_Leng": 59.493501439 }, "geometry": { "type": "LineString", "coordinates": [ [ -41.582817999518859, -10.699202999764619 ], [ -41.582788999415065, -10.699163000047859 ], [ -41.582758999665131, -10.699126000283771 ], [ -41.582468000227557, -10.698791999690284 ] ] } },
{ "type": "Feature", "properties": { "NAME": "EIXO_ACESSO", "LAYER": "Unknown Line Type", "FID_1": 0, "ESTRUTURA": "EIXO_ACESSO", "COMP": 71.9084, "KML_STYLE": "track001", "Shape_Leng": 229.93549147 }, "geometry": { "type": "LineString", "coordinates": [ [ -41.583755999662444, -10.701032999644838 ], [ -41.583752999473276, -10.701026000260438 ], [ -41.58374999985169, -10.701013999686745 ], [ -41.583745999844403, -10.701002000174755 ], [ -41.583741999829869, -10.700989999759123 ], [ -41.583739000217037, -10.700978000088607 ], [ -41.583735999691029, -10.70096600042559 ], [ -41.583732999819411, -10.700952999616561 ], [ -41.583730999687631, -10.700940999795145 ], [ -41.583728000076157, -10.700929000124274 ], [ -41.583681999337344, -10.700672999899687 ], [ -41.583663999620867, -10.70058899993982 ], [ -41.58363799975875, -10.70050599964204 ], [ -41.583605999885535, -10.700424999834103 ], [ -41.583566999856039, -10.700347000001972 ], [ -41.583522000064782, -10.700271999985024 ], [ -41.582817999518859, -10.699202999764619 ] ] } },
{ "type": "Feature", "properties": { "NAME": "EIXO_ACESSO", "LAYER": "Unknown Line Type", "FID_1": 0, "ESTRUTURA": "EIXO_ACESSO", "COMP": 71.9084, "KML_STYLE": "track001", "Shape_Leng": 158.733756742 }, "geometry": { "type": "LineString", "coordinates": [ [ -41.584030999945689, -10.70240800037303 ], [ -41.584054000156414, -10.702347000397701 ], [ -41.584070999945361, -10.702282999754878 ], [ -41.584082000086035, -10.702219000051691 ], [ -41.584087999550562, -10.702152999762733 ], [ -41.584087000137117, -10.702087999896339 ], [ -41.584080999395425, -10.702021999684789 ], [ -41.584068000037426, -10.701958000127989 ], [ -41.584049999857733, -10.701894999788925 ], [ -41.583755999662444, -10.701032999644838 ] ] } },
{ "type": "Feature", "properties": { "NAME": "EIXO_ACESSO", "LAYER": "Unknown Line Type", "FID_1": 0, "ESTRUTURA": "EIXO_ACESSO", "COMP": 71.9084, "KML_STYLE": "track001", "Shape_Leng": 100.24024244100001 }, "geometry": { "type": "LineString", "coordinates": [ [ -41.58390300014532, -10.70327199996097 ], [ -41.583897999927103, -10.703260999952411 ], [ -41.583892999455173, -10.703248999709079 ], [ -41.583888999392336, -10.703237000208624 ], [ -41.58388500023581, -10.703224999796952 ], [ -41.583881000173797, -10.703213000296232 ], [ -41.58387700010455, -10.703200999891868 ], [ -41.583873000043383, -10.703189000390882 ], [ -41.583869999462188, -10.70317699983347 ], [ -41.583865999401809, -10.703165000332218 ], [ -41.583862999734883, -10.703152999767056 ], [ -41.583861000222655, -10.70313999971037 ], [ -41.583857999650505, -10.703128000056083 ], [ -41.583855999479283, -10.703116000241444 ], [ -41.583853999967964, -10.70310300018456 ], [ -41.58385199979729, -10.703091000369822 ], [ -41.583849999373008, -10.703078000320387 ], [ -41.583848999603305, -10.703066000345318 ], [ -41.583847000093108, -10.703053000288206 ], [ -41.583846000069997, -10.703040000078435 ], [ -41.583845999787691, -10.703027999950677 ], [ -41.583844999764956, -10.703014999740853 ], [ -41.583844999482913, -10.703002999613052 ], [ -41.583844999868397, -10.702990000146547 ], [ -41.583844999332818, -10.702976999784111 ], [ -41.583844999964683, -10.702964999648723 ], [ -41.583845999837045, -10.702952000029663 ], [ -41.583845999555564, -10.702939999901828 ], [ -41.583846999428054, -10.702927000282772 ], [ -41.583848999692869, -10.702913999600153 ], [ -41.583849999819158, -10.702902000215737 ], [ -41.583852000091589, -10.702889000436638 ], [ -41.58385300021024, -10.702877000148748 ], [ -41.58385599996884, -10.70286400021719 ], [ -41.583857999573652, -10.702851999776836 ], [ -41.583860000099627, -10.702840000232433 ], [ -41.583862999857907, -10.702827000300918 ], [ -41.583865999862134, -10.702814999700555 ], [ -41.583868999873872, -10.702803000003721 ], [ -41.583872999371444, -10.702791000154397 ], [ -41.58387599937523, -10.70277899955409 ], [ -41.58387999978595, -10.702766999697221 ], [ -41.583884000196463, -10.702754999840367 ], [ -41.583887999693218, -10.702742999991102 ], [ -41.58389299958904, -10.702730999981769 ], [ -41.583897999484563, -10.702718999972438 ], [ -41.583902000147873, -10.702708000350254 ], [ -41.584030999945689, -10.70240800037303 ] ] } },
{ "type": "Feature", "properties": { "NAME": "EIXO_ACESSO", "LAYER": "Unknown Line Type", "FID_1": 0, "ESTRUTURA": "EIXO_ACESSO", "COMP": 71.9084, "KML_STYLE": "track001", "Shape_Leng": 343.35627423099999 }, "geometry": { "type": "LineString", "coordinates": [ [ -41.585434000180577, -10.705912999717304 ], [ -41.585431999387758, -10.705825000117263 ], [ -41.585421999890684, -10.705737000010151 ], [ -41.585404999631841, -10.705650000385871 ], [ -41.585382000190791, -10.705565000397158 ], [ -41.585350999843399, -10.70548200038299 ], [ -41.585313000175681, -10.705402000398689 ], [ -41.58527000017726, -10.705325000122901 ], [ -41.585218999803601, -10.705252000277703 ], [ -41.585162999362389, -10.705183000367821 ], [ -41.584422999823481, -10.704344999617748 ], [ -41.584421999827015, -10.704343000208478 ], [ -41.584409000122065, -10.704328999877523 ], [ -41.584396999659894, -10.704314000059762 ], [ -41.584384999447913, -10.704299999571877 ], [ -41.58437399939222, -10.704284999589802 ], [ -41.584361999598428, -10.7042690004316 ], [ -41.584350999537499, -10.704253999544667 ], [ -41.584340000150206, -10.704238000222315 ], [ -41.584329999589627, -10.704223000082484 ], [ -41.584319000197105, -10.704206999855346 ], [ -41.584308999390181, -10.704191000383641 ], [ -41.584299999637828, -10.704173999603563 ], [ -41.584289999746801, -10.704158000123158 ], [ -41.584281000004452, -10.704141000245533 ], [ -41.584271999349724, -10.704124000374954 ], [ -41.584264000013235, -10.704107000333977 ], [ -41.584254999353128, -10.704089999558926 ], [ -41.584247000026487, -10.704073000420541 ], [ -41.584240000183087, -10.704056000223586 ], [ -41.58390300014532, -10.70327199996097 ] ] } },
{ "type": "Feature", "properties": { "NAME": "EIXO_ACESSO", "LAYER": "Unknown Line Type", "FID_1": 0, "ESTRUTURA": "EIXO_ACESSO", "COMP": 71.9084, "KML_STYLE": "track001", "Shape_Leng": 277.56980326899998 }, "geometry": { "type": "LineString", "coordinates": [ [ -41.585613000076826, -10.708376999604036 ], [ -41.585604999339658, -10.708366000162254 ], [ -41.585593999689273, -10.708350000034498 ], [ -41.585583000040145, -10.708333999906069 ], [ -41.585572999895078, -10.708317999614769 ], [ -41.585562999758857, -10.708302000226396 ], [ -41.585552999616155, -10.708285999933953 ], [ -41.585543999898498, -10.708270000374771 ], [ -41.585533999494622, -10.708252999848177 ], [ -41.585525999931939, -10.708235999885366 ], [ -41.585516999954251, -10.708219000091653 ], [ -41.585508999480197, -10.70820200013552 ], [ -41.585500999920768, -10.708185000171405 ], [ -41.585492999448853, -10.70816800021441 ], [ -41.58548600004422, -10.708149999846981 ], [ -41.585478999990258, -10.708132999719867 ], [ -41.585471999681779, -10.708115000262774 ], [ -41.585464999366678, -10.708096999901825 ], [ -41.585458999475954, -10.708079000274786 ], [ -41.585453999994094, -10.708060999574776 ], [ -41.585448000105188, -10.708042999947191 ], [ -41.585442999719142, -10.70802500015775 ], [ -41.585437999984528, -10.708006000127369 ], [ -41.585434000015546, -10.707988000168372 ], [ -41.585428999631958, -10.707970000378246 ], [ -41.585425999816856, -10.707951000016736 ], [ -41.585421999587204, -10.707931999824073 ], [ -41.585419000036282, -10.707913999695409 ], [ -41.585416000230836, -10.707895000236944 ], [ -41.585413999919844, -10.707875999713535 ], [ -41.585411000115634, -10.707857000254835 ], [ -41.585409000068481, -10.707838999964361 ], [ -41.58540800018163, -10.707820000175301 ], [ -41.585406999381611, -10.707801000393752 ], [ -41.585405999487911, -10.707781999701083 ], [ -41.585404999602268, -10.707762999911866 ], [ -41.58540500013163, -10.707743999953797 ], [ -41.585404999747723, -10.707725000003286 ], [ -41.585434000180577, -10.705912999717304 ] ] } },
{ "type": "Feature", "properties": { "NAME": "EIXO_ACESSO", "LAYER": "Unknown Line Type", "FID_1": 0, "ESTRUTURA": "EIXO_ACESSO", "COMP": 71.9084, "KML_STYLE": "track001", "Shape_Leng": 220.16484886000001 }, "geometry": { "type": "LineString", "coordinates": [ [ -41.586918999786647, -10.709853000351846 ], [ -41.586905999355253, -10.709847999610536 ], [ -41.586888999452761, -10.709840999986199 ], [ -41.586871000036425, -10.709833999624788 ], [ -41.586852999445782, -10.709825999941266 ], [ -41.58683599954518, -10.709819000313471 ], [ -41.586819000020917, -10.709810000213043 ], [ -41.586801999852788, -10.709802000351003 ], [ -41.586784999416594, -10.709793000255839 ], [ -41.586767999894811, -10.709784000151938 ], [ -41.586750999460321, -10.709775000054437 ], [ -41.586735000091856, -10.709764999541553 ], [ -41.586718999818444, -10.709754999938685 ], [ -41.586702000031671, -10.709744999598144 ], [ -41.586685999491735, -10.709733999760987 ], [ -41.586670999641349, -10.709723999980445 ], [ -41.586655000016997, -10.709713000133597 ], [ -41.586639999631998, -10.709700999886863 ], [ -41.586624999516289, -10.709689999871239 ], [ -41.586610000047038, -10.709677999614918 ], [ -41.586594999673018, -10.70966600026868 ], [ -41.586580000206013, -10.709654000010348 ], [ -41.586565999986249, -10.709641000255953 ], [ -41.586551999759983, -10.709627999597148 ], [ -41.586537999542571, -10.709614999840914 ], [ -41.586524999746182, -10.709601999909959 ], [ -41.586511000176934, -10.709587999912154 ], [ -41.586497999469302, -10.709574999987096 ], [ -41.586484999408725, -10.709560999821411 ], [ -41.586472999509184, -10.709546000152555 ], [ -41.586459999451058, -10.709531999985249 ], [ -41.586447999554004, -10.709517000314843 ], [ -41.586435999917938, -10.709502999972468 ], [ -41.586425000175524, -10.709486999894898 ], [ -41.586412999368605, -10.709472000229873 ], [ -41.585613000076826, -10.708376999604036 ] ] } },
{ "type": "Feature", "properties": { "NAME": "EIXO_ACESSO", "LAYER": "Unknown Line Type", "FID_1": 0, "ESTRUTURA": "EIXO_ACESSO", "COMP": 71.9084, "KML_STYLE": "track001", "Shape_Leng": 205.43964508299999 }, "geometry": { "type": "LineString", "coordinates": [ [ -41.58867399947642, -10.710509999574594 ], [ -41.588613999990187, -10.710480999873248 ], [ -41.588551999575209, -10.710455000315443 ], [ -41.586918999786647, -10.709853000351846 ] ] } },
{ "type": "Feature", "properties": { "NAME": "EIXO_ACESSO", "LAYER": "Unknown Line Type", "FID_1": 0, "ESTRUTURA": "EIXO_ACESSO", "COMP": 71.9084, "KML_STYLE": "track001", "Shape_Leng": 312.79612078700001 }, "geometry": { "type": "LineString", "coordinates": [ [ -41.591237999850328, -10.71162499983989 ], [ -41.591201999796994, -10.711568999967065 ], [ -41.591159999888276, -10.711516000091335 ], [ -41.591113999427186, -10.711467000073648 ], [ -41.59106299981778, -10.711422000086813 ], [ -41.591008000222168, -10.711383000411264 ], [ -41.590949999578839, -10.711348000406169 ], [ -41.590888999358619, -10.711318999616564 ], [ -41.590824999573307, -10.711295999848305 ], [ -41.590760000141984, -10.711278999827021 ], [ -41.590692999449807, -10.71126700042362 ], [ -41.590251999616072, -10.711213999837225 ], [ -41.590241999664364, -10.711212999633142 ], [ -41.590229999500416, -10.711210999565807 ], [ -41.590216999827774, -10.7112089996773 ], [ -41.590204999663925, -10.711206999608921 ], [ -41.590191999717973, -10.711204000393469 ], [ -41.59018000018677, -10.711201000087151 ], [ -41.590166999600839, -10.711199000203957 ], [ -41.590154999788908, -10.711194999667267 ], [ -41.590142999352217, -10.711192000270428 ], [ -41.590129999399259, -10.711189000148607 ], [ -41.590117999587896, -10.711184999610266 ], [ -41.59010599978442, -10.711180999974875 ], [ -41.590093999981178, -10.71117700033896 ], [ -41.590081999889769, -10.711171999569633 ], [ -41.590070000087003, -10.711167999932618 ], [ -41.590058000003829, -10.711163000065673 ], [ -41.59004699942966, -10.711158000019445 ], [ -41.590034999347097, -10.711153000151445 ], [ -41.58896099951685, -10.710663999555518 ], [ -41.588959000224428, -10.710662999674987 ], [ -41.588941999974921, -10.710654999954508 ], [ -41.588924999449652, -10.710646000002603 ], [ -41.588908000115211, -10.710638000272242 ], [ -41.58889099959157, -10.710629000318029 ], [ -41.58867399947642, -10.710509999574594 ] ] } },
{ "type": "Feature", "properties": { "NAME": "EIXO_ACESSO", "LAYER": "Unknown Line Type", "FID_1": 0, "ESTRUTURA": "EIXO_ACESSO", "COMP": 71.9084, "KML_STYLE": "track001", "Shape_Leng": 129.02276915499999 }, "geometry": { "type": "LineString", "coordinates": [ [ -41.591963999506241, -10.712503000353452 ], [ -41.591962999986912, -10.712502999635882 ], [ -41.591951000120069, -10.712499000089769 ], [ -41.591938999332179, -10.712494999647232 ], [ -41.59192700009153, -10.712489999864557 ], [ -41.591915000225377, -10.712486000316837 ], [ -41.591903000064036, -10.712480999637176 ], [ -41.591891999422302, -10.712475999674776 ], [ -41.591880000182812, -10.712470999889925 ], [ -41.591869000167627, -10.712464999691012 ], [ -41.591856999727668, -10.712458999684753 ], [ -41.59184600000075, -10.712453999712773 ], [ -41.591834999994333, -10.712448000415833 ], [ -41.591823999693176, -10.712440999986955 ], [ -41.591812999679846, -10.71243499978554 ], [ -41.591801999387243, -10.712428000259132 ], [ -41.59179100000096, -10.71242099982115 ], [ -41.591779999709253, -10.712414000293723 ], [ -41.591769999835357, -10.712406999669483 ], [ -41.591759999969561, -10.712399999948294 ], [ -41.591748999392046, -10.712392000191397 ], [ -41.591738999519457, -10.712384999565813 ], [ -41.591728999367923, -10.712376999615245 ], [ -41.591719999649534, -10.712369000375082 ], [ -41.591709999498981, -10.712361000423655 ], [ -41.591699999975539, -10.712352000236132 ], [ -41.591690999337359, -10.712344000098884 ], [ -41.591681999326326, -10.712334999725579 ], [ -41.59167300023708, -10.712326000247771 ], [ -41.591664000227112, -10.712316999873687 ], [ -41.591655000225366, -10.712308000402704 ], [ -41.591645999929739, -10.712297999799736 ], [ -41.591637999440287, -10.712289000143258 ], [ -41.591629999578231, -10.712279000250733 ], [ -41.591621999995667, -10.712269999682505 ], [ -41.59161400013469, -10.712259999789321 ], [ -41.591605999360695, -10.712249999903404 ], [ -41.591598000127867, -10.712238999773806 ], [ -41.591590999779605, -10.712228999695103 ], [ -41.591583999431855, -10.71221899961613 ], [ -41.591576999719436, -10.712208000204603 ], [ -41.591569999372716, -10.712198000125065 ], [ -41.591562999653689, -10.712186999809498 ], [ -41.5915569994538, -10.71217600021277 ], [ -41.591237999850328, -10.71162499983989 ] ] } },
{ "type": "Feature", "properties": { "NAME": "EIXO_ACESSO", "LAYER": "Unknown Line Type", "FID_1": 0, "ESTRUTURA": "EIXO_ACESSO", "COMP": 71.9084, "KML_STYLE": "track001", "Shape_Leng": 474.911389832 }, "geometry": { "type": "LineString", "coordinates": [ [ -41.596110000057578, -10.713625000036837 ], [ -41.596106999988748, -10.713625999973498 ], [ -41.596088000063084, -10.713631999792943 ], [ -41.596069999353986, -10.713637000090257 ], [ -41.596051999852229, -10.713642999700207 ], [ -41.596032999326951, -10.713646999970964 ], [ -41.596014000008942, -10.713651999554244 ], [ -41.595995999907984, -10.71365599961555 ], [ -41.595976999991912, -10.713658999650917 ], [ -41.595957999463607, -10.713662999917551 ], [ -41.595938999546199, -10.7136659999508 ], [ -41.59591999962813, -10.713668999982977 ], [ -41.595900999407633, -10.713670999789327 ], [ -41.595882000100168, -10.713672999586956 ], [ -41.595862999886322, -10.713675000294563 ], [ -41.595843999362629, -10.713675999872807 ], [ -41.595824999759806, -10.713677000345788 ], [ -41.595806000148876, -10.713677999914147 ], [ -41.595786999631677, -10.71367900039248 ], [ -41.595767999718582, -10.713678999733725 ], [ -41.595748999812912, -10.713678999977295 ], [ -41.595729000093108, -10.713678000193751 ], [ -41.595709999885749, -10.713677000210021 ], [ -41.59569099967824, -10.713676000225101 ], [ -41.595671999470582, -10.71367500023899 ], [ -41.595652999875355, -10.713673000019128 ], [ -41.595633999979192, -10.713669999573087 ], [ -41.595614999478109, -10.713668000261869 ], [ -41.595595999582081, -10.71366499981335 ], [ -41.595576999693861, -10.713662000267076 ], [ -41.59555899993132, -10.713658000288548 ], [ -41.595540000035676, -10.713654999836328 ], [ -41.595520999847309, -10.71365100006129 ], [ -41.595502999784948, -10.713645999854133 ], [ -41.595484000210277, -10.713640999843916 ], [ -41.595466000148647, -10.713635999634334 ], [ -41.595446999661135, -10.713630999629162 ], [ -41.595429000221294, -10.713625000087919 ], [ -41.591963999506241, -10.712503000353452 ] ] } },
{ "type": "Feature", "properties": { "NAME": "EIXO_ACESSO", "LAYER": "Unknown Line Type", "FID_1": 0, "ESTRUTURA": "EIXO_ACESSO", "COMP": 71.9084, "KML_STYLE": "track001", "Shape_Leng": 597.00599023799998 }, "geometry": { "type": "LineString", "coordinates": [ [ -41.601382999415563, -10.712449000359596 ], [ -41.599799999473099, -10.712482000061376 ], [ -41.599719999329594, -10.712487000320817 ], [ -41.599640000128545, -10.712498000092609 ], [ -41.599561000152455, -10.712513999856611 ], [ -41.599482999710624, -10.712535999836476 ], [ -41.596110000057578, -10.713625000036837 ] ] } },
{ "type": "Feature", "properties": { "NAME": "EIXO_ACESSO", "LAYER": "Unknown Line Type", "FID_1": 0, "ESTRUTURA": "EIXO_ACESSO", "COMP": 71.9084, "KML_STYLE": "track001", "Shape_Leng": 247.12201316299999 }, "geometry": { "type": "LineString", "coordinates": [ [ -41.565966999773401, -10.648057000341957 ], [ -41.565991999366069, -10.647991000264485 ], [ -41.566010999833658, -10.647921999776337 ], [ -41.566023000193788, -10.647851000101095 ], [ -41.566026999594861, -10.647780000002637 ], [ -41.566024999428805, -10.647709000254345 ], [ -41.566014999379483, -10.647639000324538 ], [ -41.565997999532129, -10.647568999899157 ], [ -41.565974999665677, -10.647501999677278 ], [ -41.565944999406547, -10.647437000369266 ], [ -41.565909000183439, -10.647375999697047 ], [ -41.565867000041919, -10.647318000132026 ], [ -41.565819000183943, -10.64726500036001 ], [ -41.565765999775813, -10.647216000074318 ], [ -41.565708999349575, -10.647172999716334 ], [ -41.565646999592289, -10.647136000239501 ], [ -41.565582999352095, -10.647104999672417 ], [ -41.565515000005028, -10.647079999924115 ], [ -41.565444999411191, -10.64706200024661 ], [ -41.565373999615758, -10.647050999662865 ], [ -41.565301999715359, -10.64704699998784 ], [ -41.564484999435429, -10.647040999879978 ] ] } },
{ "type": "Feature", "properties": { "NAME": "EIXO_ACESSO", "LAYER": "Unknown Line Type", "FID_1": 0, "ESTRUTURA": "EIXO_ACESSO", "COMP": 71.9084, "KML_STYLE": "track001", "Shape_Leng": 740.07443338999997 }, "geometry": { "type": "LineString", "coordinates": [ [ -41.564960999398338, -10.654518000206108 ], [ -41.564960000056736, -10.654505999934745 ], [ -41.564957000054292, -10.65448699982516 ], [ -41.564954999394651, -10.654467999660366 ], [ -41.564952999656512, -10.654449000391519 ], [ -41.564951000057732, -10.654430999567413 ], [ -41.564949999662602, -10.65441200024337 ], [ -41.564949000173726, -10.654393000008278 ], [ -41.564885999858646, -10.652816000276683 ], [ -41.564885999567153, -10.6528080000603 ], [ -41.564852000132163, -10.65208300004754 ], [ -41.564851000215626, -10.652073000282916 ], [ -41.564851000109329, -10.652053999988885 ], [ -41.564849999755623, -10.652034999755173 ], [ -41.56484799953644, -10.650842999687802 ], [ -41.564847999877493, -10.650832999862045 ], [ -41.564847999789677, -10.650813999566603 ], [ -41.564848999953348, -10.650795000115235 ], [ -41.564850000109615, -10.650775999760384 ], [ -41.564850999360196, -10.65075700031651 ], [ -41.564851999516769, -10.650737999961649 ], [ -41.564854000067669, -10.650719999799563 ], [ -41.564856999805301, -10.650701000236964 ], [ -41.564859000205409, -10.650681999822799 ], [ -41.564861999942913, -10.650663000260291 ], [ -41.564866000066637, -10.65064499998709 ], [ -41.564868999803871, -10.650626000424646 ], [ -41.564872999927204, -10.650608000151529 ], [ -41.564876999899546, -10.650588999626306 ], [ -41.564881999359471, -10.650571000204906 ], [ -41.564886999724855, -10.650552999872547 ], [ -41.564891999946724, -10.650534000191628 ], [ -41.564897999640692, -10.650515999807467 ], [ -41.564903999341752, -10.650498000326847 ], [ -41.564909999948163, -10.650479999935268 ], [ -41.564915999791467, -10.650462999803302 ], [ -41.564922999733533, -10.650445000263387 ], [ -41.56492999966742, -10.650426999819981 ], [ -41.564937999993823, -10.650409999569279 ], [ -41.565966999773401, -10.648057000341957 ] ] } },
{ "type": "Feature", "properties": { "NAME": "EIXO_ACESSO", "LAYER": "Unknown Line Type", "FID_1": 0, "ESTRUTURA": "EIXO_ACESSO", "COMP": 71.9084, "KML_STYLE": "track001", "Shape_Leng": 272.04501831699997 }, "geometry": { "type": "LineString", "coordinates": [ [ -41.565328999536632, -10.656948000103949 ], [ -41.565328000156477, -10.65688300000067 ], [ -41.565323999834071, -10.656816999842167 ], [ -41.565315999536125, -10.656752000188694 ], [ -41.564960999398338, -10.654518000206108 ] ] } },
{ "type": "Feature", "properties": { "NAME": "EIXO_ACESSO", "LAYER": "Unknown Line Type", "FID_1": 0, "ESTRUTURA": "EIXO_ACESSO", "COMP": 71.9084, "KML_STYLE": "track001", "Shape_Leng": 250.60418345 }, "geometry": { "type": "LineString", "coordinates": [ [ -41.565665000231817, -10.659104999857506 ], [ -41.565662999379128, -10.659103000395612 ], [ -41.565647999656903, -10.659089999911242 ], [ -41.5656349995703, -10.659077000200416 ], [ -41.565621000120572, -10.659063999645936 ], [ -41.56560699976616, -10.659051000001542 ], [ -41.565593999523294, -10.659037000037078 ], [ -41.565581000195067, -10.659023000064314 ], [ -41.565567999954624, -10.659009000098191 ], [ -41.565555999985314, -10.658995000063332 ], [ -41.565542999587819, -10.658979999844464 ], [ -41.565530999620876, -10.658965999808094 ], [ -41.565518999503297, -10.658951000423341 ], [ -41.565507999649157, -10.658936000066626 ], [ -41.565496999644488, -10.658920000361594 ], [ -41.56548599979272, -10.658905000003568 ], [ -41.565474999790524, -10.658889000297206 ], [ -41.565465000051603, -10.658872999619142 ], [ -41.565454000051879, -10.658856999911485 ], [ -41.565444999678988, -10.658841000075761 ], [ -41.565434999951137, -10.658825000299474 ], [ -41.565425999421514, -10.658808000211506 ], [ -41.565416999806473, -10.658791000115528 ], [ -41.56540799943803, -10.658775000277792 ], [ -41.565400000094535, -10.658758000113593 ], [ -41.565391999679917, -10.658739999705169 ], [ -41.565383999425165, -10.658722999547594 ], [ -41.565376000092478, -10.658706000285591 ], [ -41.565368999950266, -10.658687999808796 ], [ -41.565361999816673, -10.658670000235125 ], [ -41.565356000104053, -10.658652999941868 ], [ -41.565350000241338, -10.658635000300531 ], [ -41.565343999458548, -10.65861699976289 ], [ -41.565337999597688, -10.658599000120956 ], [ -41.56533300000649, -10.658581000411845 ], [ -41.565327999336695, -10.65856199955515 ], [ -41.565322999747174, -10.658543999845564 ], [ -41.565318999355242, -10.658524999825103 ], [ -41.565315000035845, -10.658507000048301 ], [ -41.565310999645419, -10.658488000027468 ], [ -41.565307999682425, -10.658470000191082 ], [ -41.565304999561768, -10.658451000103218 ], [ -41.565301999441758, -10.658432000015193 ], [ -41.565299999590607, -10.658412999860408 ], [ -41.565297999898171, -10.65839499995689 ], [ -41.565296000048043, -10.658375999801907 ], [ -41.565294999553039, -10.658356999587747 ], [ -41.565293999979446, -10.658338000269541 ], [ -41.565292999485258, -10.658319000055261 ], [ -41.565293000172737, -10.658299999766923 ], [ -41.565292999954657, -10.65828100038954 ], [ -41.565292999729273, -10.658262000108628 ], [ -41.565328999536632, -10.656948000103949 ] ] } },
{ "type": "Feature", "properties": { "NAME": "EIXO_ACESSO", "LAYER": "Unknown Line Type", "FID_1": 0, "ESTRUTURA": "EIXO_ACESSO", "COMP": 71.9084, "KML_STYLE": "track001", "Shape_Leng": 199.822210203 }, "geometry": { "type": "LineString", "coordinates": [ [ -41.567118999372603, -10.660118999682545 ], [ -41.567115999468811, -10.660118999896351 ], [ -41.56710599964287, -10.660119999957679 ], [ -41.567097000089227, -10.660120999945017 ], [ -41.567086999349591, -10.660122000013253 ], [ -41.567077999795686, -10.660123 ], [ -41.567067999969218, -10.660124000060256 ], [ -41.567058999336346, -10.660123999804116 ], [ -41.567048999344365, -10.660123999613788 ], [ -41.56703899935988, -10.660124000326647 ], [ -41.567029999640241, -10.660124000062176 ], [ -41.567019999648046, -10.660123999870919 ], [ -41.567010999770702, -10.660123000259457 ], [ -41.567000999778386, -10.660123000067582 ], [ -41.566991999893446, -10.660121999552061 ], [ -41.566981999743554, -10.660121000013103 ], [ -41.566972999866174, -10.660120000400493 ], [ -41.566962999543712, -10.660117999707399 ], [ -41.566953999666353, -10.660117000094223 ], [ -41.566943999351551, -10.660115000303973 ], [ -41.566934999466639, -10.660113999786693 ], [ -41.566925999424448, -10.660111999922647 ], [ -41.566915999858402, -10.6601089998739 ], [ -41.566906999816361, -10.660107000009223 ], [ -41.566897999774383, -10.660105000144272 ], [ -41.56688899956773, -10.660102000028992 ], [ -41.566879000002125, -10.660098999978896 ], [ -41.566869999960375, -10.660097000113028 ], [ -41.56686099975407, -10.660093999996818 ], [ -41.566851999383282, -10.66008999963023 ], [ -41.566843000098245, -10.660087000409426 ], [ -41.56683399972782, -10.660083000042214 ], [ -41.56682599979456, -10.660079999851972 ], [ -41.566816999432021, -10.660076000387676 ], [ -41.566807999975531, -10.660072000012066 ], [ -41.566799999878278, -10.660067999570913 ], [ -41.5667909995163, -10.660064000105704 ], [ -41.566783000176059, -10.660059000309909 ], [ -41.566773999806905, -10.66005499994059 ], [ -41.566765999553674, -10.660050000151717 ], [ -41.566758000214108, -10.660045000355097 ], [ -41.566749999953778, -10.660039999662201 ], [ -41.56674199970125, -10.660034999872545 ], [ -41.566733999448957, -10.660030000082605 ], [ -41.566725999946193, -10.660024000034738 ], [ -41.566717999694397, -10.660019000244274 ], [ -41.566710000192188, -10.660013000195857 ], [ -41.566703000049195, -10.660007000082286 ], [ -41.566694999634144, -10.660001000040834 ], [ -41.566687999491698, -10.659994999926811 ], [ -41.566680999349508, -10.659988999812546 ], [ -41.565665000231817, -10.659104999857506 ] ] } },
{ "type": "Feature", "properties": { "NAME": "EIXO_ACESSO", "LAYER": "Unknown Line Type", "FID_1": 0, "ESTRUTURA": "EIXO_ACESSO", "COMP": 71.9084, "KML_STYLE": "track001", "Shape_Leng": 226.488441674 }, "geometry": { "type": "LineString", "coordinates": [ [ -41.569167999416543, -10.659835999787845 ], [ -41.567118999372603, -10.660118999682545 ] ] } },
{ "type": "Feature", "properties": { "NAME": "EIXO_ACESSO", "LAYER": "Unknown Line Type", "FID_1": 0, "ESTRUTURA": "EIXO_ACESSO", "COMP": 71.9084, "KML_STYLE": "track001", "Shape_Leng": 126.873616594 }, "geometry": { "type": "LineString", "coordinates": [ [ -41.569108000037943, -10.659623000038339 ], [ -41.569103000200514, -10.659604999542598 ], [ -41.569098999727231, -10.659586999877925 ], [ -41.569093999727457, -10.659568000036845 ], [ -41.569090000169098, -10.659550000364288 ], [ -41.569086999795545, -10.65953100037102 ], [ -41.569083000230989, -10.659512999794602 ], [ -41.569079999858765, -10.659493999801045 ], [ -41.569077999755983, -10.659474999727806 ], [ -41.569074999384995, -10.659455999734 ], [ -41.569072999454683, -10.659437999908963 ], [ -41.569071999622146, -10.65941899975595 ], [ -41.569069999521453, -10.65939999968233 ], [ -41.569013000145858, -10.658481999657059 ] ] } },
{ "type": "Feature", "properties": { "NAME": "EIXO_ACESSO", "LAYER": "Unknown Line Type", "FID_1": 0, "ESTRUTURA": "EIXO_ACESSO", "COMP": 71.9084, "KML_STYLE": "track001", "Shape_Leng": 65.1588574198 }, "geometry": { "type": "LineString", "coordinates": [ [ -41.569259999992738, -10.660192000162031 ], [ -41.569247999869155, -10.660130000082139 ], [ -41.569232999854869, -10.660068000234446 ], [ -41.569108000037943, -10.659623000038339 ] ] } },
{ "type": "Feature", "properties": { "NAME": "EIXO_ACESSO", "LAYER": "Unknown Line Type", "FID_1": 0, "ESTRUTURA": "EIXO_ACESSO", "COMP": 71.9084, "KML_STYLE": "track001", "Shape_Leng": 209.826375587 }, "geometry": { "type": "LineString", "coordinates": [ [ -41.569592000206569, -10.662055999615392 ], [ -41.569589999706061, -10.662051000341821 ], [ -41.569582000026493, -10.66203400036188 ], [ -41.5695749997113, -10.662017000305921 ], [ -41.569568000135533, -10.661998999994209 ], [ -41.569560999647379, -10.661980999689648 ], [ -41.569554999444428, -10.661963000205239 ], [ -41.56954900014825, -10.661944999809526 ], [ -41.569542999947174, -10.661927000324521 ], [ -41.569538000015839, -10.661908999852862 ], [ -41.569533000092932, -10.661891000284452 ], [ -41.569528000163253, -10.661872999812305 ], [ -41.569523999430096, -10.661853999920201 ], [ -41.569518999509611, -10.661836000351112 ], [ -41.569515999967585, -10.661817000368361 ], [ -41.569512000142538, -10.661797999564691 ], [ -41.569508999863025, -10.661779999837119 ], [ -41.569259999992738, -10.660192000162031 ] ] } },
{ "type": "Feature", "properties": { "NAME": "EIXO_ACESSO", "LAYER": "Unknown Line Type", "FID_1": 0, "ESTRUTURA": "EIXO_ACESSO", "COMP": 71.9084, "KML_STYLE": "track001", "Shape_Leng": 144.06494049 }, "geometry": { "type": "LineString", "coordinates": [ [ -41.57006199961625, -10.663265000182538 ], [ -41.570053999384427, -10.663187999755399 ], [ -41.57004099941846, -10.663110000394823 ], [ -41.570021999951614, -10.663034000216541 ], [ -41.569997999447594, -10.662960000051859 ], [ -41.56996799945653, -10.662887999968923 ], [ -41.569592000206569, -10.662055999615392 ] ] } },
{ "type": "Feature", "properties": { "NAME": "EIXO_ACESSO", "LAYER": "Unknown Line Type", "FID_1": 0, "ESTRUTURA": "EIXO_ACESSO", "COMP": 71.9084, "KML_STYLE": "track001", "Shape_Leng": 260.55169465500001 }, "geometry": { "type": "LineString", "coordinates": [ [ -41.570202999966362, -10.665615000094228 ], [ -41.570200999584763, -10.665539000342847 ], [ -41.57006199961625, -10.663265000182538 ] ] } },
{ "type": "Feature", "properties": { "NAME": "EIXO_ACESSO", "LAYER": "Unknown Line Type", "FID_1": 0, "ESTRUTURA": "EIXO_ACESSO", "COMP": 71.9084, "KML_STYLE": "track001", "Shape_Leng": 101.830264632 }, "geometry": { "type": "LineString", "coordinates": [ [ -41.570194999830541, -10.666535000047082 ], [ -41.570193999981505, -10.666517000174165 ], [ -41.570193999510344, -10.666499000220234 ], [ -41.570193999772364, -10.666480000011617 ], [ -41.570202999966362, -10.665615000094228 ] ] } },
{ "type": "Feature", "properties": { "NAME": "EIXO_ACESSO", "LAYER": "Unknown Line Type", "FID_1": 0, "ESTRUTURA": "EIXO_ACESSO", "COMP": 71.9084, "KML_STYLE": "track001", "Shape_Leng": 493.48979713799997 }, "geometry": { "type": "LineString", "coordinates": [ [ -41.570270999768226, -10.670977999635701 ], [ -41.570300999674785, -10.670901999758108 ], [ -41.570325999503474, -10.67082399983312 ], [ -41.570343999562311, -10.670744000038006 ], [ -41.570355999424784, -10.670662999631368 ], [ -41.570362000201207, -10.670581999755621 ], [ -41.570360999581411, -10.670500000270277 ], [ -41.570194999830541, -10.666535000047082 ] ] } },
{ "type": "Feature", "properties": { "NAME": "EIXO_ACESSO", "LAYER": "Unknown Line Type", "FID_1": 0, "ESTRUTURA": "EIXO_ACESSO", "COMP": 71.9084, "KML_STYLE": "track001", "Shape_Leng": 84.833070332999995 }, "geometry": { "type": "LineString", "coordinates": [ [ -41.570039000129775, -10.671702999918523 ], [ -41.570039999719057, -10.671683999628911 ], [ -41.570041000229544, -10.671665000235302 ], [ -41.570041999819146, -10.671645999945701 ], [ -41.570043999716738, -10.671626999564214 ], [ -41.570045999621954, -10.671608000086255 ], [ -41.570047999519602, -10.671588999704817 ], [ -41.570050999916539, -10.671571000382 ], [ -41.570054000121758, -10.671551999908752 ], [ -41.570056999421027, -10.671533000346553 ], [ -41.570061000117512, -10.67151500002848 ], [ -41.570064999723911, -10.6714960003745 ], [ -41.570068999506468, -10.67147800006402 ], [ -41.570073999596069, -10.671459999661733 ], [ -41.570078999508915, -10.671440999916003 ], [ -41.570083999605394, -10.671423000417295 ], [ -41.570090000001009, -10.671404999923242 ], [ -41.570095999490263, -10.671387000340228 ], [ -41.570101999884912, -10.671368999846235 ], [ -41.570107999373221, -10.671351000263281 ], [ -41.570114999344298, -10.671333999931909 ], [ -41.570122999445097, -10.671316000165197 ], [ -41.570129999414924, -10.671298999833832 ], [ -41.570270999768226, -10.670977999635701 ] ] } },
{ "type": "Feature", "properties": { "NAME": "EIXO_ACESSO", "LAYER": "Unknown Line Type", "FID_1": 0, "ESTRUTURA": "EIXO_ACESSO", "COMP": 71.9084, "KML_STYLE": "track001", "Shape_Leng": 388.71899603999998 }, "geometry": { "type": "LineString", "coordinates": [ [ -41.569561999829894, -10.675091000408168 ], [ -41.569626999418659, -10.675034999582977 ], [ -41.5696870001291, -10.674973999757839 ], [ -41.569742999533467, -10.674907999961166 ], [ -41.569793000100027, -10.67483899995011 ], [ -41.569836999641602, -10.674765000151533 ], [ -41.569874999625313, -10.674689000397164 ], [ -41.569906999869858, -10.674610000441412 ], [ -41.569932999466467, -10.674528000292721 ], [ -41.56995199938072, -10.674444999628104 ], [ -41.569964999764785, -10.674359999913969 ], [ -41.569969999433894, -10.674275000031541 ], [ -41.570039000129775, -10.671702999918523 ] ] } },
{ "type": "Feature", "properties": { "NAME": "EIXO_ACESSO", "LAYER": "Unknown Line Type", "FID_1": 0, "ESTRUTURA": "EIXO_ACESSO", "COMP": 71.9084, "KML_STYLE": "track001", "Shape_Leng": 286.48109317699999 }, "geometry": { "type": "LineString", "coordinates": [ [ -41.567856000235622, -10.676940999548771 ], [ -41.56785599974009, -10.6769279999193 ], [ -41.567856999406743, -10.67690899960683 ], [ -41.567858000175576, -10.676891000438712 ], [ -41.567860000169226, -10.676872000037365 ], [ -41.567862000162897, -10.676852999636045 ], [ -41.567864000164185, -10.676834000138259 ], [ -41.567866000157906, -10.676814999736965 ], [ -41.567868999753131, -10.676797000406216 ], [ -41.567872000073223, -10.676777999916149 ], [ -41.56787599981363, -10.676759000248277 ], [ -41.567879999727118, -10.676740999925267 ], [ -41.567883999467071, -10.676722000257483 ], [ -41.567887999380112, -10.676703999934553 ], [ -41.567892999626558, -10.676686000426336 ], [ -41.567899000010129, -10.676666999677447 ], [ -41.567903999342327, -10.676649000176798 ], [ -41.567909999905915, -10.676630999676314 ], [ -41.567915999563134, -10.676613000086867 ], [ -41.567921999393214, -10.676595999842281 ], [ -41.567928999375141, -10.676578000164014 ], [ -41.567935999348876, -10.676559999582253 ], [ -41.567943999836103, -10.676543000063393 ], [ -41.567950999816141, -10.676525000385157 ], [ -41.56795899938092, -10.67650799997031 ], [ -41.567966999858449, -10.676490999547934 ], [ -41.567975999754687, -10.676473999947588 ], [ -41.567984999823537, -10.676457999691987 ], [ -41.567993999718098, -10.676441000091563 ], [ -41.568004000110435, -10.67642499974683 ], [ -41.568013000003269, -10.676408000146301 ], [ -41.56802299948032, -10.676391999808919 ], [ -41.568034000202431, -10.676376000278378 ], [ -41.568043999677563, -10.676359999940807 ], [ -41.568054999657768, -10.676344999762252 ], [ -41.568065999636964, -10.676329999583546 ], [ -41.568077999766224, -10.676313999970819 ], [ -41.568088999743338, -10.676298999791801 ], [ -41.568101000225333, -10.67628499977161 ], [ -41.568113999943591, -10.67627000032479 ], [ -41.568125999509903, -10.676256000311657 ], [ -41.568138999399565, -10.676242000208989 ], [ -41.568152000201543, -10.676228000098556 ], [ -41.568165000088868, -10.676213999995356 ], [ -41.568177999975042, -10.67619999989186 ], [ -41.568191999452253, -10.67618699995432 ], [ -41.568205999841737, -10.676174000008894 ], [ -41.568220000230006, -10.676161000063118 ], [ -41.568235000209242, -10.676149000283045 ], [ -41.568248999855662, -10.676136999688586 ], [ -41.56826399983246, -10.676124999907659 ], [ -41.569561999829894, -10.675091000408168 ] ] } },
{ "type": "Feature", "properties": { "NAME": "EIXO_ACESSO", "LAYER": "Unknown Line Type", "FID_1": 0, "ESTRUTURA": "EIXO_ACESSO", "COMP": 71.9084, "KML_STYLE": "track001", "Shape_Leng": 612.41321902799996 }, "geometry": { "type": "LineString", "coordinates": [ [ -41.567663999430742, -10.682469999555019 ], [ -41.567675999758357, -10.682388999937103 ], [ -41.567680999491515, -10.682308000048568 ], [ -41.56771699938836, -10.680975000106006 ], [ -41.567716999401384, -10.68096500031932 ], [ -41.567717999943859, -10.680945999999112 ], [ -41.567718999573003, -10.680926999686413 ], [ -41.567764999802925, -10.680277999793086 ], [ -41.567767999433251, -10.68023000019395 ], [ -41.567856000235622, -10.676940999548771 ] ] } },
{ "type": "Feature", "properties": { "NAME": "EIXO_ACESSO", "LAYER": "Unknown Line Type", "FID_1": 0, "ESTRUTURA": "EIXO_ACESSO", "COMP": 71.9084, "KML_STYLE": "track001", "Shape_Leng": 81.455489197099993 }, "geometry": { "type": "LineString", "coordinates": [ [ -41.567544999379649, -10.68319599997413 ], [ -41.56754599935897, -10.683183999598269 ], [ -41.567546999894319, -10.683165000180384 ], [ -41.567547999508719, -10.683145999866499 ], [ -41.567549000221582, -10.683127999793326 ], [ -41.567551000191258, -10.68310900029031 ], [ -41.567553999587162, -10.683089999798675 ], [ -41.567555999556831, -10.683071000295714 ], [ -41.567559000050878, -10.683053000044872 ], [ -41.567561999446554, -10.683033999553359 ], [ -41.567663999430742, -10.682469999555019 ] ] } },
{ "type": "Feature", "properties": { "NAME": "EIXO_ACESSO", "LAYER": "Unknown Line Type", "FID_1": 0, "ESTRUTURA": "EIXO_ACESSO", "COMP": 71.9084, "KML_STYLE": "track001", "Shape_Leng": 213.642643765 }, "geometry": { "type": "LineString", "coordinates": [ [ -41.567298999457549, -10.685080999638906 ], [ -41.567346000001237, -10.685013000080552 ], [ -41.567386999489081, -10.684941000072893 ], [ -41.567422999563178, -10.684867000012975 ], [ -41.56745299968847, -10.684789999747238 ], [ -41.567477000062958, -10.684711000428209 ], [ -41.567493999588628, -10.684630999695093 ], [ -41.56750599991183, -10.684550000063568 ], [ -41.567510999404362, -10.68446799992094 ], [ -41.567544999379649, -10.68319599997413 ] ] } },
{ "type": "Feature", "properties": { "NAME": "EIXO_ACESSO", "LAYER": "Unknown Line Type", "FID_1": 0, "ESTRUTURA": "EIXO_ACESSO", "COMP": 71.9084, "KML_STYLE": "track001", "Shape_Leng": 101.813239111 }, "geometry": { "type": "LineString", "coordinates": [ [ -41.566929999703959, -10.685905000305469 ], [ -41.566931000057878, -10.685890000076181 ], [ -41.566931999864721, -10.685872000004801 ], [ -41.566932999486788, -10.685852999684888 ], [ -41.566934000030102, -10.685834000260996 ], [ -41.566936000009186, -10.685814999848354 ], [ -41.566938999439031, -10.685796000254044 ], [ -41.566940999418108, -10.685776999841474 ], [ -41.566943999938601, -10.685758999584753 ], [ -41.566946999368199, -10.685739999990545 ], [ -41.566951000244863, -10.685721999641173 ], [ -41.566955000030539, -10.685702999954342 ], [ -41.56695899999324, -10.685684999612564 ], [ -41.566964000134632, -10.685665999833116 ], [ -41.566968000104403, -10.68564800039492 ], [ -41.566973999864992, -10.685629999875356 ], [ -41.566979000190173, -10.685612000344548 ], [ -41.566984999949852, -10.685593999825052 ], [ -41.566990999716637, -10.685576000209091 ], [ -41.566997999831173, -10.685557999596925 ], [ -41.567003999596928, -10.685539999981019 ], [ -41.567011999344992, -10.685523000435653 ], [ -41.567018999457694, -10.685504999823534 ], [ -41.567027000117875, -10.685488000270645 ], [ -41.56703499985624, -10.685470999821749 ], [ -41.567042999601483, -10.685454000276327 ], [ -41.567051999693803, -10.685436999734588 ], [ -41.567060999792865, -10.685420000096313 ], [ -41.567069999883508, -10.685402999554469 ], [ -41.567079000165926, -10.685387000164553 ], [ -41.567088999881555, -10.685370999785698 ], [ -41.567098999603864, -10.685355000310251 ], [ -41.567109999672674, -10.685338999838303 ], [ -41.567119999393071, -10.685323000362649 ], [ -41.567130999459842, -10.685306999890438 ], [ -41.567141999710714, -10.685291999666498 ], [ -41.567298999457549, -10.685080999638906 ] ] } },
{ "type": "Feature", "properties": { "NAME": "EIXO_ACESSO", "LAYER": "Unknown Line Type", "FID_1": 0, "ESTRUTURA": "EIXO_ACESSO", "COMP": 71.9084, "KML_STYLE": "track001", "Shape_Leng": 197.576159023 }, "geometry": { "type": "LineString", "coordinates": [ [ -41.56695900019885, -10.687682000077512 ], [ -41.566956000188533, -10.687672999908939 ], [ -41.566948999805859, -10.68765499966575 ], [ -41.566944000157186, -10.687637000137419 ], [ -41.566938000139103, -10.687618999799456 ], [ -41.566932999578619, -10.687601000278155 ], [ -41.566927999738645, -10.687581999597144 ], [ -41.566923000093347, -10.687564000067836 ], [ -41.566918999890156, -10.687545999548311 ], [ -41.56691499950913, -10.68752699968366 ], [ -41.566911000042396, -10.68750799981129 ], [ -41.566908000211221, -10.687490000100812 ], [ -41.566905000194573, -10.687471000141745 ], [ -41.566902000178573, -10.687452000182537 ], [ -41.566899999797783, -10.687434000385315 ], [ -41.566898000144981, -10.687415000332043 ], [ -41.566895999579202, -10.687396000286185 ], [ -41.566894999375798, -10.687377000146443 ], [ -41.566894000086322, -10.687357999999131 ], [ -41.566892999883741, -10.687338999859298 ], [ -41.56689300004323, -10.687319999625659 ], [ -41.566893000210605, -10.687301000295506 ], [ -41.566892999643038, -10.687283000317837 ], [ -41.566929999703959, -10.685905000305469 ] ] } },
{ "type": "Feature", "properties": { "NAME": "EIXO_ACESSO", "LAYER": "Unknown Line Type", "FID_1": 0, "ESTRUTURA": "EIXO_ACESSO", "COMP": 71.9084, "KML_STYLE": "track001", "Shape_Leng": 209.14001496399999 }, "geometry": { "type": "LineString", "coordinates": [ [ -41.567567999340021, -10.689469000251236 ], [ -41.567561000202346, -10.689390000177058 ], [ -41.567546999594683, -10.689312000119923 ], [ -41.567527999359811, -10.68923600012358 ], [ -41.567504000035342, -10.689159999683037 ], [ -41.56695900019885, -10.687682000077512 ] ] } },
{ "type": "Feature", "properties": { "NAME": "EIXO_ACESSO", "LAYER": "Unknown Line Type", "FID_1": 0, "ESTRUTURA": "EIXO_ACESSO", "COMP": 71.9084, "KML_STYLE": "track001", "Shape_Leng": 65.145876939199994 }, "geometry": { "type": "LineString", "coordinates": [ [ -41.567608999710018, -10.690055999980665 ], [ -41.567608999519628, -10.690054999732885 ], [ -41.567605999588146, -10.690037000047122 ], [ -41.567602999466914, -10.69001800011343 ], [ -41.567600999716269, -10.689999000081571 ], [ -41.567598999966137, -10.689980000049621 ], [ -41.567597000216544, -10.689961000017567 ], [ -41.567595999923697, -10.689941999894964 ], [ -41.567567999340021, -10.689469000251236 ] ] } },
{ "type": "Feature", "properties": { "NAME": "EIXO_ACESSO", "LAYER": "Unknown Line Type", "FID_1": 0, "ESTRUTURA": "EIXO_ACESSO", "COMP": 71.9084, "KML_STYLE": "track001", "Shape_Leng": 255.52479261900001 }, "geometry": { "type": "LineString", "coordinates": [ [ -41.568056999372793, -10.692312000069368 ], [ -41.568053999487503, -10.692308999616213 ], [ -41.568047000221931, -10.692298000269897 ], [ -41.568040000035786, -10.692287000027315 ], [ -41.568033000043719, -10.69227700003178 ], [ -41.568027000235716, -10.692265999687487 ], [ -41.568020999522282, -10.692255000254015 ], [ -41.568013999338298, -10.692244000010376 ], [ -41.568007999531829, -10.692232999665404 ], [ -41.568003000110373, -10.692222000122673 ], [ -41.567997000119121, -10.692210000433427 ], [ -41.567991999777462, -10.692198999994355 ], [ -41.567987000164081, -10.692187000203713 ], [ -41.567981999823324, -10.692175999764299 ], [ -41.567977000210888, -10.692163999973317 ], [ -41.567971999685419, -10.692152000189656 ], [ -41.56796799953711, -10.692140000304986 ], [ -41.567963999389207, -10.692128000420162 ], [ -41.56796000014765, -10.692115999624205 ], [ -41.567956000000571, -10.692103999739114 ], [ -41.56795300023046, -10.692091999753147 ], [ -41.567949000084177, -10.692079999867815 ], [ -41.567945999401246, -10.692067999889145 ], [ -41.567943999815547, -10.69205499955476 ], [ -41.567941000046808, -10.692042999568406 ], [ -41.567938999748826, -10.6920310003923 ], [ -41.567935999787743, -10.692018000158365 ], [ -41.567608999710018, -10.690055999980665 ] ] } },
{ "type": "Feature", "properties": { "NAME": "EIXO_ACESSO", "LAYER": "Unknown Line Type", "FID_1": 0, "ESTRUTURA": "EIXO_ACESSO", "COMP": 71.9084, "KML_STYLE": "track001", "Shape_Leng": 202.163042803 }, "geometry": { "type": "LineString", "coordinates": [ [ -41.569065999688824, -10.693837000367557 ], [ -41.569039000050743, -10.693760999636533 ], [ -41.569005999651282, -10.693688000263933 ], [ -41.568967000107051, -10.693617000178541 ], [ -41.568922999455431, -10.693549999788065 ], [ -41.568056999372793, -10.692312000069368 ] ] } },
{ "type": "Feature", "properties": { "NAME": "EIXO_ACESSO", "LAYER": "Unknown Line Type", "FID_1": 0, "ESTRUTURA": "EIXO_ACESSO", "COMP": 71.9084, "KML_STYLE": "track001", "Shape_Leng": 124.43454532200001 }, "geometry": { "type": "LineString", "coordinates": [ [ -41.569396000133288, -10.694911999631145 ], [ -41.569384999676124, -10.694848000284709 ], [ -41.569370999893273, -10.694784000340153 ], [ -41.569352999888437, -10.694722000403816 ], [ -41.569065999688824, -10.693837000367557 ] ] } },
{ "type": "Feature", "properties": { "NAME": "EIXO_ACESSO", "LAYER": "Unknown Line Type", "FID_1": 0, "ESTRUTURA": "EIXO_ACESSO", "COMP": 71.9084, "KML_STYLE": "track001", "Shape_Leng": 200.44687858699999 }, "geometry": { "type": "LineString", "coordinates": [ [ -41.569631999823244, -10.696708000282788 ], [ -41.569627999677671, -10.696674000426098 ], [ -41.569396000133288, -10.694911999631145 ] ] } },
{ "type": "Feature", "properties": { "NAME": "EIXO_ACESSO", "LAYER": "Unknown Line Type", "FID_1": 0, "ESTRUTURA": "EIXO_ACESSO", "COMP": 71.9084, "KML_STYLE": "track001", "Shape_Leng": 231.16743671099999 }, "geometry": { "type": "LineString", "coordinates": [ [ -41.569913999761241, -10.698777000113514 ], [ -41.569909999518792, -10.698697999996178 ], [ -41.569901000041547, -10.698619000415384 ], [ -41.569691000188328, -10.697278000414899 ], [ -41.569690000101112, -10.697274999780353 ], [ -41.569688000068659, -10.697255999811007 ], [ -41.569684999847432, -10.697238000197618 ], [ -41.569682999816081, -10.69721900022809 ], [ -41.569631999823244, -10.696708000282788 ] ] } },
{ "type": "Feature", "properties": { "NAME": "EIXO_ACESSO", "LAYER": "Unknown Line Type", "FID_1": 0, "ESTRUTURA": "EIXO_ACESSO", "COMP": 71.9084, "KML_STYLE": "track001", "Shape_Leng": 64.438247828800002 }, "geometry": { "type": "LineString", "coordinates": [ [ -41.569934999964126, -10.699357999574312 ], [ -41.569931000193456, -10.699340000078774 ], [ -41.569927999703495, -10.699321000232487 ], [ -41.56992599961287, -10.699302000273462 ], [ -41.569923000235264, -10.699283999761388 ], [ -41.569921000145733, -10.699264999802162 ], [ -41.569919999541703, -10.699245999737863 ], [ -41.569918999851637, -10.699226999665962 ], [ -41.569918000161962, -10.699207999594027 ], [ -41.569916999566772, -10.699189000433051 ], [ -41.569916999362633, -10.699170000256061 ], [ -41.569913999761241, -10.698777000113514 ] ] } },
{ "type": "Feature", "properties": { "NAME": "EIXO_ACESSO", "LAYER": "Unknown Line Type", "FID_1": 0, "ESTRUTURA": "EIXO_ACESSO", "COMP": 71.9084, "KML_STYLE": "track001", "Shape_Leng": 176.32599720299999 }, "geometry": { "type": "LineString", "coordinates": [ [ -41.570197999782899, -10.700927999659966 ], [ -41.570197999401231, -10.700846000200105 ], [ -41.570192999741373, -10.70076400038662 ], [ -41.570181000200733, -10.700682999788992 ], [ -41.569934999964126, -10.699357999574312 ] ] } },
{ "type": "Feature", "properties": { "NAME": "EIXO_ACESSO", "LAYER": "Unknown Line Type", "FID_1": 0, "ESTRUTURA": "EIXO_ACESSO", "COMP": 71.9084, "KML_STYLE": "track001", "Shape_Leng": 194.67118857400001 }, "geometry": { "type": "LineString", "coordinates": [ [ -41.570189999937213, -10.702678999975417 ], [ -41.570185999471803, -10.70266700017879 ], [ -41.57018099979846, -10.702651999747633 ], [ -41.570176000133387, -10.702637000219791 ], [ -41.570170999547784, -10.702621999795767 ], [ -41.570166999379815, -10.702607000159158 ], [ -41.570163000118342, -10.702591999611345 ], [ -41.570158999742972, -10.702575999729312 ], [ -41.570154999576701, -10.702561000092231 ], [ -41.570151999611696, -10.702545000094069 ], [ -41.57014899985564, -10.702530000340936 ], [ -41.570145999891629, -10.702514000342559 ], [ -41.570143999624392, -10.702498999577488 ], [ -41.570142000077908, -10.702483000366682 ], [ -41.570139999811431, -10.702467999601479 ], [ -41.570137999352198, -10.702452000398056 ], [ -41.570137000208128, -10.702436000167866 ], [ -41.570136000150818, -10.702419999945167 ], [ -41.570134999388557, -10.702404999975121 ], [ -41.570134000245382, -10.702388999744803 ], [ -41.570133999691656, -10.702373000317415 ], [ -41.570134000044057, -10.70235699997898 ], [ -41.570133999691357, -10.702341999893207 ], [ -41.570134999546681, -10.702326000350208 ], [ -41.570197999782899, -10.700927999659966 ] ] } },
{ "type": "Feature", "properties": { "NAME": "EIXO_ACESSO", "LAYER": "Unknown Line Type", "FID_1": 0, "ESTRUTURA": "EIXO_ACESSO", "COMP": 71.9084, "KML_STYLE": "track001", "Shape_Leng": 124.645348846 }, "geometry": { "type": "LineString", "coordinates": [ [ -41.570520999653297, -10.703749999761673 ], [ -41.570519999471578, -10.703681000036243 ], [ -41.570514000175557, -10.703613000217988 ], [ -41.57050299973077, -10.703545000076124 ], [ -41.570485999765872, -10.703477999956684 ], [ -41.570464999490888, -10.703412999882808 ], [ -41.570189999937213, -10.702678999975417 ] ] } },
{ "type": "Feature", "properties": { "NAME": "EIXO_ACESSO", "LAYER": "Unknown Line Type", "FID_1": 0, "ESTRUTURA": "EIXO_ACESSO", "COMP": 71.9084, "KML_STYLE": "track001", "Shape_Leng": 145.64106887299999 }, "geometry": { "type": "LineString", "coordinates": [ [ -41.570848999890465, -10.704962000244238 ], [ -41.570840000134297, -10.704954999566546 ], [ -41.570827999419976, -10.704945000313954 ], [ -41.570815999612357, -10.704935000149662 ], [ -41.570803999593046, -10.704923999740247 ], [ -41.570791999582184, -10.704913000233665 ], [ -41.570780999981004, -10.704901999703289 ], [ -41.570769999474685, -10.704891000083387 ], [ -41.570758999875103, -10.704879999551851 ], [ -41.570748000071696, -10.704867999678722 ], [ -41.570736999567806, -10.704857000057071 ], [ -41.570725999766125, -10.704845000182736 ], [ -41.570715999468042, -10.704833000196011 ], [ -41.570705999872281, -10.70481999995666 ], [ -41.570695999575882, -10.704807999968901 ], [ -41.570686999484494, -10.704794999616812 ], [ -41.570677000103316, -10.704782999620535 ], [ -41.570668000021222, -10.704770000171015 ], [ -41.570658999932341, -10.704756999817551 ], [ -41.570651000056124, -10.704743000003479 ], [ -41.570641999968927, -10.704729999649146 ], [ -41.570634000094387, -10.704715999834251 ], [ -41.570625999518839, -10.70470300027114 ], [ -41.570617999638323, -10.704688999551992 ], [ -41.57061100018209, -10.704674999617058 ], [ -41.570603999813052, -10.70466099968934 ], [ -41.570596999444781, -10.704646999761303 ], [ -41.57058999999083, -10.704632999825414 ], [ -41.570582999412572, -10.704617999652069 ], [ -41.570576999462219, -10.704603999604354 ], [ -41.570571000222287, -10.704589000207662 ], [ -41.570565000061926, -10.704573999914741 ], [ -41.570559999411827, -10.704559000413953 ], [ -41.570554999879676, -10.704545000246629 ], [ -41.570550000136798, -10.704529999834399 ], [ -41.57054500019089, -10.704514000080758 ], [ -41.570540999951085, -10.704498999557101 ], [ -41.57053699971943, -10.704483999936807 ], [ -41.57053299948835, -10.704469000316356 ], [ -41.570528999960189, -10.704453000443475 ], [ -41.57052600013774, -10.704437999800779 ], [ -41.57052300011221, -10.704421999816727 ], [ -41.570519999384771, -10.70440700008484 ], [ -41.570517999775198, -10.704390999982188 ], [ -41.570514999962214, -10.704376000242567 ], [ -41.570512999439934, -10.704360000147281 ], [ -41.570512000246431, -10.704343999926071 ], [ -41.570509999935943, -10.704329000075411 ], [ -41.570508999829514, -10.704312999861637 ], [ -41.570507999723397, -10.70429699964782 ], [ -41.570508000039801, -10.704281000219208 ], [ -41.570507999646217, -10.704266000139366 ], [ -41.570507999955389, -10.70424999980723 ], [ -41.570507999358824, -10.704234000386105 ], [ -41.570520999653297, -10.703749999761673 ] ] } },
{ "type": "Feature", "properties": { "NAME": "EIXO_ACESSO", "LAYER": "Unknown Line Type", "FID_1": 0, "ESTRUTURA": "EIXO_ACESSO", "COMP": 71.9084, "KML_STYLE": "track001", "Shape_Leng": 122.12033155500001 }, "geometry": { "type": "LineString", "coordinates": [ [ -41.571717999670433, -10.705654 ], [ -41.570848999890465, -10.704962000244238 ] ] } },
{ "type": "Feature", "properties": { "NAME": "EIXO_ACESSO", "LAYER": "Unknown Line Type", "FID_1": 0, "ESTRUTURA": "EIXO_ACESSO", "COMP": 71.9084, "KML_STYLE": "track001", "Shape_Leng": 281.84591060600002 }, "geometry": { "type": "LineString", "coordinates": [ [ -41.596543000002789, -10.702128999626144 ], [ -41.596569999469672, -10.702056999624398 ], [ -41.596589999900836, -10.701982000312526 ], [ -41.596603999522216, -10.701906000156102 ], [ -41.596610999786776, -10.701829000243443 ], [ -41.596610999778775, -10.701750999677897 ], [ -41.596604999573351, -10.70167399961897 ], [ -41.596591999702447, -10.701598000257693 ], [ -41.596572000155369, -10.701522999785032 ], [ -41.596545999804611, -10.701450000045885 ], [ -41.596513999853208, -10.701380000351776 ], [ -41.596476000001779, -10.701311999571622 ], [ -41.596431999942112, -10.701247999967199 ], [ -41.596383000051979, -10.701188000433019 ], [ -41.596328999410048, -10.701132000070624 ], [ -41.596270000143647, -10.70108099999079 ], [ -41.596206999894768, -10.701035000015262 ], [ -41.596139999867148, -10.70099500035966 ], [ -41.596069999520083, -10.700960999928268 ], [ -41.595997999870391, -10.700932000096207 ], [ -41.595923000185117, -10.700909999711699 ], [ -41.5958459996532, -10.700894000165654 ], [ -41.595769000235173, -10.700885000378413 ], [ -41.595689999945009, -10.700881999622894 ], [ -41.59491400016568, -10.700889000320403 ] ] } },
{ "type": "Feature", "properties": { "NAME": "EIXO_ACESSO", "LAYER": "Unknown Line Type", "FID_1": 0, "ESTRUTURA": "EIXO_ACESSO", "COMP": 71.9084, "KML_STYLE": "track001", "Shape_Leng": 353.30714883899998 }, "geometry": { "type": "LineString", "coordinates": [ [ -41.596216999891418, -10.705040999857586 ], [ -41.596211999460891, -10.705036999942005 ], [ -41.596196999379593, -10.705026000411939 ], [ -41.596181999909234, -10.705013999744764 ], [ -41.596167999931467, -10.705001999786401 ], [ -41.596153000175235, -10.704988999795688 ], [ -41.596139000199692, -10.704976999835466 ], [ -41.596124999929536, -10.704963999649268 ], [ -41.596110999668248, -10.704951000365627 ], [ -41.596097999502035, -10.704936999751482 ], [ -41.59608400014897, -10.704923999554961 ], [ -41.596070999992889, -10.704909999842588 ], [ -41.596057999838017, -10.704896000129386 ], [ -41.596046000081373, -10.704882000214562 ], [ -41.596032999633607, -10.704867000274582 ], [ -41.596020999584113, -10.704852000133064 ], [ -41.596010000227949, -10.704838000015338 ], [ -41.595998000180849, -10.704822999872354 ], [ -41.595986999330883, -10.704807000213993 ], [ -41.59597599968307, -10.704791999869073 ], [ -41.595964999749114, -10.704776000201765 ], [ -41.595953999808728, -10.7047599996303 ], [ -41.595943999360401, -10.704743999768878 ], [ -41.595933999826798, -10.704727999899283 ], [ -41.595924999777381, -10.704711999836437 ], [ -41.595914999951297, -10.704694999740461 ], [ -41.595905999617102, -10.704678000354804 ], [ -41.59589799996747, -10.704662000090265 ], [ -41.595888999627824, -10.704644999800133 ], [ -41.595880999693357, -10.704628000212923 ], [ -41.595872999465378, -10.704610000399972 ], [ -41.5958659999216, -10.704592999708408 ], [ -41.595859000091998, -10.704574999694676 ], [ -41.595851999644346, -10.704557999913487 ], [ -41.595844999816791, -10.704539999899003 ], [ -41.595838999472733, -10.704521999691917 ], [ -41.595833000050845, -10.704504000380403 ], [ -41.595826999708649, -10.704486000172718 ], [ -41.595821999763238, -10.704467999764983 ], [ -41.595816999826333, -10.704450000260492 ], [ -41.595811999588342, -10.704430999626927 ], [ -41.595808000048777, -10.704412999922296 ], [ -41.595804000215772, -10.704393999992124 ], [ -41.595799999764132, -10.704376000294733 ], [ -41.595796999414581, -10.704357000172212 ], [ -41.595793999979215, -10.704338000041929 ], [ -41.595790999925029, -10.704320000144508 ], [ -41.595788999972712, -10.704300999822047 ], [ -41.595787000028615, -10.704282000402994 ], [ -41.595785000077349, -10.704263000080365 ], [ -41.595783000126623, -10.70424399975763 ], [ -41.59578199966564, -10.704225000146474 ], [ -41.595781999886327, -10.704206999657741 ], [ -41.595780999426083, -10.704188000046482 ], [ -41.595780999361118, -10.704169000235787 ], [ -41.595781999691262, -10.704150000225695 ], [ -41.595781999626816, -10.704131000414986 ], [ -41.595782999957336, -10.704112000404892 ], [ -41.595783999374468, -10.704093000402414 ], [ -41.595786000099871, -10.704074000193 ], [ -41.595787999911764, -10.704054999991223 ], [ -41.595790000017537, -10.704037000014843 ], [ -41.595793000223857, -10.704017999613807 ], [ -41.595795999524228, -10.703999000123895 ], [ -41.595799000024194, -10.703980999948323 ], [ -41.595802999718543, -10.703962000259175 ], [ -41.595806999404978, -10.703942999666602 ], [ -41.595810999392711, -10.703925000202926 ], [ -41.595814999372529, -10.703906999835826 ], [ -41.595819999459898, -10.703887999947556 ], [ -41.595826000234602, -10.703870000085409 ], [ -41.595830999701491, -10.703852000430222 ], [ -41.595836999554059, -10.703833999672266 ], [ -41.595842999413847, -10.703815999817829 ], [ -41.595849999666754, -10.703797999764097 ], [ -41.595857000212909, -10.703780999935741 ], [ -41.595863999551064, -10.703762999889651 ], [ -41.596543000002789, -10.702128999626144 ] ] } },
{ "type": "Feature", "properties": { "NAME": "EIXO_ACESSO", "LAYER": "Unknown Line Type", "FID_1": 0, "ESTRUTURA": "EIXO_ACESSO", "COMP": 71.9084, "KML_STYLE": "track001", "Shape_Leng": 758.43106689299998 }, "geometry": { "type": "LineString", "coordinates": [ [ -41.600940999744317, -10.709760000170288 ], [ -41.60093900009776, -10.709755000385968 ], [ -41.600932999663463, -10.70974400013314 ], [ -41.600927999638863, -10.709732999659892 ], [ -41.600921999811618, -10.7097210000814 ], [ -41.600916999787948, -10.709709999607758 ], [ -41.600911999457303, -10.709697999816322 ], [ -41.600907999536197, -10.709685999804572 ], [ -41.600903000120041, -10.709674000005167 ], [ -41.600898999601327, -10.709663000221891 ], [ -41.600894999681486, -10.709651000209719 ], [ -41.600890999762065, -10.709639000197434 ], [ -41.600539999375499, -10.708523000368487 ], [ -41.600511999946377, -10.708444000414191 ], [ -41.600476999825112, -10.708366000377032 ], [ -41.600435999436961, -10.708291999804787 ], [ -41.600389999804754, -10.708221000054907 ], [ -41.600337999908213, -10.708153999764109 ], [ -41.60028100015991, -10.708090999615617 ], [ -41.600219999448051, -10.708032999626889 ], [ -41.600154000107288, -10.707979999989272 ], [ -41.596216999891418, -10.705040999857586 ] ] } },
{ "type": "Feature", "properties": { "NAME": "EIXO_ACESSO", "LAYER": "Unknown Line Type", "FID_1": 0, "ESTRUTURA": "EIXO_ACESSO", "COMP": 71.9084, "KML_STYLE": "track001", "Shape_Leng": 67.126902757699995 }, "geometry": { "type": "LineString", "coordinates": [ [ -41.601206999999356, -10.710305000031971 ], [ -41.601190999530253, -10.710249000044143 ], [ -41.601169999461149, -10.710194999780311 ], [ -41.601143999485245, -10.71014199992152 ], [ -41.600940999744317, -10.709760000170288 ] ] } },
{ "type": "Feature", "properties": { "NAME": "EIXO_ACESSO", "LAYER": "Unknown Line Type", "FID_1": 0, "ESTRUTURA": "EIXO_ACESSO", "COMP": 71.9084, "KML_STYLE": "track001", "Shape_Leng": 187.83319617699999 }, "geometry": { "type": "LineString", "coordinates": [ [ -41.601497000004152, -10.71196299957219 ], [ -41.601513999988853, -10.711879999890646 ], [ -41.601522999646498, -10.711794999721306 ], [ -41.601525999865032, -10.711711000188687 ], [ -41.601521999589288, -10.711626000170844 ], [ -41.601511000057421, -10.711540999879023 ], [ -41.601493999585763, -10.711457999551774 ], [ -41.601206999999356, -10.710305000031971 ] ] } },
{ "type": "Feature", "properties": { "NAME": "EIXO_ACESSO", "LAYER": "Unknown Line Type", "FID_1": 0, "ESTRUTURA": "EIXO_ACESSO", "COMP": 71.9084, "KML_STYLE": "track001", "Shape_Leng": 99.156984664199996 }, "geometry": { "type": "LineString", "coordinates": [ [ -41.601341000024682, -10.712837999781453 ], [ -41.601340000164342, -10.712834000011165 ], [ -41.601338000160524, -10.712828000015957 ], [ -41.601336000156806, -10.712822000020717 ], [ -41.601334999658654, -10.712815999809157 ], [ -41.601332999336144, -10.712808999593243 ], [ -41.601331999759438, -10.712803000277489 ], [ -41.60133100017508, -10.712797000058263 ], [ -41.601329999677219, -10.712790999846646 ], [ -41.601329000092996, -10.712784999627376 ], [ -41.601328000197604, -10.71277800009096 ], [ -41.601328000118841, -10.712771999655443 ], [ -41.601326999628967, -10.712766000347257 ], [ -41.601326000044985, -10.712760000127931 ], [ -41.601325999655145, -10.712753000375267 ], [ -41.601325999576552, -10.712746999939736 ], [ -41.60132599950569, -10.712741000407675 ], [ -41.6013260000218, -10.712733999743895 ], [ -41.601325999950994, -10.712728000211831 ], [ -41.601325999872508, -10.712721999776305 ], [ -41.601325999482881, -10.712715000023611 ], [ -41.601326999830846, -10.712709000267749 ], [ -41.601326999752423, -10.712702999832215 ], [ -41.601328000100388, -10.712697000076361 ], [ -41.601327999710854, -10.712690000323668 ], [ -41.601329000051102, -10.712683999664359 ], [ -41.601329999485486, -10.712677999916144 ], [ -41.601330999833422, -10.712672000160298 ], [ -41.601331999862481, -10.71266500018384 ], [ -41.601333999715344, -10.712659000211863 ], [ -41.601335000055506, -10.712652999552571 ], [ -41.601497000004152, -10.71196299957219 ] ] } },
{ "type": "Feature", "properties": { "NAME": "EIXO_ACESSO", "LAYER": "Unknown Line Type", "FID_1": 0, "ESTRUTURA": "EIXO_ACESSO", "COMP": 71.9084, "KML_STYLE": "track001", "Shape_Leng": 251.353595361 }, "geometry": { "type": "LineString", "coordinates": [ [ -41.602180999952296, -10.714915000225767 ], [ -41.602169000152912, -10.714906000013627 ], [ -41.602153999935659, -10.714893999810462 ], [ -41.602138999719521, -10.714881999606268 ], [ -41.60212499961419, -10.714868999856636 ], [ -41.602110999833187, -10.71485700032598 ], [ -41.602096999722441, -10.714843999671038 ], [ -41.602082999620592, -10.714830999918657 ], [ -41.602069000110504, -10.714816999937785 ], [ -41.602055999522499, -10.714803999963429 ], [ -41.602042999526311, -10.714789999760676 ], [ -41.602029999531332, -10.714775999557084 ], [ -41.602017999647423, -10.714760999808544 ], [ -41.602004999654916, -10.714746999603324 ], [ -41.601992999773493, -10.714731999853258 ], [ -41.601980999893328, -10.714717000102436 ], [ -41.601969999525565, -10.714702000131096 ], [ -41.601959000072554, -10.714687000151452 ], [ -41.60194799938467, -10.714670999958766 ], [ -41.601936999934033, -10.714655999977815 ], [ -41.601926000162202, -10.714639999776157 ], [ -41.601915999910304, -10.714624000257752 ], [ -41.601905999651862, -10.714607999835303 ], [ -41.601896999504511, -10.71459099986858 ], [ -41.601887999680528, -10.714575000121444 ], [ -41.601878999535472, -10.714558000153703 ], [ -41.601869999391589, -10.714541000185463 ], [ -41.601861000162458, -10.714524000209062 ], [ -41.601852999531523, -10.714507000020561 ], [ -41.601845999325818, -10.714489999604774 ], [ -41.601838000209888, -10.714472000083514 ], [ -41.601831000006207, -10.714454999666971 ], [ -41.601823999489334, -10.714436999933422 ], [ -41.60181699988707, -10.714419000191857 ], [ -41.601810999796164, -10.714401000230897 ], [ -41.601804999706196, -10.714383000269635 ], [ -41.601800000040917, -10.714365000081484 ], [ -41.601341000024682, -10.712837999781453 ] ] } },
{ "type": "Feature", "properties": { "NAME": "EIXO_ACESSO", "LAYER": "Unknown Line Type", "FID_1": 0, "ESTRUTURA": "EIXO_ACESSO", "COMP": 71.9084, "KML_STYLE": "track001", "Shape_Leng": 206.81233781700001 }, "geometry": { "type": "LineString", "coordinates": [ [ -41.603551999792408, -10.716166999887266 ], [ -41.603518000121831, -10.716086999923956 ], [ -41.603478000118486, -10.716011000412491 ], [ -41.603431999447942, -10.715938000227625 ], [ -41.603380999788897, -10.715869000247897 ], [ -41.603322999365581, -10.715804000039956 ], [ -41.603260999795495, -10.715744000024758 ], [ -41.603194999835708, -10.715687999988784 ], [ -41.602180999952296, -10.714915000225767 ] ] } },
{ "type": "Feature", "properties": { "NAME": "EIXO_ACESSO", "LAYER": "Unknown Line Type", "FID_1": 0, "ESTRUTURA": "EIXO_ACESSO", "COMP": 71.9084, "KML_STYLE": "track001", "Shape_Leng": 177.772146109 }, "geometry": { "type": "LineString", "coordinates": [ [ -41.603954999576409, -10.717700000136961 ], [ -41.603968999575244, -10.717614999775703 ], [ -41.603975999528181, -10.717527999696925 ], [ -41.603975999514297, -10.717441999658758 ], [ -41.603969000129375, -10.717356000337375 ], [ -41.603954999867774, -10.717271000157535 ], [ -41.603935000087482, -10.717186999777205 ], [ -41.603906999347785, -10.717104999891076 ], [ -41.603551999792408, -10.716166999887266 ] ] } },
{ "type": "Feature", "properties": { "NAME": "EIXO_ACESSO", "LAYER": "Unknown Line Type", "FID_1": 0, "ESTRUTURA": "EIXO_ACESSO", "COMP": 71.9084, "KML_STYLE": "track001", "Shape_Leng": 95.039211591500006 }, "geometry": { "type": "LineString", "coordinates": [ [ -41.603890999746625, -10.718546999892714 ], [ -41.603888999889321, -10.718539000395698 ], [ -41.603883999981413, -10.718521000290272 ], [ -41.603880000178272, -10.718501999729828 ], [ -41.603876999323987, -10.718484000069832 ], [ -41.603872999530019, -10.71846500041252 ], [ -41.603870000164683, -10.718445999615124 ], [ -41.603867999747841, -10.718427999718328 ], [ -41.603864999477878, -10.718408999831825 ], [ -41.603862999643965, -10.718389999708833 ], [ -41.603860999810585, -10.718370999585765 ], [ -41.603859999507172, -10.718352000137411 ], [ -41.60385900011002, -10.718332999777891 ], [ -41.603857999807424, -10.718314000329451 ], [ -41.603857999350637, -10.718295999967212 ], [ -41.603857999483822, -10.718277000282443 ], [ -41.603857999609559, -10.71825799969417 ], [ -41.603859000178225, -10.718238999773158 ], [ -41.603859999833467, -10.718219999859789 ], [ -41.603860999488866, -10.718200999946424 ], [ -41.603862999579142, -10.718181999796894 ], [ -41.603864999669462, -10.71816299964739 ], [ -41.603867000091327, -10.718144999716264 ], [ -41.603869999710376, -10.718126000241776 ], [ -41.603872999321609, -10.718106999863851 ], [ -41.603875999854033, -10.718088000381782 ], [ -41.603880000230916, -10.718069999986142 ], [ -41.603954999576409, -10.717700000136961 ] ] } },
{ "type": "Feature", "properties": { "NAME": "EIXO_ACESSO", "LAYER": "Unknown Line Type", "FID_1": 0, "ESTRUTURA": "EIXO_ACESSO", "COMP": 71.9084, "KML_STYLE": "track001", "Shape_Leng": 185.255738495 }, "geometry": { "type": "LineString", "coordinates": [ [ -41.604370999524811, -10.720143999829114 ], [ -41.604367999604207, -10.720139999652744 ], [ -41.604356999457522, -10.720123999618609 ], [ -41.604345999646753, -10.720108999801685 ], [ -41.604335999950919, -10.720093000430536 ], [ -41.604325999913975, -10.720075999937421 ], [ -41.604316000212812, -10.720059999661622 ], [ -41.604307000047491, -10.720044000057305 ], [ -41.604297999548812, -10.720027000234593 ], [ -41.604288999964901, -10.720010000403711 ], [ -41.604279999460843, -10.719992999676498 ], [ -41.604271999405995, -10.719975999613361 ], [ -41.604263999352227, -10.719958999549791 ], [ -41.604256000220836, -10.719942000381636 ], [ -41.604248999361602, -10.719923999868135 ], [ -41.604241999751132, -10.719906999564575 ], [ -41.604234999815276, -10.71988899994617 ], [ -41.604228999406864, -10.719871000096385 ], [ -41.604222999912977, -10.719853000238672 ], [ -41.604216999506441, -10.719835000388281 ], [ -41.604211999540695, -10.719817000299038 ], [ -41.604206999575752, -10.719799000209559 ], [ -41.604202000191314, -10.719779999894177 ], [ -41.603890999746625, -10.718546999892714 ] ] } },
{ "type": "Feature", "properties": { "NAME": "EIXO_ACESSO", "LAYER": "Unknown Line Type", "FID_1": 0, "ESTRUTURA": "EIXO_ACESSO", "COMP": 71.9084, "KML_STYLE": "track001", "Shape_Leng": 134.360830201 }, "geometry": { "type": "LineString", "coordinates": [ [ -41.605079999964829, -10.721135000369534 ], [ -41.604370999524811, -10.720143999829114 ] ] } },
{ "type": "Feature", "properties": { "NAME": "EIXO_ACESSO", "LAYER": "Unknown Line Type", "FID_1": 0, "ESTRUTURA": "EIXO_ACESSO", "COMP": 71.9084, "KML_STYLE": "track001", "Shape_Leng": 235.04857474 }, "geometry": { "type": "LineString", "coordinates": [ [ -41.572385999862696, -10.703123000099925 ], [ -41.572318999449074, -10.703065999582122 ], [ -41.572246999912188, -10.703013999957212 ], [ -41.572170999823911, -10.702967000210998 ], [ -41.572092000012717, -10.702926999802443 ], [ -41.572009999567186, -10.702893999641336 ], [ -41.571925000101743, -10.702867000371114 ], [ -41.571838999887291, -10.702847000206882 ], [ -41.571750999429845, -10.702834000166261 ], [ -41.571661999345572, -10.702829000372054 ], [ -41.571572999609536, -10.702830000216354 ], [ -41.571484999925119, -10.702837999831756 ], [ -41.571397000090236, -10.702853999584663 ], [ -41.570342000103714, -10.703083999594408 ] ] } },
{ "type": "Feature", "properties": { "NAME": "EIXO_ACESSO", "LAYER": "Unknown Line Type", "FID_1": 0, "ESTRUTURA": "EIXO_ACESSO", "COMP": 71.9084, "KML_STYLE": "track001", "Shape_Leng": 344.74217105899999 }, "geometry": { "type": "LineString", "coordinates": [ [ -41.574424999582078, -10.705418999883074 ], [ -41.574415999947185, -10.705338999620848 ], [ -41.574400999659993, -10.705259000130951 ], [ -41.574380999573172, -10.705180999956504 ], [ -41.574353999557765, -10.705104000012474 ], [ -41.574321999973492, -10.70502999962134 ], [ -41.574284000191952, -10.704957999573562 ], [ -41.57424099993969, -10.704888999984854 ], [ -41.57419299943377, -10.704824000191079 ], [ -41.574139999364597, -10.704761999940182 ], [ -41.574082999463016, -10.704704000252262 ], [ -41.572385999862696, -10.703123000099925 ] ] } },
{ "type": "Feature", "properties": { "NAME": "EIXO_ACESSO", "LAYER": "Unknown Line Type", "FID_1": 0, "ESTRUTURA": "EIXO_ACESSO", "COMP": 71.9084, "KML_STYLE": "track001", "Shape_Leng": 222.75946178500001 }, "geometry": { "type": "LineString", "coordinates": [ [ -41.574564000083342, -10.707427000005266 ], [ -41.574424999582078, -10.705418999883074 ] ] } }
]
}
